claim_id,split,claim_class,variation,filename,relative_path
CLM-00977,train,Invalid Claim,1,CLM-00977_v1.png,train/invalid/CLM-00977_v1.png
CLM-00977,train,Invalid Claim,2,CLM-00977_v2.png,train/invalid/CLM-00977_v2.png
CLM-00748,train,Invalid Claim,1,CLM-00748_v1.png,train/invalid/CLM-00748_v1.png
CLM-00748,train,Invalid Claim,2,CLM-00748_v2.png,train/invalid/CLM-00748_v2.png
CLM-00699,train,Invalid Claim,1,CLM-00699_v1.png,train/invalid/CLM-00699_v1.png
CLM-00699,train,Invalid Claim,2,CLM-00699_v2.png,train/invalid/CLM-00699_v2.png
CLM-00723,train,Invalid Claim,1,CLM-00723_v1.png,train/invalid/CLM-00723_v1.png
CLM-00723,train,Invalid Claim,2,CLM-00723_v2.png,train/invalid/CLM-00723_v2.png
CLM-00163,train,Valid Claim,1,CLM-00163_v1.png,train/valid/CLM-00163_v1.png
CLM-00163,train,Valid Claim,2,CLM-00163_v2.png,train/valid/CLM-00163_v2.png
CLM-00846,train,Invalid Claim,1,CLM-00846_v1.png,train/invalid/CLM-00846_v1.png
CLM-00846,train,Invalid Claim,2,CLM-00846_v2.png,train/invalid/CLM-00846_v2.png
CLM-00188,train,Valid Claim,1,CLM-00188_v1.png,train/valid/CLM-00188_v1.png
CLM-00188,train,Valid Claim,2,CLM-00188_v2.png,train/valid/CLM-00188_v2.png
CLM-00664,train,Invalid Claim,1,CLM-00664_v1.png,train/invalid/CLM-00664_v1.png
CLM-00664,train,Invalid Claim,2,CLM-00664_v2.png,train/invalid/CLM-00664_v2.png
CLM-00478,train,Valid Claim,1,CLM-00478_v1.png,train/valid/CLM-00478_v1.png
CLM-00478,train,Valid Claim,2,CLM-00478_v2.png,train/valid/CLM-00478_v2.png
CLM-01197,train,Manual Review,1,CLM-01197_v1.png,train/manual_review/CLM-01197_v1.png
CLM-01197,train,Manual Review,2,CLM-01197_v2.png,train/manual_review/CLM-01197_v2.png
CLM-00688,train,Invalid Claim,1,CLM-00688_v1.png,train/invalid/CLM-00688_v1.png
CLM-00688,train,Invalid Claim,2,CLM-00688_v2.png,train/invalid/CLM-00688_v2.png
CLM-00813,train,Invalid Claim,1,CLM-00813_v1.png,train/invalid/CLM-00813_v1.png
CLM-00813,train,Invalid Claim,2,CLM-00813_v2.png,train/invalid/CLM-00813_v2.png
CLM-00447,train,Valid Claim,1,CLM-00447_v1.png,train/valid/CLM-00447_v1.png
CLM-00447,train,Valid Claim,2,CLM-00447_v2.png,train/valid/CLM-00447_v2.png
CLM-00990,train,Invalid Claim,1,CLM-00990_v1.png,train/invalid/CLM-00990_v1.png
CLM-00990,train,Invalid Claim,2,CLM-00990_v2.png,train/invalid/CLM-00990_v2.png
CLM-00885,train,Invalid Claim,1,CLM-00885_v1.png,train/invalid/CLM-00885_v1.png
CLM-00885,train,Invalid Claim,2,CLM-00885_v2.png,train/invalid/CLM-00885_v2.png
CLM-01223,train,Manual Review,1,CLM-01223_v1.png,train/manual_review/CLM-01223_v1.png
CLM-01223,train,Manual Review,2,CLM-01223_v2.png,train/manual_review/CLM-01223_v2.png
CLM-00918,train,Invalid Claim,1,CLM-00918_v1.png,train/invalid/CLM-00918_v1.png
CLM-00918,train,Invalid Claim,2,CLM-00918_v2.png,train/invalid/CLM-00918_v2.png
CLM-00527,train,Invalid Claim,1,CLM-00527_v1.png,train/invalid/CLM-00527_v1.png
CLM-00527,train,Invalid Claim,2,CLM-00527_v2.png,train/invalid/CLM-00527_v2.png
CLM-01012,train,Manual Review,1,CLM-01012_v1.png,train/manual_review/CLM-01012_v1.png
CLM-01012,train,Manual Review,2,CLM-01012_v2.png,train/manual_review/CLM-01012_v2.png
CLM-00906,train,Invalid Claim,1,CLM-00906_v1.png,train/invalid/CLM-00906_v1.png
CLM-00906,train,Invalid Claim,2,CLM-00906_v2.png,train/invalid/CLM-00906_v2.png
CLM-00302,train,Valid Claim,1,CLM-00302_v1.png,train/valid/CLM-00302_v1.png
CLM-00302,train,Valid Claim,2,CLM-00302_v2.png,train/valid/CLM-00302_v2.png
CLM-01047,train,Manual Review,1,CLM-01047_v1.png,train/manual_review/CLM-01047_v1.png
CLM-01047,train,Manual Review,2,CLM-01047_v2.png,train/manual_review/CLM-01047_v2.png
CLM-01477,train,Manual Review,1,CLM-01477_v1.png,train/manual_review/CLM-01477_v1.png
CLM-01477,train,Manual Review,2,CLM-01477_v2.png,train/manual_review/CLM-01477_v2.png
CLM-01366,train,Manual Review,1,CLM-01366_v1.png,train/manual_review/CLM-01366_v1.png
CLM-01366,train,Manual Review,2,CLM-01366_v2.png,train/manual_review/CLM-01366_v2.png
CLM-00767,train,Invalid Claim,1,CLM-00767_v1.png,train/invalid/CLM-00767_v1.png
CLM-00767,train,Invalid Claim,2,CLM-00767_v2.png,train/invalid/CLM-00767_v2.png
CLM-00472,train,Valid Claim,1,CLM-00472_v1.png,train/valid/CLM-00472_v1.png
CLM-00472,train,Valid Claim,2,CLM-00472_v2.png,train/valid/CLM-00472_v2.png
CLM-00042,train,Valid Claim,1,CLM-00042_v1.png,train/valid/CLM-00042_v1.png
CLM-00042,train,Valid Claim,2,CLM-00042_v2.png,train/valid/CLM-00042_v2.png
CLM-00128,train,Valid Claim,1,CLM-00128_v1.png,train/valid/CLM-00128_v1.png
CLM-00128,train,Valid Claim,2,CLM-00128_v2.png,train/valid/CLM-00128_v2.png
CLM-00076,train,Valid Claim,1,CLM-00076_v1.png,train/valid/CLM-00076_v1.png
CLM-00076,train,Valid Claim,2,CLM-00076_v2.png,train/valid/CLM-00076_v2.png
CLM-00495,train,Valid Claim,1,CLM-00495_v1.png,train/valid/CLM-00495_v1.png
CLM-00495,train,Valid Claim,2,CLM-00495_v2.png,train/valid/CLM-00495_v2.png
CLM-00400,train,Valid Claim,1,CLM-00400_v1.png,train/valid/CLM-00400_v1.png
CLM-00400,train,Valid Claim,2,CLM-00400_v2.png,train/valid/CLM-00400_v2.png
CLM-00621,train,Invalid Claim,1,CLM-00621_v1.png,train/invalid/CLM-00621_v1.png
CLM-00621,train,Invalid Claim,2,CLM-00621_v2.png,train/invalid/CLM-00621_v2.png
CLM-00766,train,Invalid Claim,1,CLM-00766_v1.png,train/invalid/CLM-00766_v1.png
CLM-00766,train,Invalid Claim,2,CLM-00766_v2.png,train/invalid/CLM-00766_v2.png
CLM-01409,train,Manual Review,1,CLM-01409_v1.png,train/manual_review/CLM-01409_v1.png
CLM-01409,train,Manual Review,2,CLM-01409_v2.png,train/manual_review/CLM-01409_v2.png
CLM-00300,train,Valid Claim,1,CLM-00300_v1.png,train/valid/CLM-00300_v1.png
CLM-00300,train,Valid Claim,2,CLM-00300_v2.png,train/valid/CLM-00300_v2.png
CLM-01241,train,Manual Review,1,CLM-01241_v1.png,train/manual_review/CLM-01241_v1.png
CLM-01241,train,Manual Review,2,CLM-01241_v2.png,train/manual_review/CLM-01241_v2.png
CLM-00584,train,Invalid Claim,1,CLM-00584_v1.png,train/invalid/CLM-00584_v1.png
CLM-00584,train,Invalid Claim,2,CLM-00584_v2.png,train/invalid/CLM-00584_v2.png
CLM-00005,train,Valid Claim,1,CLM-00005_v1.png,train/valid/CLM-00005_v1.png
CLM-00005,train,Valid Claim,2,CLM-00005_v2.png,train/valid/CLM-00005_v2.png
CLM-01199,train,Manual Review,1,CLM-01199_v1.png,train/manual_review/CLM-01199_v1.png
CLM-01199,train,Manual Review,2,CLM-01199_v2.png,train/manual_review/CLM-01199_v2.png
CLM-00152,train,Valid Claim,1,CLM-00152_v1.png,train/valid/CLM-00152_v1.png
CLM-00152,train,Valid Claim,2,CLM-00152_v2.png,train/valid/CLM-00152_v2.png
CLM-01468,train,Manual Review,1,CLM-01468_v1.png,train/manual_review/CLM-01468_v1.png
CLM-01468,train,Manual Review,2,CLM-01468_v2.png,train/manual_review/CLM-01468_v2.png
CLM-01054,train,Manual Review,1,CLM-01054_v1.png,train/manual_review/CLM-01054_v1.png
CLM-01054,train,Manual Review,2,CLM-01054_v2.png,train/manual_review/CLM-01054_v2.png
CLM-00562,train,Invalid Claim,1,CLM-00562_v1.png,train/invalid/CLM-00562_v1.png
CLM-00562,train,Invalid Claim,2,CLM-00562_v2.png,train/invalid/CLM-00562_v2.png
CLM-00815,train,Invalid Claim,1,CLM-00815_v1.png,train/invalid/CLM-00815_v1.png
CLM-00815,train,Invalid Claim,2,CLM-00815_v2.png,train/invalid/CLM-00815_v2.png
CLM-00418,train,Valid Claim,1,CLM-00418_v1.png,train/valid/CLM-00418_v1.png
CLM-00418,train,Valid Claim,2,CLM-00418_v2.png,train/valid/CLM-00418_v2.png
CLM-00283,train,Valid Claim,1,CLM-00283_v1.png,train/valid/CLM-00283_v1.png
CLM-00283,train,Valid Claim,2,CLM-00283_v2.png,train/valid/CLM-00283_v2.png
CLM-00109,train,Valid Claim,1,CLM-00109_v1.png,train/valid/CLM-00109_v1.png
CLM-00109,train,Valid Claim,2,CLM-00109_v2.png,train/valid/CLM-00109_v2.png
CLM-00590,train,Invalid Claim,1,CLM-00590_v1.png,train/invalid/CLM-00590_v1.png
CLM-00590,train,Invalid Claim,2,CLM-00590_v2.png,train/invalid/CLM-00590_v2.png
CLM-01319,train,Manual Review,1,CLM-01319_v1.png,train/manual_review/CLM-01319_v1.png
CLM-01319,train,Manual Review,2,CLM-01319_v2.png,train/manual_review/CLM-01319_v2.png
CLM-01355,train,Manual Review,1,CLM-01355_v1.png,train/manual_review/CLM-01355_v1.png
CLM-01355,train,Manual Review,2,CLM-01355_v2.png,train/manual_review/CLM-01355_v2.png
CLM-01230,train,Manual Review,1,CLM-01230_v1.png,train/manual_review/CLM-01230_v1.png
CLM-01230,train,Manual Review,2,CLM-01230_v2.png,train/manual_review/CLM-01230_v2.png
CLM-00413,train,Valid Claim,1,CLM-00413_v1.png,train/valid/CLM-00413_v1.png
CLM-00413,train,Valid Claim,2,CLM-00413_v2.png,train/valid/CLM-00413_v2.png
CLM-01387,train,Manual Review,1,CLM-01387_v1.png,train/manual_review/CLM-01387_v1.png
CLM-01387,train,Manual Review,2,CLM-01387_v2.png,train/manual_review/CLM-01387_v2.png
CLM-01189,train,Manual Review,1,CLM-01189_v1.png,train/manual_review/CLM-01189_v1.png
CLM-01189,train,Manual Review,2,CLM-01189_v2.png,train/manual_review/CLM-01189_v2.png
CLM-00566,train,Invalid Claim,1,CLM-00566_v1.png,train/invalid/CLM-00566_v1.png
CLM-00566,train,Invalid Claim,2,CLM-00566_v2.png,train/invalid/CLM-00566_v2.png
CLM-00669,train,Invalid Claim,1,CLM-00669_v1.png,train/invalid/CLM-00669_v1.png
CLM-00669,train,Invalid Claim,2,CLM-00669_v2.png,train/invalid/CLM-00669_v2.png
CLM-00193,train,Valid Claim,1,CLM-00193_v1.png,train/valid/CLM-00193_v1.png
CLM-00193,train,Valid Claim,2,CLM-00193_v2.png,train/valid/CLM-00193_v2.png
CLM-00130,train,Valid Claim,1,CLM-00130_v1.png,train/valid/CLM-00130_v1.png
CLM-00130,train,Valid Claim,2,CLM-00130_v2.png,train/valid/CLM-00130_v2.png
CLM-00682,train,Invalid Claim,1,CLM-00682_v1.png,train/invalid/CLM-00682_v1.png
CLM-00682,train,Invalid Claim,2,CLM-00682_v2.png,train/invalid/CLM-00682_v2.png
CLM-01290,train,Manual Review,1,CLM-01290_v1.png,train/manual_review/CLM-01290_v1.png
CLM-01290,train,Manual Review,2,CLM-01290_v2.png,train/manual_review/CLM-01290_v2.png
CLM-01200,train,Manual Review,1,CLM-01200_v1.png,train/manual_review/CLM-01200_v1.png
CLM-01200,train,Manual Review,2,CLM-01200_v2.png,train/manual_review/CLM-01200_v2.png
CLM-00873,train,Invalid Claim,1,CLM-00873_v1.png,train/invalid/CLM-00873_v1.png
CLM-00873,train,Invalid Claim,2,CLM-00873_v2.png,train/invalid/CLM-00873_v2.png
CLM-00677,train,Invalid Claim,1,CLM-00677_v1.png,train/invalid/CLM-00677_v1.png
CLM-00677,train,Invalid Claim,2,CLM-00677_v2.png,train/invalid/CLM-00677_v2.png
CLM-00704,train,Invalid Claim,1,CLM-00704_v1.png,train/invalid/CLM-00704_v1.png
CLM-00704,train,Invalid Claim,2,CLM-00704_v2.png,train/invalid/CLM-00704_v2.png
CLM-00166,train,Valid Claim,1,CLM-00166_v1.png,train/valid/CLM-00166_v1.png
CLM-00166,train,Valid Claim,2,CLM-00166_v2.png,train/valid/CLM-00166_v2.png
CLM-01110,train,Manual Review,1,CLM-01110_v1.png,train/manual_review/CLM-01110_v1.png
CLM-01110,train,Manual Review,2,CLM-01110_v2.png,train/manual_review/CLM-01110_v2.png
CLM-00534,train,Invalid Claim,1,CLM-00534_v1.png,train/invalid/CLM-00534_v1.png
CLM-00534,train,Invalid Claim,2,CLM-00534_v2.png,train/invalid/CLM-00534_v2.png
CLM-01019,train,Manual Review,1,CLM-01019_v1.png,train/manual_review/CLM-01019_v1.png
CLM-01019,train,Manual Review,2,CLM-01019_v2.png,train/manual_review/CLM-01019_v2.png
CLM-01060,train,Manual Review,1,CLM-01060_v1.png,train/manual_review/CLM-01060_v1.png
CLM-01060,train,Manual Review,2,CLM-01060_v2.png,train/manual_review/CLM-01060_v2.png
CLM-00754,train,Invalid Claim,1,CLM-00754_v1.png,train/invalid/CLM-00754_v1.png
CLM-00754,train,Invalid Claim,2,CLM-00754_v2.png,train/invalid/CLM-00754_v2.png
CLM-00514,train,Invalid Claim,1,CLM-00514_v1.png,train/invalid/CLM-00514_v1.png
CLM-00514,train,Invalid Claim,2,CLM-00514_v2.png,train/invalid/CLM-00514_v2.png
CLM-01217,train,Manual Review,1,CLM-01217_v1.png,train/manual_review/CLM-01217_v1.png
CLM-01217,train,Manual Review,2,CLM-01217_v2.png,train/manual_review/CLM-01217_v2.png
CLM-00947,train,Invalid Claim,1,CLM-00947_v1.png,train/invalid/CLM-00947_v1.png
CLM-00947,train,Invalid Claim,2,CLM-00947_v2.png,train/invalid/CLM-00947_v2.png
CLM-01433,train,Manual Review,1,CLM-01433_v1.png,train/manual_review/CLM-01433_v1.png
CLM-01433,train,Manual Review,2,CLM-01433_v2.png,train/manual_review/CLM-01433_v2.png
CLM-00546,train,Invalid Claim,1,CLM-00546_v1.png,train/invalid/CLM-00546_v1.png
CLM-00546,train,Invalid Claim,2,CLM-00546_v2.png,train/invalid/CLM-00546_v2.png
CLM-00034,train,Valid Claim,1,CLM-00034_v1.png,train/valid/CLM-00034_v1.png
CLM-00034,train,Valid Claim,2,CLM-00034_v2.png,train/valid/CLM-00034_v2.png
CLM-01141,train,Manual Review,1,CLM-01141_v1.png,train/manual_review/CLM-01141_v1.png
CLM-01141,train,Manual Review,2,CLM-01141_v2.png,train/manual_review/CLM-01141_v2.png
CLM-00430,train,Valid Claim,1,CLM-00430_v1.png,train/valid/CLM-00430_v1.png
CLM-00430,train,Valid Claim,2,CLM-00430_v2.png,train/valid/CLM-00430_v2.png
CLM-01149,train,Manual Review,1,CLM-01149_v1.png,train/manual_review/CLM-01149_v1.png
CLM-01149,train,Manual Review,2,CLM-01149_v2.png,train/manual_review/CLM-01149_v2.png
CLM-00670,train,Invalid Claim,1,CLM-00670_v1.png,train/invalid/CLM-00670_v1.png
CLM-00670,train,Invalid Claim,2,CLM-00670_v2.png,train/invalid/CLM-00670_v2.png
CLM-00314,train,Valid Claim,1,CLM-00314_v1.png,train/valid/CLM-00314_v1.png
CLM-00314,train,Valid Claim,2,CLM-00314_v2.png,train/valid/CLM-00314_v2.png
CLM-01094,train,Manual Review,1,CLM-01094_v1.png,train/manual_review/CLM-01094_v1.png
CLM-01094,train,Manual Review,2,CLM-01094_v2.png,train/manual_review/CLM-01094_v2.png
CLM-00798,train,Invalid Claim,1,CLM-00798_v1.png,train/invalid/CLM-00798_v1.png
CLM-00798,train,Invalid Claim,2,CLM-00798_v2.png,train/invalid/CLM-00798_v2.png
CLM-00129,train,Valid Claim,1,CLM-00129_v1.png,train/valid/CLM-00129_v1.png
CLM-00129,train,Valid Claim,2,CLM-00129_v2.png,train/valid/CLM-00129_v2.png
CLM-00960,train,Invalid Claim,1,CLM-00960_v1.png,train/invalid/CLM-00960_v1.png
CLM-00960,train,Invalid Claim,2,CLM-00960_v2.png,train/invalid/CLM-00960_v2.png
CLM-00267,train,Valid Claim,1,CLM-00267_v1.png,train/valid/CLM-00267_v1.png
CLM-00267,train,Valid Claim,2,CLM-00267_v2.png,train/valid/CLM-00267_v2.png
CLM-01293,train,Manual Review,1,CLM-01293_v1.png,train/manual_review/CLM-01293_v1.png
CLM-01293,train,Manual Review,2,CLM-01293_v2.png,train/manual_review/CLM-01293_v2.png
CLM-01406,train,Manual Review,1,CLM-01406_v1.png,train/manual_review/CLM-01406_v1.png
CLM-01406,train,Manual Review,2,CLM-01406_v2.png,train/manual_review/CLM-01406_v2.png
CLM-00313,train,Valid Claim,1,CLM-00313_v1.png,train/valid/CLM-00313_v1.png
CLM-00313,train,Valid Claim,2,CLM-00313_v2.png,train/valid/CLM-00313_v2.png
CLM-00183,train,Valid Claim,1,CLM-00183_v1.png,train/valid/CLM-00183_v1.png
CLM-00183,train,Valid Claim,2,CLM-00183_v2.png,train/valid/CLM-00183_v2.png
CLM-00120,train,Valid Claim,1,CLM-00120_v1.png,train/valid/CLM-00120_v1.png
CLM-00120,train,Valid Claim,2,CLM-00120_v2.png,train/valid/CLM-00120_v2.png
CLM-01030,train,Manual Review,1,CLM-01030_v1.png,train/manual_review/CLM-01030_v1.png
CLM-01030,train,Manual Review,2,CLM-01030_v2.png,train/manual_review/CLM-01030_v2.png
CLM-00351,train,Valid Claim,1,CLM-00351_v1.png,train/valid/CLM-00351_v1.png
CLM-00351,train,Valid Claim,2,CLM-00351_v2.png,train/valid/CLM-00351_v2.png
CLM-00091,train,Valid Claim,1,CLM-00091_v1.png,train/valid/CLM-00091_v1.png
CLM-00091,train,Valid Claim,2,CLM-00091_v2.png,train/valid/CLM-00091_v2.png
CLM-00649,train,Invalid Claim,1,CLM-00649_v1.png,train/invalid/CLM-00649_v1.png
CLM-00649,train,Invalid Claim,2,CLM-00649_v2.png,train/invalid/CLM-00649_v2.png
CLM-01310,train,Manual Review,1,CLM-01310_v1.png,train/manual_review/CLM-01310_v1.png
CLM-01310,train,Manual Review,2,CLM-01310_v2.png,train/manual_review/CLM-01310_v2.png
CLM-01103,train,Manual Review,1,CLM-01103_v1.png,train/manual_review/CLM-01103_v1.png
CLM-01103,train,Manual Review,2,CLM-01103_v2.png,train/manual_review/CLM-01103_v2.png
CLM-00896,train,Invalid Claim,1,CLM-00896_v1.png,train/invalid/CLM-00896_v1.png
CLM-00896,train,Invalid Claim,2,CLM-00896_v2.png,train/invalid/CLM-00896_v2.png
CLM-00142,train,Valid Claim,1,CLM-00142_v1.png,train/valid/CLM-00142_v1.png
CLM-00142,train,Valid Claim,2,CLM-00142_v2.png,train/valid/CLM-00142_v2.png
CLM-00985,train,Invalid Claim,1,CLM-00985_v1.png,train/invalid/CLM-00985_v1.png
CLM-00985,train,Invalid Claim,2,CLM-00985_v2.png,train/invalid/CLM-00985_v2.png
CLM-00494,train,Valid Claim,1,CLM-00494_v1.png,train/valid/CLM-00494_v1.png
CLM-00494,train,Valid Claim,2,CLM-00494_v2.png,train/valid/CLM-00494_v2.png
CLM-00065,train,Valid Claim,1,CLM-00065_v1.png,train/valid/CLM-00065_v1.png
CLM-00065,train,Valid Claim,2,CLM-00065_v2.png,train/valid/CLM-00065_v2.png
CLM-00755,train,Invalid Claim,1,CLM-00755_v1.png,train/invalid/CLM-00755_v1.png
CLM-00755,train,Invalid Claim,2,CLM-00755_v2.png,train/invalid/CLM-00755_v2.png
CLM-00892,train,Invalid Claim,1,CLM-00892_v1.png,train/invalid/CLM-00892_v1.png
CLM-00892,train,Invalid Claim,2,CLM-00892_v2.png,train/invalid/CLM-00892_v2.png
CLM-00482,train,Valid Claim,1,CLM-00482_v1.png,train/valid/CLM-00482_v1.png
CLM-00482,train,Valid Claim,2,CLM-00482_v2.png,train/valid/CLM-00482_v2.png
CLM-00498,train,Valid Claim,1,CLM-00498_v1.png,train/valid/CLM-00498_v1.png
CLM-00498,train,Valid Claim,2,CLM-00498_v2.png,train/valid/CLM-00498_v2.png
CLM-01416,train,Manual Review,1,CLM-01416_v1.png,train/manual_review/CLM-01416_v1.png
CLM-01416,train,Manual Review,2,CLM-01416_v2.png,train/manual_review/CLM-01416_v2.png
CLM-00409,train,Valid Claim,1,CLM-00409_v1.png,train/valid/CLM-00409_v1.png
CLM-00409,train,Valid Claim,2,CLM-00409_v2.png,train/valid/CLM-00409_v2.png
CLM-00392,train,Valid Claim,1,CLM-00392_v1.png,train/valid/CLM-00392_v1.png
CLM-00392,train,Valid Claim,2,CLM-00392_v2.png,train/valid/CLM-00392_v2.png
CLM-00666,train,Invalid Claim,1,CLM-00666_v1.png,train/invalid/CLM-00666_v1.png
CLM-00666,train,Invalid Claim,2,CLM-00666_v2.png,train/invalid/CLM-00666_v2.png
CLM-01024,train,Manual Review,1,CLM-01024_v1.png,train/manual_review/CLM-01024_v1.png
CLM-01024,train,Manual Review,2,CLM-01024_v2.png,train/manual_review/CLM-01024_v2.png
CLM-01026,train,Manual Review,1,CLM-01026_v1.png,train/manual_review/CLM-01026_v1.png
CLM-01026,train,Manual Review,2,CLM-01026_v2.png,train/manual_review/CLM-01026_v2.png
CLM-00369,train,Valid Claim,1,CLM-00369_v1.png,train/valid/CLM-00369_v1.png
CLM-00369,train,Valid Claim,2,CLM-00369_v2.png,train/valid/CLM-00369_v2.png
CLM-00209,train,Valid Claim,1,CLM-00209_v1.png,train/valid/CLM-00209_v1.png
CLM-00209,train,Valid Claim,2,CLM-00209_v2.png,train/valid/CLM-00209_v2.png
CLM-00734,train,Invalid Claim,1,CLM-00734_v1.png,train/invalid/CLM-00734_v1.png
CLM-00734,train,Invalid Claim,2,CLM-00734_v2.png,train/invalid/CLM-00734_v2.png
CLM-01055,train,Manual Review,1,CLM-01055_v1.png,train/manual_review/CLM-01055_v1.png
CLM-01055,train,Manual Review,2,CLM-01055_v2.png,train/manual_review/CLM-01055_v2.png
CLM-01254,train,Manual Review,1,CLM-01254_v1.png,train/manual_review/CLM-01254_v1.png
CLM-01254,train,Manual Review,2,CLM-01254_v2.png,train/manual_review/CLM-01254_v2.png
CLM-01104,train,Manual Review,1,CLM-01104_v1.png,train/manual_review/CLM-01104_v1.png
CLM-01104,train,Manual Review,2,CLM-01104_v2.png,train/manual_review/CLM-01104_v2.png
CLM-01076,train,Manual Review,1,CLM-01076_v1.png,train/manual_review/CLM-01076_v1.png
CLM-01076,train,Manual Review,2,CLM-01076_v2.png,train/manual_review/CLM-01076_v2.png
CLM-01340,train,Manual Review,1,CLM-01340_v1.png,train/manual_review/CLM-01340_v1.png
CLM-01340,train,Manual Review,2,CLM-01340_v2.png,train/manual_review/CLM-01340_v2.png
CLM-00742,train,Invalid Claim,1,CLM-00742_v1.png,train/invalid/CLM-00742_v1.png
CLM-00742,train,Invalid Claim,2,CLM-00742_v2.png,train/invalid/CLM-00742_v2.png
CLM-00698,train,Invalid Claim,1,CLM-00698_v1.png,train/invalid/CLM-00698_v1.png
CLM-00698,train,Invalid Claim,2,CLM-00698_v2.png,train/invalid/CLM-00698_v2.png
CLM-00611,train,Invalid Claim,1,CLM-00611_v1.png,train/invalid/CLM-00611_v1.png
CLM-00611,train,Invalid Claim,2,CLM-00611_v2.png,train/invalid/CLM-00611_v2.png
CLM-01211,train,Manual Review,1,CLM-01211_v1.png,train/manual_review/CLM-01211_v1.png
CLM-01211,train,Manual Review,2,CLM-01211_v2.png,train/manual_review/CLM-01211_v2.png
CLM-00290,train,Valid Claim,1,CLM-00290_v1.png,train/valid/CLM-00290_v1.png
CLM-00290,train,Valid Claim,2,CLM-00290_v2.png,train/valid/CLM-00290_v2.png
CLM-01021,train,Manual Review,1,CLM-01021_v1.png,train/manual_review/CLM-01021_v1.png
CLM-01021,train,Manual Review,2,CLM-01021_v2.png,train/manual_review/CLM-01021_v2.png
CLM-00483,train,Valid Claim,1,CLM-00483_v1.png,train/valid/CLM-00483_v1.png
CLM-00483,train,Valid Claim,2,CLM-00483_v2.png,train/valid/CLM-00483_v2.png
CLM-00415,train,Valid Claim,1,CLM-00415_v1.png,train/valid/CLM-00415_v1.png
CLM-00415,train,Valid Claim,2,CLM-00415_v2.png,train/valid/CLM-00415_v2.png
CLM-00331,train,Valid Claim,1,CLM-00331_v1.png,train/valid/CLM-00331_v1.png
CLM-00331,train,Valid Claim,2,CLM-00331_v2.png,train/valid/CLM-00331_v2.png
CLM-01052,train,Manual Review,1,CLM-01052_v1.png,train/manual_review/CLM-01052_v1.png
CLM-01052,train,Manual Review,2,CLM-01052_v2.png,train/manual_review/CLM-01052_v2.png
CLM-00060,train,Valid Claim,1,CLM-00060_v1.png,train/valid/CLM-00060_v1.png
CLM-00060,train,Valid Claim,2,CLM-00060_v2.png,train/valid/CLM-00060_v2.png
CLM-00196,train,Valid Claim,1,CLM-00196_v1.png,train/valid/CLM-00196_v1.png
CLM-00196,train,Valid Claim,2,CLM-00196_v2.png,train/valid/CLM-00196_v2.png
CLM-01098,train,Manual Review,1,CLM-01098_v1.png,train/manual_review/CLM-01098_v1.png
CLM-01098,train,Manual Review,2,CLM-01098_v2.png,train/manual_review/CLM-01098_v2.png
CLM-00156,train,Valid Claim,1,CLM-00156_v1.png,train/valid/CLM-00156_v1.png
CLM-00156,train,Valid Claim,2,CLM-00156_v2.png,train/valid/CLM-00156_v2.png
CLM-00807,train,Invalid Claim,1,CLM-00807_v1.png,train/invalid/CLM-00807_v1.png
CLM-00807,train,Invalid Claim,2,CLM-00807_v2.png,train/invalid/CLM-00807_v2.png
CLM-00444,train,Valid Claim,1,CLM-00444_v1.png,train/valid/CLM-00444_v1.png
CLM-00444,train,Valid Claim,2,CLM-00444_v2.png,train/valid/CLM-00444_v2.png
CLM-01072,train,Manual Review,1,CLM-01072_v1.png,train/manual_review/CLM-01072_v1.png
CLM-01072,train,Manual Review,2,CLM-01072_v2.png,train/manual_review/CLM-01072_v2.png
CLM-01118,train,Manual Review,1,CLM-01118_v1.png,train/manual_review/CLM-01118_v1.png
CLM-01118,train,Manual Review,2,CLM-01118_v2.png,train/manual_review/CLM-01118_v2.png
CLM-00199,train,Valid Claim,1,CLM-00199_v1.png,train/valid/CLM-00199_v1.png
CLM-00199,train,Valid Claim,2,CLM-00199_v2.png,train/valid/CLM-00199_v2.png
CLM-01106,train,Manual Review,1,CLM-01106_v1.png,train/manual_review/CLM-01106_v1.png
CLM-01106,train,Manual Review,2,CLM-01106_v2.png,train/manual_review/CLM-01106_v2.png
CLM-00346,train,Valid Claim,1,CLM-00346_v1.png,train/valid/CLM-00346_v1.png
CLM-00346,train,Valid Claim,2,CLM-00346_v2.png,train/valid/CLM-00346_v2.png
CLM-00202,train,Valid Claim,1,CLM-00202_v1.png,train/valid/CLM-00202_v1.png
CLM-00202,train,Valid Claim,2,CLM-00202_v2.png,train/valid/CLM-00202_v2.png
CLM-00401,train,Valid Claim,1,CLM-00401_v1.png,train/valid/CLM-00401_v1.png
CLM-00401,train,Valid Claim,2,CLM-00401_v2.png,train/valid/CLM-00401_v2.png
CLM-00261,train,Valid Claim,1,CLM-00261_v1.png,train/valid/CLM-00261_v1.png
CLM-00261,train,Valid Claim,2,CLM-00261_v2.png,train/valid/CLM-00261_v2.png
CLM-01465,train,Manual Review,1,CLM-01465_v1.png,train/manual_review/CLM-01465_v1.png
CLM-01465,train,Manual Review,2,CLM-01465_v2.png,train/manual_review/CLM-01465_v2.png
CLM-00105,train,Valid Claim,1,CLM-00105_v1.png,train/valid/CLM-00105_v1.png
CLM-00105,train,Valid Claim,2,CLM-00105_v2.png,train/valid/CLM-00105_v2.png
CLM-00725,train,Invalid Claim,1,CLM-00725_v1.png,train/invalid/CLM-00725_v1.png
CLM-00725,train,Invalid Claim,2,CLM-00725_v2.png,train/invalid/CLM-00725_v2.png
CLM-00068,train,Valid Claim,1,CLM-00068_v1.png,train/valid/CLM-00068_v1.png
CLM-00068,train,Valid Claim,2,CLM-00068_v2.png,train/valid/CLM-00068_v2.png
CLM-01306,train,Manual Review,1,CLM-01306_v1.png,train/manual_review/CLM-01306_v1.png
CLM-01306,train,Manual Review,2,CLM-01306_v2.png,train/manual_review/CLM-01306_v2.png
CLM-01479,train,Manual Review,1,CLM-01479_v1.png,train/manual_review/CLM-01479_v1.png
CLM-01479,train,Manual Review,2,CLM-01479_v2.png,train/manual_review/CLM-01479_v2.png
CLM-00731,train,Invalid Claim,1,CLM-00731_v1.png,train/invalid/CLM-00731_v1.png
CLM-00731,train,Invalid Claim,2,CLM-00731_v2.png,train/invalid/CLM-00731_v2.png
CLM-00225,train,Valid Claim,1,CLM-00225_v1.png,train/valid/CLM-00225_v1.png
CLM-00225,train,Valid Claim,2,CLM-00225_v2.png,train/valid/CLM-00225_v2.png
CLM-00457,train,Valid Claim,1,CLM-00457_v1.png,train/valid/CLM-00457_v1.png
CLM-00457,train,Valid Claim,2,CLM-00457_v2.png,train/valid/CLM-00457_v2.png
CLM-01064,train,Manual Review,1,CLM-01064_v1.png,train/manual_review/CLM-01064_v1.png
CLM-01064,train,Manual Review,2,CLM-01064_v2.png,train/manual_review/CLM-01064_v2.png
CLM-00460,train,Valid Claim,1,CLM-00460_v1.png,train/valid/CLM-00460_v1.png
CLM-00460,train,Valid Claim,2,CLM-00460_v2.png,train/valid/CLM-00460_v2.png
CLM-01275,train,Manual Review,1,CLM-01275_v1.png,train/manual_review/CLM-01275_v1.png
CLM-01275,train,Manual Review,2,CLM-01275_v2.png,train/manual_review/CLM-01275_v2.png
CLM-00907,train,Invalid Claim,1,CLM-00907_v1.png,train/invalid/CLM-00907_v1.png
CLM-00907,train,Invalid Claim,2,CLM-00907_v2.png,train/invalid/CLM-00907_v2.png
CLM-00998,train,Invalid Claim,1,CLM-00998_v1.png,train/invalid/CLM-00998_v1.png
CLM-00998,train,Invalid Claim,2,CLM-00998_v2.png,train/invalid/CLM-00998_v2.png
CLM-00836,train,Invalid Claim,1,CLM-00836_v1.png,train/invalid/CLM-00836_v1.png
CLM-00836,train,Invalid Claim,2,CLM-00836_v2.png,train/invalid/CLM-00836_v2.png
CLM-00779,train,Invalid Claim,1,CLM-00779_v1.png,train/invalid/CLM-00779_v1.png
CLM-00779,train,Invalid Claim,2,CLM-00779_v2.png,train/invalid/CLM-00779_v2.png
CLM-00583,train,Invalid Claim,1,CLM-00583_v1.png,train/invalid/CLM-00583_v1.png
CLM-00583,train,Invalid Claim,2,CLM-00583_v2.png,train/invalid/CLM-00583_v2.png
CLM-00693,train,Invalid Claim,1,CLM-00693_v1.png,train/invalid/CLM-00693_v1.png
CLM-00693,train,Invalid Claim,2,CLM-00693_v2.png,train/invalid/CLM-00693_v2.png
CLM-00069,train,Valid Claim,1,CLM-00069_v1.png,train/valid/CLM-00069_v1.png
CLM-00069,train,Valid Claim,2,CLM-00069_v2.png,train/valid/CLM-00069_v2.png
CLM-00712,train,Invalid Claim,1,CLM-00712_v1.png,train/invalid/CLM-00712_v1.png
CLM-00712,train,Invalid Claim,2,CLM-00712_v2.png,train/invalid/CLM-00712_v2.png
CLM-00336,train,Valid Claim,1,CLM-00336_v1.png,train/valid/CLM-00336_v1.png
CLM-00336,train,Valid Claim,2,CLM-00336_v2.png,train/valid/CLM-00336_v2.png
CLM-00746,train,Invalid Claim,1,CLM-00746_v1.png,train/invalid/CLM-00746_v1.png
CLM-00746,train,Invalid Claim,2,CLM-00746_v2.png,train/invalid/CLM-00746_v2.png
CLM-01434,train,Manual Review,1,CLM-01434_v1.png,train/manual_review/CLM-01434_v1.png
CLM-01434,train,Manual Review,2,CLM-01434_v2.png,train/manual_review/CLM-01434_v2.png
CLM-00334,train,Valid Claim,1,CLM-00334_v1.png,train/valid/CLM-00334_v1.png
CLM-00334,train,Valid Claim,2,CLM-00334_v2.png,train/valid/CLM-00334_v2.png
CLM-00913,train,Invalid Claim,1,CLM-00913_v1.png,train/invalid/CLM-00913_v1.png
CLM-00913,train,Invalid Claim,2,CLM-00913_v2.png,train/invalid/CLM-00913_v2.png
CLM-01195,train,Manual Review,1,CLM-01195_v1.png,train/manual_review/CLM-01195_v1.png
CLM-01195,train,Manual Review,2,CLM-01195_v2.png,train/manual_review/CLM-01195_v2.png
CLM-00560,train,Invalid Claim,1,CLM-00560_v1.png,train/invalid/CLM-00560_v1.png
CLM-00560,train,Invalid Claim,2,CLM-00560_v2.png,train/invalid/CLM-00560_v2.png
CLM-00268,train,Valid Claim,1,CLM-00268_v1.png,train/valid/CLM-00268_v1.png
CLM-00268,train,Valid Claim,2,CLM-00268_v2.png,train/valid/CLM-00268_v2.png
CLM-01271,train,Manual Review,1,CLM-01271_v1.png,train/manual_review/CLM-01271_v1.png
CLM-01271,train,Manual Review,2,CLM-01271_v2.png,train/manual_review/CLM-01271_v2.png
CLM-00671,train,Invalid Claim,1,CLM-00671_v1.png,train/invalid/CLM-00671_v1.png
CLM-00671,train,Invalid Claim,2,CLM-00671_v2.png,train/invalid/CLM-00671_v2.png
CLM-00992,train,Invalid Claim,1,CLM-00992_v1.png,train/invalid/CLM-00992_v1.png
CLM-00992,train,Invalid Claim,2,CLM-00992_v2.png,train/invalid/CLM-00992_v2.png
CLM-00899,train,Invalid Claim,1,CLM-00899_v1.png,train/invalid/CLM-00899_v1.png
CLM-00899,train,Invalid Claim,2,CLM-00899_v2.png,train/invalid/CLM-00899_v2.png
CLM-00465,train,Valid Claim,1,CLM-00465_v1.png,train/valid/CLM-00465_v1.png
CLM-00465,train,Valid Claim,2,CLM-00465_v2.png,train/valid/CLM-00465_v2.png
CLM-01025,train,Manual Review,1,CLM-01025_v1.png,train/manual_review/CLM-01025_v1.png
CLM-01025,train,Manual Review,2,CLM-01025_v2.png,train/manual_review/CLM-01025_v2.png
CLM-01023,train,Manual Review,1,CLM-01023_v1.png,train/manual_review/CLM-01023_v1.png
CLM-01023,train,Manual Review,2,CLM-01023_v2.png,train/manual_review/CLM-01023_v2.png
CLM-00178,train,Valid Claim,1,CLM-00178_v1.png,train/valid/CLM-00178_v1.png
CLM-00178,train,Valid Claim,2,CLM-00178_v2.png,train/valid/CLM-00178_v2.png
CLM-00589,train,Invalid Claim,1,CLM-00589_v1.png,train/invalid/CLM-00589_v1.png
CLM-00589,train,Invalid Claim,2,CLM-00589_v2.png,train/invalid/CLM-00589_v2.png
CLM-00644,train,Invalid Claim,1,CLM-00644_v1.png,train/invalid/CLM-00644_v1.png
CLM-00644,train,Invalid Claim,2,CLM-00644_v2.png,train/invalid/CLM-00644_v2.png
CLM-00852,train,Invalid Claim,1,CLM-00852_v1.png,train/invalid/CLM-00852_v1.png
CLM-00852,train,Invalid Claim,2,CLM-00852_v2.png,train/invalid/CLM-00852_v2.png
CLM-01134,train,Manual Review,1,CLM-01134_v1.png,train/manual_review/CLM-01134_v1.png
CLM-01134,train,Manual Review,2,CLM-01134_v2.png,train/manual_review/CLM-01134_v2.png
CLM-01403,train,Manual Review,1,CLM-01403_v1.png,train/manual_review/CLM-01403_v1.png
CLM-01403,train,Manual Review,2,CLM-01403_v2.png,train/manual_review/CLM-01403_v2.png
CLM-00214,train,Valid Claim,1,CLM-00214_v1.png,train/valid/CLM-00214_v1.png
CLM-00214,train,Valid Claim,2,CLM-00214_v2.png,train/valid/CLM-00214_v2.png
CLM-00357,train,Valid Claim,1,CLM-00357_v1.png,train/valid/CLM-00357_v1.png
CLM-00357,train,Valid Claim,2,CLM-00357_v2.png,train/valid/CLM-00357_v2.png
CLM-01062,train,Manual Review,1,CLM-01062_v1.png,train/manual_review/CLM-01062_v1.png
CLM-01062,train,Manual Review,2,CLM-01062_v2.png,train/manual_review/CLM-01062_v2.png
CLM-00172,train,Valid Claim,1,CLM-00172_v1.png,train/valid/CLM-00172_v1.png
CLM-00172,train,Valid Claim,2,CLM-00172_v2.png,train/valid/CLM-00172_v2.png
CLM-00307,train,Valid Claim,1,CLM-00307_v1.png,train/valid/CLM-00307_v1.png
CLM-00307,train,Valid Claim,2,CLM-00307_v2.png,train/valid/CLM-00307_v2.png
CLM-00928,train,Invalid Claim,1,CLM-00928_v1.png,train/invalid/CLM-00928_v1.png
CLM-00928,train,Invalid Claim,2,CLM-00928_v2.png,train/invalid/CLM-00928_v2.png
CLM-00135,train,Valid Claim,1,CLM-00135_v1.png,train/valid/CLM-00135_v1.png
CLM-00135,train,Valid Claim,2,CLM-00135_v2.png,train/valid/CLM-00135_v2.png
CLM-00288,train,Valid Claim,1,CLM-00288_v1.png,train/valid/CLM-00288_v1.png
CLM-00288,train,Valid Claim,2,CLM-00288_v2.png,train/valid/CLM-00288_v2.png
CLM-01323,train,Manual Review,1,CLM-01323_v1.png,train/manual_review/CLM-01323_v1.png
CLM-01323,train,Manual Review,2,CLM-01323_v2.png,train/manual_review/CLM-01323_v2.png
CLM-00137,train,Valid Claim,1,CLM-00137_v1.png,train/valid/CLM-00137_v1.png
CLM-00137,train,Valid Claim,2,CLM-00137_v2.png,train/valid/CLM-00137_v2.png
CLM-00046,train,Valid Claim,1,CLM-00046_v1.png,train/valid/CLM-00046_v1.png
CLM-00046,train,Valid Claim,2,CLM-00046_v2.png,train/valid/CLM-00046_v2.png
CLM-00131,train,Valid Claim,1,CLM-00131_v1.png,train/valid/CLM-00131_v1.png
CLM-00131,train,Valid Claim,2,CLM-00131_v2.png,train/valid/CLM-00131_v2.png
CLM-00353,train,Valid Claim,1,CLM-00353_v1.png,train/valid/CLM-00353_v1.png
CLM-00353,train,Valid Claim,2,CLM-00353_v2.png,train/valid/CLM-00353_v2.png
CLM-00473,train,Valid Claim,1,CLM-00473_v1.png,train/valid/CLM-00473_v1.png
CLM-00473,train,Valid Claim,2,CLM-00473_v2.png,train/valid/CLM-00473_v2.png
CLM-00753,train,Invalid Claim,1,CLM-00753_v1.png,train/invalid/CLM-00753_v1.png
CLM-00753,train,Invalid Claim,2,CLM-00753_v2.png,train/invalid/CLM-00753_v2.png
CLM-00710,train,Invalid Claim,1,CLM-00710_v1.png,train/invalid/CLM-00710_v1.png
CLM-00710,train,Invalid Claim,2,CLM-00710_v2.png,train/invalid/CLM-00710_v2.png
CLM-01137,train,Manual Review,1,CLM-01137_v1.png,train/manual_review/CLM-01137_v1.png
CLM-01137,train,Manual Review,2,CLM-01137_v2.png,train/manual_review/CLM-01137_v2.png
CLM-01080,train,Manual Review,1,CLM-01080_v1.png,train/manual_review/CLM-01080_v1.png
CLM-01080,train,Manual Review,2,CLM-01080_v2.png,train/manual_review/CLM-01080_v2.png
CLM-00549,train,Invalid Claim,1,CLM-00549_v1.png,train/invalid/CLM-00549_v1.png
CLM-00549,train,Invalid Claim,2,CLM-00549_v2.png,train/invalid/CLM-00549_v2.png
CLM-00958,train,Invalid Claim,1,CLM-00958_v1.png,train/invalid/CLM-00958_v1.png
CLM-00958,train,Invalid Claim,2,CLM-00958_v2.png,train/invalid/CLM-00958_v2.png
CLM-00787,train,Invalid Claim,1,CLM-00787_v1.png,train/invalid/CLM-00787_v1.png
CLM-00787,train,Invalid Claim,2,CLM-00787_v2.png,train/invalid/CLM-00787_v2.png
CLM-00909,train,Invalid Claim,1,CLM-00909_v1.png,train/invalid/CLM-00909_v1.png
CLM-00909,train,Invalid Claim,2,CLM-00909_v2.png,train/invalid/CLM-00909_v2.png
CLM-00729,train,Invalid Claim,1,CLM-00729_v1.png,train/invalid/CLM-00729_v1.png
CLM-00729,train,Invalid Claim,2,CLM-00729_v2.png,train/invalid/CLM-00729_v2.png
CLM-00880,train,Invalid Claim,1,CLM-00880_v1.png,train/invalid/CLM-00880_v1.png
CLM-00880,train,Invalid Claim,2,CLM-00880_v2.png,train/invalid/CLM-00880_v2.png
CLM-00393,train,Valid Claim,1,CLM-00393_v1.png,train/valid/CLM-00393_v1.png
CLM-00393,train,Valid Claim,2,CLM-00393_v2.png,train/valid/CLM-00393_v2.png
CLM-00580,train,Invalid Claim,1,CLM-00580_v1.png,train/invalid/CLM-00580_v1.png
CLM-00580,train,Invalid Claim,2,CLM-00580_v2.png,train/invalid/CLM-00580_v2.png
CLM-01289,train,Manual Review,1,CLM-01289_v1.png,train/manual_review/CLM-01289_v1.png
CLM-01289,train,Manual Review,2,CLM-01289_v2.png,train/manual_review/CLM-01289_v2.png
CLM-00979,train,Invalid Claim,1,CLM-00979_v1.png,train/invalid/CLM-00979_v1.png
CLM-00979,train,Invalid Claim,2,CLM-00979_v2.png,train/invalid/CLM-00979_v2.png
CLM-00793,train,Invalid Claim,1,CLM-00793_v1.png,train/invalid/CLM-00793_v1.png
CLM-00793,train,Invalid Claim,2,CLM-00793_v2.png,train/invalid/CLM-00793_v2.png
CLM-00951,train,Invalid Claim,1,CLM-00951_v1.png,train/invalid/CLM-00951_v1.png
CLM-00951,train,Invalid Claim,2,CLM-00951_v2.png,train/invalid/CLM-00951_v2.png
CLM-00500,train,Valid Claim,1,CLM-00500_v1.png,train/valid/CLM-00500_v1.png
CLM-00500,train,Valid Claim,2,CLM-00500_v2.png,train/valid/CLM-00500_v2.png
CLM-00564,train,Invalid Claim,1,CLM-00564_v1.png,train/invalid/CLM-00564_v1.png
CLM-00564,train,Invalid Claim,2,CLM-00564_v2.png,train/invalid/CLM-00564_v2.png
CLM-01251,train,Manual Review,1,CLM-01251_v1.png,train/manual_review/CLM-01251_v1.png
CLM-01251,train,Manual Review,2,CLM-01251_v2.png,train/manual_review/CLM-01251_v2.png
CLM-00481,train,Valid Claim,1,CLM-00481_v1.png,train/valid/CLM-00481_v1.png
CLM-00481,train,Valid Claim,2,CLM-00481_v2.png,train/valid/CLM-00481_v2.png
CLM-01388,train,Manual Review,1,CLM-01388_v1.png,train/manual_review/CLM-01388_v1.png
CLM-01388,train,Manual Review,2,CLM-01388_v2.png,train/manual_review/CLM-01388_v2.png
CLM-00903,train,Invalid Claim,1,CLM-00903_v1.png,train/invalid/CLM-00903_v1.png
CLM-00903,train,Invalid Claim,2,CLM-00903_v2.png,train/invalid/CLM-00903_v2.png
CLM-00760,train,Invalid Claim,1,CLM-00760_v1.png,train/invalid/CLM-00760_v1.png
CLM-00760,train,Invalid Claim,2,CLM-00760_v2.png,train/invalid/CLM-00760_v2.png
CLM-01346,train,Manual Review,1,CLM-01346_v1.png,train/manual_review/CLM-01346_v1.png
CLM-01346,train,Manual Review,2,CLM-01346_v2.png,train/manual_review/CLM-01346_v2.png
CLM-00875,train,Invalid Claim,1,CLM-00875_v1.png,train/invalid/CLM-00875_v1.png
CLM-00875,train,Invalid Claim,2,CLM-00875_v2.png,train/invalid/CLM-00875_v2.png
CLM-00299,train,Valid Claim,1,CLM-00299_v1.png,train/valid/CLM-00299_v1.png
CLM-00299,train,Valid Claim,2,CLM-00299_v2.png,train/valid/CLM-00299_v2.png
CLM-01272,train,Manual Review,1,CLM-01272_v1.png,train/manual_review/CLM-01272_v1.png
CLM-01272,train,Manual Review,2,CLM-01272_v2.png,train/manual_review/CLM-01272_v2.png
CLM-01411,train,Manual Review,1,CLM-01411_v1.png,train/manual_review/CLM-01411_v1.png
CLM-01411,train,Manual Review,2,CLM-01411_v2.png,train/manual_review/CLM-01411_v2.png
CLM-00597,train,Invalid Claim,1,CLM-00597_v1.png,train/invalid/CLM-00597_v1.png
CLM-00597,train,Invalid Claim,2,CLM-00597_v2.png,train/invalid/CLM-00597_v2.png
CLM-00571,train,Invalid Claim,1,CLM-00571_v1.png,train/invalid/CLM-00571_v1.png
CLM-00571,train,Invalid Claim,2,CLM-00571_v2.png,train/invalid/CLM-00571_v2.png
CLM-00917,train,Invalid Claim,1,CLM-00917_v1.png,train/invalid/CLM-00917_v1.png
CLM-00917,train,Invalid Claim,2,CLM-00917_v2.png,train/invalid/CLM-00917_v2.png
CLM-00022,train,Valid Claim,1,CLM-00022_v1.png,train/valid/CLM-00022_v1.png
CLM-00022,train,Valid Claim,2,CLM-00022_v2.png,train/valid/CLM-00022_v2.png
CLM-00171,train,Valid Claim,1,CLM-00171_v1.png,train/valid/CLM-00171_v1.png
CLM-00171,train,Valid Claim,2,CLM-00171_v2.png,train/valid/CLM-00171_v2.png
CLM-01363,train,Manual Review,1,CLM-01363_v1.png,train/manual_review/CLM-01363_v1.png
CLM-01363,train,Manual Review,2,CLM-01363_v2.png,train/manual_review/CLM-01363_v2.png
CLM-00519,train,Invalid Claim,1,CLM-00519_v1.png,train/invalid/CLM-00519_v1.png
CLM-00519,train,Invalid Claim,2,CLM-00519_v2.png,train/invalid/CLM-00519_v2.png
CLM-00150,train,Valid Claim,1,CLM-00150_v1.png,train/valid/CLM-00150_v1.png
CLM-00150,train,Valid Claim,2,CLM-00150_v2.png,train/valid/CLM-00150_v2.png
CLM-01253,train,Manual Review,1,CLM-01253_v1.png,train/manual_review/CLM-01253_v1.png
CLM-01253,train,Manual Review,2,CLM-01253_v2.png,train/manual_review/CLM-01253_v2.png
CLM-00102,train,Valid Claim,1,CLM-00102_v1.png,train/valid/CLM-00102_v1.png
CLM-00102,train,Valid Claim,2,CLM-00102_v2.png,train/valid/CLM-00102_v2.png
CLM-00733,train,Invalid Claim,1,CLM-00733_v1.png,train/invalid/CLM-00733_v1.png
CLM-00733,train,Invalid Claim,2,CLM-00733_v2.png,train/invalid/CLM-00733_v2.png
CLM-00776,train,Invalid Claim,1,CLM-00776_v1.png,train/invalid/CLM-00776_v1.png
CLM-00776,train,Invalid Claim,2,CLM-00776_v2.png,train/invalid/CLM-00776_v2.png
CLM-01256,train,Manual Review,1,CLM-01256_v1.png,train/manual_review/CLM-01256_v1.png
CLM-01256,train,Manual Review,2,CLM-01256_v2.png,train/manual_review/CLM-01256_v2.png
CLM-01360,train,Manual Review,1,CLM-01360_v1.png,train/manual_review/CLM-01360_v1.png
CLM-01360,train,Manual Review,2,CLM-01360_v2.png,train/manual_review/CLM-01360_v2.png
CLM-01472,train,Manual Review,1,CLM-01472_v1.png,train/manual_review/CLM-01472_v1.png
CLM-01472,train,Manual Review,2,CLM-01472_v2.png,train/manual_review/CLM-01472_v2.png
CLM-01307,train,Manual Review,1,CLM-01307_v1.png,train/manual_review/CLM-01307_v1.png
CLM-01307,train,Manual Review,2,CLM-01307_v2.png,train/manual_review/CLM-01307_v2.png
CLM-00265,train,Valid Claim,1,CLM-00265_v1.png,train/valid/CLM-00265_v1.png
CLM-00265,train,Valid Claim,2,CLM-00265_v2.png,train/valid/CLM-00265_v2.png
CLM-00525,train,Invalid Claim,1,CLM-00525_v1.png,train/invalid/CLM-00525_v1.png
CLM-00525,train,Invalid Claim,2,CLM-00525_v2.png,train/invalid/CLM-00525_v2.png
CLM-01438,train,Manual Review,1,CLM-01438_v1.png,train/manual_review/CLM-01438_v1.png
CLM-01438,train,Manual Review,2,CLM-01438_v2.png,train/manual_review/CLM-01438_v2.png
CLM-00114,train,Valid Claim,1,CLM-00114_v1.png,train/valid/CLM-00114_v1.png
CLM-00114,train,Valid Claim,2,CLM-00114_v2.png,train/valid/CLM-00114_v2.png
CLM-00284,train,Valid Claim,1,CLM-00284_v1.png,train/valid/CLM-00284_v1.png
CLM-00284,train,Valid Claim,2,CLM-00284_v2.png,train/valid/CLM-00284_v2.png
CLM-01286,train,Manual Review,1,CLM-01286_v1.png,train/manual_review/CLM-01286_v1.png
CLM-01286,train,Manual Review,2,CLM-01286_v2.png,train/manual_review/CLM-01286_v2.png
CLM-00446,train,Valid Claim,1,CLM-00446_v1.png,train/valid/CLM-00446_v1.png
CLM-00446,train,Valid Claim,2,CLM-00446_v2.png,train/valid/CLM-00446_v2.png
CLM-00970,train,Invalid Claim,1,CLM-00970_v1.png,train/invalid/CLM-00970_v1.png
CLM-00970,train,Invalid Claim,2,CLM-00970_v2.png,train/invalid/CLM-00970_v2.png
CLM-00145,train,Valid Claim,1,CLM-00145_v1.png,train/valid/CLM-00145_v1.png
CLM-00145,train,Valid Claim,2,CLM-00145_v2.png,train/valid/CLM-00145_v2.png
CLM-00608,train,Invalid Claim,1,CLM-00608_v1.png,train/invalid/CLM-00608_v1.png
CLM-00608,train,Invalid Claim,2,CLM-00608_v2.png,train/invalid/CLM-00608_v2.png
CLM-00795,train,Invalid Claim,1,CLM-00795_v1.png,train/invalid/CLM-00795_v1.png
CLM-00795,train,Invalid Claim,2,CLM-00795_v2.png,train/invalid/CLM-00795_v2.png
CLM-00241,train,Valid Claim,1,CLM-00241_v1.png,train/valid/CLM-00241_v1.png
CLM-00241,train,Valid Claim,2,CLM-00241_v2.png,train/valid/CLM-00241_v2.png
CLM-01315,train,Manual Review,1,CLM-01315_v1.png,train/manual_review/CLM-01315_v1.png
CLM-01315,train,Manual Review,2,CLM-01315_v2.png,train/manual_review/CLM-01315_v2.png
CLM-00390,train,Valid Claim,1,CLM-00390_v1.png,train/valid/CLM-00390_v1.png
CLM-00390,train,Valid Claim,2,CLM-00390_v2.png,train/valid/CLM-00390_v2.png
CLM-00004,train,Valid Claim,1,CLM-00004_v1.png,train/valid/CLM-00004_v1.png
CLM-00004,train,Valid Claim,2,CLM-00004_v2.png,train/valid/CLM-00004_v2.png
CLM-01207,train,Manual Review,1,CLM-01207_v1.png,train/manual_review/CLM-01207_v1.png
CLM-01207,train,Manual Review,2,CLM-01207_v2.png,train/manual_review/CLM-01207_v2.png
CLM-00345,train,Valid Claim,1,CLM-00345_v1.png,train/valid/CLM-00345_v1.png
CLM-00345,train,Valid Claim,2,CLM-00345_v2.png,train/valid/CLM-00345_v2.png
CLM-00823,train,Invalid Claim,1,CLM-00823_v1.png,train/invalid/CLM-00823_v1.png
CLM-00823,train,Invalid Claim,2,CLM-00823_v2.png,train/invalid/CLM-00823_v2.png
CLM-00510,train,Invalid Claim,1,CLM-00510_v1.png,train/invalid/CLM-00510_v1.png
CLM-00510,train,Invalid Claim,2,CLM-00510_v2.png,train/invalid/CLM-00510_v2.png
CLM-00248,train,Valid Claim,1,CLM-00248_v1.png,train/valid/CLM-00248_v1.png
CLM-00248,train,Valid Claim,2,CLM-00248_v2.png,train/valid/CLM-00248_v2.png
CLM-00101,train,Valid Claim,1,CLM-00101_v1.png,train/valid/CLM-00101_v1.png
CLM-00101,train,Valid Claim,2,CLM-00101_v2.png,train/valid/CLM-00101_v2.png
CLM-00164,train,Valid Claim,1,CLM-00164_v1.png,train/valid/CLM-00164_v1.png
CLM-00164,train,Valid Claim,2,CLM-00164_v2.png,train/valid/CLM-00164_v2.png
CLM-00386,train,Valid Claim,1,CLM-00386_v1.png,train/valid/CLM-00386_v1.png
CLM-00386,train,Valid Claim,2,CLM-00386_v2.png,train/valid/CLM-00386_v2.png
CLM-00517,train,Invalid Claim,1,CLM-00517_v1.png,train/invalid/CLM-00517_v1.png
CLM-00517,train,Invalid Claim,2,CLM-00517_v2.png,train/invalid/CLM-00517_v2.png
CLM-01250,train,Manual Review,1,CLM-01250_v1.png,train/manual_review/CLM-01250_v1.png
CLM-01250,train,Manual Review,2,CLM-01250_v2.png,train/manual_review/CLM-01250_v2.png
CLM-00227,train,Valid Claim,1,CLM-00227_v1.png,train/valid/CLM-00227_v1.png
CLM-00227,train,Valid Claim,2,CLM-00227_v2.png,train/valid/CLM-00227_v2.png
CLM-00565,train,Invalid Claim,1,CLM-00565_v1.png,train/invalid/CLM-00565_v1.png
CLM-00565,train,Invalid Claim,2,CLM-00565_v2.png,train/invalid/CLM-00565_v2.png
CLM-00717,train,Invalid Claim,1,CLM-00717_v1.png,train/invalid/CLM-00717_v1.png
CLM-00717,train,Invalid Claim,2,CLM-00717_v2.png,train/invalid/CLM-00717_v2.png
CLM-00220,train,Valid Claim,1,CLM-00220_v1.png,train/valid/CLM-00220_v1.png
CLM-00220,train,Valid Claim,2,CLM-00220_v2.png,train/valid/CLM-00220_v2.png
CLM-00781,train,Invalid Claim,1,CLM-00781_v1.png,train/invalid/CLM-00781_v1.png
CLM-00781,train,Invalid Claim,2,CLM-00781_v2.png,train/invalid/CLM-00781_v2.png
CLM-01269,train,Manual Review,1,CLM-01269_v1.png,train/manual_review/CLM-01269_v1.png
CLM-01269,train,Manual Review,2,CLM-01269_v2.png,train/manual_review/CLM-01269_v2.png
CLM-00333,train,Valid Claim,1,CLM-00333_v1.png,train/valid/CLM-00333_v1.png
CLM-00333,train,Valid Claim,2,CLM-00333_v2.png,train/valid/CLM-00333_v2.png
CLM-01174,train,Manual Review,1,CLM-01174_v1.png,train/manual_review/CLM-01174_v1.png
CLM-01174,train,Manual Review,2,CLM-01174_v2.png,train/manual_review/CLM-01174_v2.png
CLM-01320,train,Manual Review,1,CLM-01320_v1.png,train/manual_review/CLM-01320_v1.png
CLM-01320,train,Manual Review,2,CLM-01320_v2.png,train/manual_review/CLM-01320_v2.png
CLM-00206,train,Valid Claim,1,CLM-00206_v1.png,train/valid/CLM-00206_v1.png
CLM-00206,train,Valid Claim,2,CLM-00206_v2.png,train/valid/CLM-00206_v2.png
CLM-00408,train,Valid Claim,1,CLM-00408_v1.png,train/valid/CLM-00408_v1.png
CLM-00408,train,Valid Claim,2,CLM-00408_v2.png,train/valid/CLM-00408_v2.png
CLM-00915,train,Invalid Claim,1,CLM-00915_v1.png,train/invalid/CLM-00915_v1.png
CLM-00915,train,Invalid Claim,2,CLM-00915_v2.png,train/invalid/CLM-00915_v2.png
CLM-00632,train,Invalid Claim,1,CLM-00632_v1.png,train/invalid/CLM-00632_v1.png
CLM-00632,train,Invalid Claim,2,CLM-00632_v2.png,train/invalid/CLM-00632_v2.png
CLM-00978,train,Invalid Claim,1,CLM-00978_v1.png,train/invalid/CLM-00978_v1.png
CLM-00978,train,Invalid Claim,2,CLM-00978_v2.png,train/invalid/CLM-00978_v2.png
CLM-00902,train,Invalid Claim,1,CLM-00902_v1.png,train/invalid/CLM-00902_v1.png
CLM-00902,train,Invalid Claim,2,CLM-00902_v2.png,train/invalid/CLM-00902_v2.png
CLM-01040,train,Manual Review,1,CLM-01040_v1.png,train/manual_review/CLM-01040_v1.png
CLM-01040,train,Manual Review,2,CLM-01040_v2.png,train/manual_review/CLM-01040_v2.png
CLM-00320,train,Valid Claim,1,CLM-00320_v1.png,train/valid/CLM-00320_v1.png
CLM-00320,train,Valid Claim,2,CLM-00320_v2.png,train/valid/CLM-00320_v2.png
CLM-00709,train,Invalid Claim,1,CLM-00709_v1.png,train/invalid/CLM-00709_v1.png
CLM-00709,train,Invalid Claim,2,CLM-00709_v2.png,train/invalid/CLM-00709_v2.png
CLM-00616,train,Invalid Claim,1,CLM-00616_v1.png,train/invalid/CLM-00616_v1.png
CLM-00616,train,Invalid Claim,2,CLM-00616_v2.png,train/invalid/CLM-00616_v2.png
CLM-00328,train,Valid Claim,1,CLM-00328_v1.png,train/valid/CLM-00328_v1.png
CLM-00328,train,Valid Claim,2,CLM-00328_v2.png,train/valid/CLM-00328_v2.png
CLM-00061,train,Valid Claim,1,CLM-00061_v1.png,train/valid/CLM-00061_v1.png
CLM-00061,train,Valid Claim,2,CLM-00061_v2.png,train/valid/CLM-00061_v2.png
CLM-00312,train,Valid Claim,1,CLM-00312_v1.png,train/valid/CLM-00312_v1.png
CLM-00312,train,Valid Claim,2,CLM-00312_v2.png,train/valid/CLM-00312_v2.png
CLM-00741,train,Invalid Claim,1,CLM-00741_v1.png,train/invalid/CLM-00741_v1.png
CLM-00741,train,Invalid Claim,2,CLM-00741_v2.png,train/invalid/CLM-00741_v2.png
CLM-00274,train,Valid Claim,1,CLM-00274_v1.png,train/valid/CLM-00274_v1.png
CLM-00274,train,Valid Claim,2,CLM-00274_v2.png,train/valid/CLM-00274_v2.png
CLM-00432,train,Valid Claim,1,CLM-00432_v1.png,train/valid/CLM-00432_v1.png
CLM-00432,train,Valid Claim,2,CLM-00432_v2.png,train/valid/CLM-00432_v2.png
CLM-01500,train,Manual Review,1,CLM-01500_v1.png,train/manual_review/CLM-01500_v1.png
CLM-01500,train,Manual Review,2,CLM-01500_v2.png,train/manual_review/CLM-01500_v2.png
CLM-00660,train,Invalid Claim,1,CLM-00660_v1.png,train/invalid/CLM-00660_v1.png
CLM-00660,train,Invalid Claim,2,CLM-00660_v2.png,train/invalid/CLM-00660_v2.png
CLM-00819,train,Invalid Claim,1,CLM-00819_v1.png,train/invalid/CLM-00819_v1.png
CLM-00819,train,Invalid Claim,2,CLM-00819_v2.png,train/invalid/CLM-00819_v2.png
CLM-00159,train,Valid Claim,1,CLM-00159_v1.png,train/valid/CLM-00159_v1.png
CLM-00159,train,Valid Claim,2,CLM-00159_v2.png,train/valid/CLM-00159_v2.png
CLM-00113,train,Valid Claim,1,CLM-00113_v1.png,train/valid/CLM-00113_v1.png
CLM-00113,train,Valid Claim,2,CLM-00113_v2.png,train/valid/CLM-00113_v2.png
CLM-01121,train,Manual Review,1,CLM-01121_v1.png,train/manual_review/CLM-01121_v1.png
CLM-01121,train,Manual Review,2,CLM-01121_v2.png,train/manual_review/CLM-01121_v2.png
CLM-00039,train,Valid Claim,1,CLM-00039_v1.png,train/valid/CLM-00039_v1.png
CLM-00039,train,Valid Claim,2,CLM-00039_v2.png,train/valid/CLM-00039_v2.png
CLM-00749,train,Invalid Claim,1,CLM-00749_v1.png,train/invalid/CLM-00749_v1.png
CLM-00749,train,Invalid Claim,2,CLM-00749_v2.png,train/invalid/CLM-00749_v2.png
CLM-00607,train,Invalid Claim,1,CLM-00607_v1.png,train/invalid/CLM-00607_v1.png
CLM-00607,train,Invalid Claim,2,CLM-00607_v2.png,train/invalid/CLM-00607_v2.png
CLM-00572,train,Invalid Claim,1,CLM-00572_v1.png,train/invalid/CLM-00572_v1.png
CLM-00572,train,Invalid Claim,2,CLM-00572_v2.png,train/invalid/CLM-00572_v2.png
CLM-00705,train,Invalid Claim,1,CLM-00705_v1.png,train/invalid/CLM-00705_v1.png
CLM-00705,train,Invalid Claim,2,CLM-00705_v2.png,train/invalid/CLM-00705_v2.png
CLM-00606,train,Invalid Claim,1,CLM-00606_v1.png,train/invalid/CLM-00606_v1.png
CLM-00606,train,Invalid Claim,2,CLM-00606_v2.png,train/invalid/CLM-00606_v2.png
CLM-01473,train,Manual Review,1,CLM-01473_v1.png,train/manual_review/CLM-01473_v1.png
CLM-01473,train,Manual Review,2,CLM-01473_v2.png,train/manual_review/CLM-01473_v2.png
CLM-00448,train,Valid Claim,1,CLM-00448_v1.png,train/valid/CLM-00448_v1.png
CLM-00448,train,Valid Claim,2,CLM-00448_v2.png,train/valid/CLM-00448_v2.png
CLM-00212,train,Valid Claim,1,CLM-00212_v1.png,train/valid/CLM-00212_v1.png
CLM-00212,train,Valid Claim,2,CLM-00212_v2.png,train/valid/CLM-00212_v2.png
CLM-00933,train,Invalid Claim,1,CLM-00933_v1.png,train/invalid/CLM-00933_v1.png
CLM-00933,train,Invalid Claim,2,CLM-00933_v2.png,train/invalid/CLM-00933_v2.png
CLM-00132,train,Valid Claim,1,CLM-00132_v1.png,train/valid/CLM-00132_v1.png
CLM-00132,train,Valid Claim,2,CLM-00132_v2.png,train/valid/CLM-00132_v2.png
CLM-00200,train,Valid Claim,1,CLM-00200_v1.png,train/valid/CLM-00200_v1.png
CLM-00200,train,Valid Claim,2,CLM-00200_v2.png,train/valid/CLM-00200_v2.png
CLM-01421,train,Manual Review,1,CLM-01421_v1.png,train/manual_review/CLM-01421_v1.png
CLM-01421,train,Manual Review,2,CLM-01421_v2.png,train/manual_review/CLM-01421_v2.png
CLM-01154,train,Manual Review,1,CLM-01154_v1.png,train/manual_review/CLM-01154_v1.png
CLM-01154,train,Manual Review,2,CLM-01154_v2.png,train/manual_review/CLM-01154_v2.png
CLM-00843,train,Invalid Claim,1,CLM-00843_v1.png,train/invalid/CLM-00843_v1.png
CLM-00843,train,Invalid Claim,2,CLM-00843_v2.png,train/invalid/CLM-00843_v2.png
CLM-01458,train,Manual Review,1,CLM-01458_v1.png,train/manual_review/CLM-01458_v1.png
CLM-01458,train,Manual Review,2,CLM-01458_v2.png,train/manual_review/CLM-01458_v2.png
CLM-00338,train,Valid Claim,1,CLM-00338_v1.png,train/valid/CLM-00338_v1.png
CLM-00338,train,Valid Claim,2,CLM-00338_v2.png,train/valid/CLM-00338_v2.png
CLM-00257,train,Valid Claim,1,CLM-00257_v1.png,train/valid/CLM-00257_v1.png
CLM-00257,train,Valid Claim,2,CLM-00257_v2.png,train/valid/CLM-00257_v2.png
CLM-00788,train,Invalid Claim,1,CLM-00788_v1.png,train/invalid/CLM-00788_v1.png
CLM-00788,train,Invalid Claim,2,CLM-00788_v2.png,train/invalid/CLM-00788_v2.png
CLM-00506,train,Invalid Claim,1,CLM-00506_v1.png,train/invalid/CLM-00506_v1.png
CLM-00506,train,Invalid Claim,2,CLM-00506_v2.png,train/invalid/CLM-00506_v2.png
CLM-00610,train,Invalid Claim,1,CLM-00610_v1.png,train/invalid/CLM-00610_v1.png
CLM-00610,train,Invalid Claim,2,CLM-00610_v2.png,train/invalid/CLM-00610_v2.png
CLM-00833,train,Invalid Claim,1,CLM-00833_v1.png,train/invalid/CLM-00833_v1.png
CLM-00833,train,Invalid Claim,2,CLM-00833_v2.png,train/invalid/CLM-00833_v2.png
CLM-01279,train,Manual Review,1,CLM-01279_v1.png,train/manual_review/CLM-01279_v1.png
CLM-01279,train,Manual Review,2,CLM-01279_v2.png,train/manual_review/CLM-01279_v2.png
CLM-01478,train,Manual Review,1,CLM-01478_v1.png,train/manual_review/CLM-01478_v1.png
CLM-01478,train,Manual Review,2,CLM-01478_v2.png,train/manual_review/CLM-01478_v2.png
CLM-00469,train,Valid Claim,1,CLM-00469_v1.png,train/valid/CLM-00469_v1.png
CLM-00469,train,Valid Claim,2,CLM-00469_v2.png,train/valid/CLM-00469_v2.png
CLM-00938,train,Invalid Claim,1,CLM-00938_v1.png,train/invalid/CLM-00938_v1.png
CLM-00938,train,Invalid Claim,2,CLM-00938_v2.png,train/invalid/CLM-00938_v2.png
CLM-00198,train,Valid Claim,1,CLM-00198_v1.png,train/valid/CLM-00198_v1.png
CLM-00198,train,Valid Claim,2,CLM-00198_v2.png,train/valid/CLM-00198_v2.png
CLM-00980,train,Invalid Claim,1,CLM-00980_v1.png,train/invalid/CLM-00980_v1.png
CLM-00980,train,Invalid Claim,2,CLM-00980_v2.png,train/invalid/CLM-00980_v2.png
CLM-01063,train,Manual Review,1,CLM-01063_v1.png,train/manual_review/CLM-01063_v1.png
CLM-01063,train,Manual Review,2,CLM-01063_v2.png,train/manual_review/CLM-01063_v2.png
CLM-01067,train,Manual Review,1,CLM-01067_v1.png,train/manual_review/CLM-01067_v1.png
CLM-01067,train,Manual Review,2,CLM-01067_v2.png,train/manual_review/CLM-01067_v2.png
CLM-00176,train,Valid Claim,1,CLM-00176_v1.png,train/valid/CLM-00176_v1.png
CLM-00176,train,Valid Claim,2,CLM-00176_v2.png,train/valid/CLM-00176_v2.png
CLM-01225,train,Manual Review,1,CLM-01225_v1.png,train/manual_review/CLM-01225_v1.png
CLM-01225,train,Manual Review,2,CLM-01225_v2.png,train/manual_review/CLM-01225_v2.png
CLM-00464,train,Valid Claim,1,CLM-00464_v1.png,train/valid/CLM-00464_v1.png
CLM-00464,train,Valid Claim,2,CLM-00464_v2.png,train/valid/CLM-00464_v2.png
CLM-00751,train,Invalid Claim,1,CLM-00751_v1.png,train/invalid/CLM-00751_v1.png
CLM-00751,train,Invalid Claim,2,CLM-00751_v2.png,train/invalid/CLM-00751_v2.png
CLM-00189,train,Valid Claim,1,CLM-00189_v1.png,train/valid/CLM-00189_v1.png
CLM-00189,train,Valid Claim,2,CLM-00189_v2.png,train/valid/CLM-00189_v2.png
CLM-00609,train,Invalid Claim,1,CLM-00609_v1.png,train/invalid/CLM-00609_v1.png
CLM-00609,train,Invalid Claim,2,CLM-00609_v2.png,train/invalid/CLM-00609_v2.png
CLM-00796,train,Invalid Claim,1,CLM-00796_v1.png,train/invalid/CLM-00796_v1.png
CLM-00796,train,Invalid Claim,2,CLM-00796_v2.png,train/invalid/CLM-00796_v2.png
CLM-00941,train,Invalid Claim,1,CLM-00941_v1.png,train/invalid/CLM-00941_v1.png
CLM-00941,train,Invalid Claim,2,CLM-00941_v2.png,train/invalid/CLM-00941_v2.png
CLM-00119,train,Valid Claim,1,CLM-00119_v1.png,train/valid/CLM-00119_v1.png
CLM-00119,train,Valid Claim,2,CLM-00119_v2.png,train/valid/CLM-00119_v2.png
CLM-00501,train,Invalid Claim,1,CLM-00501_v1.png,train/invalid/CLM-00501_v1.png
CLM-00501,train,Invalid Claim,2,CLM-00501_v2.png,train/invalid/CLM-00501_v2.png
CLM-00451,train,Valid Claim,1,CLM-00451_v1.png,train/valid/CLM-00451_v1.png
CLM-00451,train,Valid Claim,2,CLM-00451_v2.png,train/valid/CLM-00451_v2.png
CLM-01173,train,Manual Review,1,CLM-01173_v1.png,train/manual_review/CLM-01173_v1.png
CLM-01173,train,Manual Review,2,CLM-01173_v2.png,train/manual_review/CLM-01173_v2.png
CLM-00620,train,Invalid Claim,1,CLM-00620_v1.png,train/invalid/CLM-00620_v1.png
CLM-00620,train,Invalid Claim,2,CLM-00620_v2.png,train/invalid/CLM-00620_v2.png
CLM-00891,train,Invalid Claim,1,CLM-00891_v1.png,train/invalid/CLM-00891_v1.png
CLM-00891,train,Invalid Claim,2,CLM-00891_v2.png,train/invalid/CLM-00891_v2.png
CLM-00056,train,Valid Claim,1,CLM-00056_v1.png,train/valid/CLM-00056_v1.png
CLM-00056,train,Valid Claim,2,CLM-00056_v2.png,train/valid/CLM-00056_v2.png
CLM-01344,train,Manual Review,1,CLM-01344_v1.png,train/manual_review/CLM-01344_v1.png
CLM-01344,train,Manual Review,2,CLM-01344_v2.png,train/manual_review/CLM-01344_v2.png
CLM-01000,train,Invalid Claim,1,CLM-01000_v1.png,train/invalid/CLM-01000_v1.png
CLM-01000,train,Invalid Claim,2,CLM-01000_v2.png,train/invalid/CLM-01000_v2.png
CLM-01140,train,Manual Review,1,CLM-01140_v1.png,train/manual_review/CLM-01140_v1.png
CLM-01140,train,Manual Review,2,CLM-01140_v2.png,train/manual_review/CLM-01140_v2.png
CLM-00365,train,Valid Claim,1,CLM-00365_v1.png,train/valid/CLM-00365_v1.png
CLM-00365,train,Valid Claim,2,CLM-00365_v2.png,train/valid/CLM-00365_v2.png
CLM-01402,train,Manual Review,1,CLM-01402_v1.png,train/manual_review/CLM-01402_v1.png
CLM-01402,train,Manual Review,2,CLM-01402_v2.png,train/manual_review/CLM-01402_v2.png
CLM-00927,train,Invalid Claim,1,CLM-00927_v1.png,train/invalid/CLM-00927_v1.png
CLM-00927,train,Invalid Claim,2,CLM-00927_v2.png,train/invalid/CLM-00927_v2.png
CLM-00894,train,Invalid Claim,1,CLM-00894_v1.png,train/invalid/CLM-00894_v1.png
CLM-00894,train,Invalid Claim,2,CLM-00894_v2.png,train/invalid/CLM-00894_v2.png
CLM-00842,train,Invalid Claim,1,CLM-00842_v1.png,train/invalid/CLM-00842_v1.png
CLM-00842,train,Invalid Claim,2,CLM-00842_v2.png,train/invalid/CLM-00842_v2.png
CLM-00956,train,Invalid Claim,1,CLM-00956_v1.png,train/invalid/CLM-00956_v1.png
CLM-00956,train,Invalid Claim,2,CLM-00956_v2.png,train/invalid/CLM-00956_v2.png
CLM-00640,train,Invalid Claim,1,CLM-00640_v1.png,train/invalid/CLM-00640_v1.png
CLM-00640,train,Invalid Claim,2,CLM-00640_v2.png,train/invalid/CLM-00640_v2.png
CLM-00641,train,Invalid Claim,1,CLM-00641_v1.png,train/invalid/CLM-00641_v1.png
CLM-00641,train,Invalid Claim,2,CLM-00641_v2.png,train/invalid/CLM-00641_v2.png
CLM-00158,train,Valid Claim,1,CLM-00158_v1.png,train/valid/CLM-00158_v1.png
CLM-00158,train,Valid Claim,2,CLM-00158_v2.png,train/valid/CLM-00158_v2.png
CLM-00084,train,Valid Claim,1,CLM-00084_v1.png,train/valid/CLM-00084_v1.png
CLM-00084,train,Valid Claim,2,CLM-00084_v2.png,train/valid/CLM-00084_v2.png
CLM-00716,train,Invalid Claim,1,CLM-00716_v1.png,train/invalid/CLM-00716_v1.png
CLM-00716,train,Invalid Claim,2,CLM-00716_v2.png,train/invalid/CLM-00716_v2.png
CLM-00694,train,Invalid Claim,1,CLM-00694_v1.png,train/invalid/CLM-00694_v1.png
CLM-00694,train,Invalid Claim,2,CLM-00694_v2.png,train/invalid/CLM-00694_v2.png
CLM-00089,train,Valid Claim,1,CLM-00089_v1.png,train/valid/CLM-00089_v1.png
CLM-00089,train,Valid Claim,2,CLM-00089_v2.png,train/valid/CLM-00089_v2.png
CLM-00414,train,Valid Claim,1,CLM-00414_v1.png,train/valid/CLM-00414_v1.png
CLM-00414,train,Valid Claim,2,CLM-00414_v2.png,train/valid/CLM-00414_v2.png
CLM-00652,train,Invalid Claim,1,CLM-00652_v1.png,train/invalid/CLM-00652_v1.png
CLM-00652,train,Invalid Claim,2,CLM-00652_v2.png,train/invalid/CLM-00652_v2.png
CLM-01267,train,Manual Review,1,CLM-01267_v1.png,train/manual_review/CLM-01267_v1.png
CLM-01267,train,Manual Review,2,CLM-01267_v2.png,train/manual_review/CLM-01267_v2.png
CLM-01092,train,Manual Review,1,CLM-01092_v1.png,train/manual_review/CLM-01092_v1.png
CLM-01092,train,Manual Review,2,CLM-01092_v2.png,train/manual_review/CLM-01092_v2.png
CLM-00828,train,Invalid Claim,1,CLM-00828_v1.png,train/invalid/CLM-00828_v1.png
CLM-00828,train,Invalid Claim,2,CLM-00828_v2.png,train/invalid/CLM-00828_v2.png
CLM-01471,train,Manual Review,1,CLM-01471_v1.png,train/manual_review/CLM-01471_v1.png
CLM-01471,train,Manual Review,2,CLM-01471_v2.png,train/manual_review/CLM-01471_v2.png
CLM-01334,train,Manual Review,1,CLM-01334_v1.png,train/manual_review/CLM-01334_v1.png
CLM-01334,train,Manual Review,2,CLM-01334_v2.png,train/manual_review/CLM-01334_v2.png
CLM-01193,train,Manual Review,1,CLM-01193_v1.png,train/manual_review/CLM-01193_v1.png
CLM-01193,train,Manual Review,2,CLM-01193_v2.png,train/manual_review/CLM-01193_v2.png
CLM-01125,train,Manual Review,1,CLM-01125_v1.png,train/manual_review/CLM-01125_v1.png
CLM-01125,train,Manual Review,2,CLM-01125_v2.png,train/manual_review/CLM-01125_v2.png
CLM-00768,train,Invalid Claim,1,CLM-00768_v1.png,train/invalid/CLM-00768_v1.png
CLM-00768,train,Invalid Claim,2,CLM-00768_v2.png,train/invalid/CLM-00768_v2.png
CLM-00826,train,Invalid Claim,1,CLM-00826_v1.png,train/invalid/CLM-00826_v1.png
CLM-00826,train,Invalid Claim,2,CLM-00826_v2.png,train/invalid/CLM-00826_v2.png
CLM-00622,train,Invalid Claim,1,CLM-00622_v1.png,train/invalid/CLM-00622_v1.png
CLM-00622,train,Invalid Claim,2,CLM-00622_v2.png,train/invalid/CLM-00622_v2.png
CLM-01426,train,Manual Review,1,CLM-01426_v1.png,train/manual_review/CLM-01426_v1.png
CLM-01426,train,Manual Review,2,CLM-01426_v2.png,train/manual_review/CLM-01426_v2.png
CLM-01109,train,Manual Review,1,CLM-01109_v1.png,train/manual_review/CLM-01109_v1.png
CLM-01109,train,Manual Review,2,CLM-01109_v2.png,train/manual_review/CLM-01109_v2.png
CLM-00319,train,Valid Claim,1,CLM-00319_v1.png,train/valid/CLM-00319_v1.png
CLM-00319,train,Valid Claim,2,CLM-00319_v2.png,train/valid/CLM-00319_v2.png
CLM-00437,train,Valid Claim,1,CLM-00437_v1.png,train/valid/CLM-00437_v1.png
CLM-00437,train,Valid Claim,2,CLM-00437_v2.png,train/valid/CLM-00437_v2.png
CLM-00934,train,Invalid Claim,1,CLM-00934_v1.png,train/invalid/CLM-00934_v1.png
CLM-00934,train,Invalid Claim,2,CLM-00934_v2.png,train/invalid/CLM-00934_v2.png
CLM-01258,train,Manual Review,1,CLM-01258_v1.png,train/manual_review/CLM-01258_v1.png
CLM-01258,train,Manual Review,2,CLM-01258_v2.png,train/manual_review/CLM-01258_v2.png
CLM-00148,train,Valid Claim,1,CLM-00148_v1.png,train/valid/CLM-00148_v1.png
CLM-00148,train,Valid Claim,2,CLM-00148_v2.png,train/valid/CLM-00148_v2.png
CLM-01150,train,Manual Review,1,CLM-01150_v1.png,train/manual_review/CLM-01150_v1.png
CLM-01150,train,Manual Review,2,CLM-01150_v2.png,train/manual_review/CLM-01150_v2.png
CLM-00149,train,Valid Claim,1,CLM-00149_v1.png,train/valid/CLM-00149_v1.png
CLM-00149,train,Valid Claim,2,CLM-00149_v2.png,train/valid/CLM-00149_v2.png
CLM-00007,train,Valid Claim,1,CLM-00007_v1.png,train/valid/CLM-00007_v1.png
CLM-00007,train,Valid Claim,2,CLM-00007_v2.png,train/valid/CLM-00007_v2.png
CLM-00024,train,Valid Claim,1,CLM-00024_v1.png,train/valid/CLM-00024_v1.png
CLM-00024,train,Valid Claim,2,CLM-00024_v2.png,train/valid/CLM-00024_v2.png
CLM-00831,train,Invalid Claim,1,CLM-00831_v1.png,train/invalid/CLM-00831_v1.png
CLM-00831,train,Invalid Claim,2,CLM-00831_v2.png,train/invalid/CLM-00831_v2.png
CLM-00661,train,Invalid Claim,1,CLM-00661_v1.png,train/invalid/CLM-00661_v1.png
CLM-00661,train,Invalid Claim,2,CLM-00661_v2.png,train/invalid/CLM-00661_v2.png
CLM-00872,train,Invalid Claim,1,CLM-00872_v1.png,train/invalid/CLM-00872_v1.png
CLM-00872,train,Invalid Claim,2,CLM-00872_v2.png,train/invalid/CLM-00872_v2.png
CLM-01031,train,Manual Review,1,CLM-01031_v1.png,train/manual_review/CLM-01031_v1.png
CLM-01031,train,Manual Review,2,CLM-01031_v2.png,train/manual_review/CLM-01031_v2.png
CLM-00434,train,Valid Claim,1,CLM-00434_v1.png,train/valid/CLM-00434_v1.png
CLM-00434,train,Valid Claim,2,CLM-00434_v2.png,train/valid/CLM-00434_v2.png
CLM-00982,train,Invalid Claim,1,CLM-00982_v1.png,train/invalid/CLM-00982_v1.png
CLM-00982,train,Invalid Claim,2,CLM-00982_v2.png,train/invalid/CLM-00982_v2.png
CLM-00484,train,Valid Claim,1,CLM-00484_v1.png,train/valid/CLM-00484_v1.png
CLM-00484,train,Valid Claim,2,CLM-00484_v2.png,train/valid/CLM-00484_v2.png
CLM-00897,train,Invalid Claim,1,CLM-00897_v1.png,train/invalid/CLM-00897_v1.png
CLM-00897,train,Invalid Claim,2,CLM-00897_v2.png,train/invalid/CLM-00897_v2.png
CLM-00019,train,Valid Claim,1,CLM-00019_v1.png,train/valid/CLM-00019_v1.png
CLM-00019,train,Valid Claim,2,CLM-00019_v2.png,train/valid/CLM-00019_v2.png
CLM-00856,train,Invalid Claim,1,CLM-00856_v1.png,train/invalid/CLM-00856_v1.png
CLM-00856,train,Invalid Claim,2,CLM-00856_v2.png,train/invalid/CLM-00856_v2.png
CLM-00633,train,Invalid Claim,1,CLM-00633_v1.png,train/invalid/CLM-00633_v1.png
CLM-00633,train,Invalid Claim,2,CLM-00633_v2.png,train/invalid/CLM-00633_v2.png
CLM-00878,train,Invalid Claim,1,CLM-00878_v1.png,train/invalid/CLM-00878_v1.png
CLM-00878,train,Invalid Claim,2,CLM-00878_v2.png,train/invalid/CLM-00878_v2.png
CLM-01343,train,Manual Review,1,CLM-01343_v1.png,train/manual_review/CLM-01343_v1.png
CLM-01343,train,Manual Review,2,CLM-01343_v2.png,train/manual_review/CLM-01343_v2.png
CLM-01128,train,Manual Review,1,CLM-01128_v1.png,train/manual_review/CLM-01128_v1.png
CLM-01128,train,Manual Review,2,CLM-01128_v2.png,train/manual_review/CLM-01128_v2.png
CLM-00303,train,Valid Claim,1,CLM-00303_v1.png,train/valid/CLM-00303_v1.png
CLM-00303,train,Valid Claim,2,CLM-00303_v2.png,train/valid/CLM-00303_v2.png
CLM-01027,train,Manual Review,1,CLM-01027_v1.png,train/manual_review/CLM-01027_v1.png
CLM-01027,train,Manual Review,2,CLM-01027_v2.png,train/manual_review/CLM-01027_v2.png
CLM-00806,train,Invalid Claim,1,CLM-00806_v1.png,train/invalid/CLM-00806_v1.png
CLM-00806,train,Invalid Claim,2,CLM-00806_v2.png,train/invalid/CLM-00806_v2.png
CLM-00337,train,Valid Claim,1,CLM-00337_v1.png,train/valid/CLM-00337_v1.png
CLM-00337,train,Valid Claim,2,CLM-00337_v2.png,train/valid/CLM-00337_v2.png
CLM-01335,train,Manual Review,1,CLM-01335_v1.png,train/manual_review/CLM-01335_v1.png
CLM-01335,train,Manual Review,2,CLM-01335_v2.png,train/manual_review/CLM-01335_v2.png
CLM-00535,train,Invalid Claim,1,CLM-00535_v1.png,train/invalid/CLM-00535_v1.png
CLM-00535,train,Invalid Claim,2,CLM-00535_v2.png,train/invalid/CLM-00535_v2.png
CLM-00668,train,Invalid Claim,1,CLM-00668_v1.png,train/invalid/CLM-00668_v1.png
CLM-00668,train,Invalid Claim,2,CLM-00668_v2.png,train/invalid/CLM-00668_v2.png
CLM-01328,train,Manual Review,1,CLM-01328_v1.png,train/manual_review/CLM-01328_v1.png
CLM-01328,train,Manual Review,2,CLM-01328_v2.png,train/manual_review/CLM-01328_v2.png
CLM-01401,train,Manual Review,1,CLM-01401_v1.png,train/manual_review/CLM-01401_v1.png
CLM-01401,train,Manual Review,2,CLM-01401_v2.png,train/manual_review/CLM-01401_v2.png
CLM-01081,train,Manual Review,1,CLM-01081_v1.png,train/manual_review/CLM-01081_v1.png
CLM-01081,train,Manual Review,2,CLM-01081_v2.png,train/manual_review/CLM-01081_v2.png
CLM-00201,train,Valid Claim,1,CLM-00201_v1.png,train/valid/CLM-00201_v1.png
CLM-00201,train,Valid Claim,2,CLM-00201_v2.png,train/valid/CLM-00201_v2.png
CLM-00362,train,Valid Claim,1,CLM-00362_v1.png,train/valid/CLM-00362_v1.png
CLM-00362,train,Valid Claim,2,CLM-00362_v2.png,train/valid/CLM-00362_v2.png
CLM-00744,train,Invalid Claim,1,CLM-00744_v1.png,train/invalid/CLM-00744_v1.png
CLM-00744,train,Invalid Claim,2,CLM-00744_v2.png,train/invalid/CLM-00744_v2.png
CLM-00961,train,Invalid Claim,1,CLM-00961_v1.png,train/invalid/CLM-00961_v1.png
CLM-00961,train,Invalid Claim,2,CLM-00961_v2.png,train/invalid/CLM-00961_v2.png
CLM-00617,train,Invalid Claim,1,CLM-00617_v1.png,train/invalid/CLM-00617_v1.png
CLM-00617,train,Invalid Claim,2,CLM-00617_v2.png,train/invalid/CLM-00617_v2.png
CLM-01462,train,Manual Review,1,CLM-01462_v1.png,train/manual_review/CLM-01462_v1.png
CLM-01462,train,Manual Review,2,CLM-01462_v2.png,train/manual_review/CLM-01462_v2.png
CLM-00075,train,Valid Claim,1,CLM-00075_v1.png,train/valid/CLM-00075_v1.png
CLM-00075,train,Valid Claim,2,CLM-00075_v2.png,train/valid/CLM-00075_v2.png
CLM-01142,train,Manual Review,1,CLM-01142_v1.png,train/manual_review/CLM-01142_v1.png
CLM-01142,train,Manual Review,2,CLM-01142_v2.png,train/manual_review/CLM-01142_v2.png
CLM-00321,train,Valid Claim,1,CLM-00321_v1.png,train/valid/CLM-00321_v1.png
CLM-00321,train,Valid Claim,2,CLM-00321_v2.png,train/valid/CLM-00321_v2.png
CLM-00547,train,Invalid Claim,1,CLM-00547_v1.png,train/invalid/CLM-00547_v1.png
CLM-00547,train,Invalid Claim,2,CLM-00547_v2.png,train/invalid/CLM-00547_v2.png
CLM-00332,train,Valid Claim,1,CLM-00332_v1.png,train/valid/CLM-00332_v1.png
CLM-00332,train,Valid Claim,2,CLM-00332_v2.png,train/valid/CLM-00332_v2.png
CLM-01380,train,Manual Review,1,CLM-01380_v1.png,train/manual_review/CLM-01380_v1.png
CLM-01380,train,Manual Review,2,CLM-01380_v2.png,train/manual_review/CLM-01380_v2.png
CLM-01475,train,Manual Review,1,CLM-01475_v1.png,train/manual_review/CLM-01475_v1.png
CLM-01475,train,Manual Review,2,CLM-01475_v2.png,train/manual_review/CLM-01475_v2.png
CLM-00406,train,Valid Claim,1,CLM-00406_v1.png,train/valid/CLM-00406_v1.png
CLM-00406,train,Valid Claim,2,CLM-00406_v2.png,train/valid/CLM-00406_v2.png
CLM-00251,train,Valid Claim,1,CLM-00251_v1.png,train/valid/CLM-00251_v1.png
CLM-00251,train,Valid Claim,2,CLM-00251_v2.png,train/valid/CLM-00251_v2.png
CLM-00133,train,Valid Claim,1,CLM-00133_v1.png,train/valid/CLM-00133_v1.png
CLM-00133,train,Valid Claim,2,CLM-00133_v2.png,train/valid/CLM-00133_v2.png
CLM-00394,train,Valid Claim,1,CLM-00394_v1.png,train/valid/CLM-00394_v1.png
CLM-00394,train,Valid Claim,2,CLM-00394_v2.png,train/valid/CLM-00394_v2.png
CLM-01316,train,Manual Review,1,CLM-01316_v1.png,train/manual_review/CLM-01316_v1.png
CLM-01316,train,Manual Review,2,CLM-01316_v2.png,train/manual_review/CLM-01316_v2.png
CLM-00236,train,Valid Claim,1,CLM-00236_v1.png,train/valid/CLM-00236_v1.png
CLM-00236,train,Valid Claim,2,CLM-00236_v2.png,train/valid/CLM-00236_v2.png
CLM-00383,train,Valid Claim,1,CLM-00383_v1.png,train/valid/CLM-00383_v1.png
CLM-00383,train,Valid Claim,2,CLM-00383_v2.png,train/valid/CLM-00383_v2.png
CLM-01130,train,Manual Review,1,CLM-01130_v1.png,train/manual_review/CLM-01130_v1.png
CLM-01130,train,Manual Review,2,CLM-01130_v2.png,train/manual_review/CLM-01130_v2.png
CLM-01336,train,Manual Review,1,CLM-01336_v1.png,train/manual_review/CLM-01336_v1.png
CLM-01336,train,Manual Review,2,CLM-01336_v2.png,train/manual_review/CLM-01336_v2.png
CLM-01194,train,Manual Review,1,CLM-01194_v1.png,train/manual_review/CLM-01194_v1.png
CLM-01194,train,Manual Review,2,CLM-01194_v2.png,train/manual_review/CLM-01194_v2.png
CLM-00367,train,Valid Claim,1,CLM-00367_v1.png,train/valid/CLM-00367_v1.png
CLM-00367,train,Valid Claim,2,CLM-00367_v2.png,train/valid/CLM-00367_v2.png
CLM-01020,train,Manual Review,1,CLM-01020_v1.png,train/manual_review/CLM-01020_v1.png
CLM-01020,train,Manual Review,2,CLM-01020_v2.png,train/manual_review/CLM-01020_v2.png
CLM-01206,train,Manual Review,1,CLM-01206_v1.png,train/manual_review/CLM-01206_v1.png
CLM-01206,train,Manual Review,2,CLM-01206_v2.png,train/manual_review/CLM-01206_v2.png
CLM-00165,train,Valid Claim,1,CLM-00165_v1.png,train/valid/CLM-00165_v1.png
CLM-00165,train,Valid Claim,2,CLM-00165_v2.png,train/valid/CLM-00165_v2.png
CLM-00170,train,Valid Claim,1,CLM-00170_v1.png,train/valid/CLM-00170_v1.png
CLM-00170,train,Valid Claim,2,CLM-00170_v2.png,train/valid/CLM-00170_v2.png
CLM-00888,train,Invalid Claim,1,CLM-00888_v1.png,train/invalid/CLM-00888_v1.png
CLM-00888,train,Invalid Claim,2,CLM-00888_v2.png,train/invalid/CLM-00888_v2.png
CLM-00410,train,Valid Claim,1,CLM-00410_v1.png,train/valid/CLM-00410_v1.png
CLM-00410,train,Valid Claim,2,CLM-00410_v2.png,train/valid/CLM-00410_v2.png
CLM-01313,train,Manual Review,1,CLM-01313_v1.png,train/manual_review/CLM-01313_v1.png
CLM-01313,train,Manual Review,2,CLM-01313_v2.png,train/manual_review/CLM-01313_v2.png
CLM-01499,train,Manual Review,1,CLM-01499_v1.png,train/manual_review/CLM-01499_v1.png
CLM-01499,train,Manual Review,2,CLM-01499_v2.png,train/manual_review/CLM-01499_v2.png
CLM-00866,train,Invalid Claim,1,CLM-00866_v1.png,train/invalid/CLM-00866_v1.png
CLM-00866,train,Invalid Claim,2,CLM-00866_v2.png,train/invalid/CLM-00866_v2.png
CLM-01175,train,Manual Review,1,CLM-01175_v1.png,train/manual_review/CLM-01175_v1.png
CLM-01175,train,Manual Review,2,CLM-01175_v2.png,train/manual_review/CLM-01175_v2.png
CLM-00240,train,Valid Claim,1,CLM-00240_v1.png,train/valid/CLM-00240_v1.png
CLM-00240,train,Valid Claim,2,CLM-00240_v2.png,train/valid/CLM-00240_v2.png
CLM-00763,train,Invalid Claim,1,CLM-00763_v1.png,train/invalid/CLM-00763_v1.png
CLM-00763,train,Invalid Claim,2,CLM-00763_v2.png,train/invalid/CLM-00763_v2.png
CLM-00323,train,Valid Claim,1,CLM-00323_v1.png,train/valid/CLM-00323_v1.png
CLM-00323,train,Valid Claim,2,CLM-00323_v2.png,train/valid/CLM-00323_v2.png
CLM-00127,train,Valid Claim,1,CLM-00127_v1.png,train/valid/CLM-00127_v1.png
CLM-00127,train,Valid Claim,2,CLM-00127_v2.png,train/valid/CLM-00127_v2.png
CLM-00074,train,Valid Claim,1,CLM-00074_v1.png,train/valid/CLM-00074_v1.png
CLM-00074,train,Valid Claim,2,CLM-00074_v2.png,train/valid/CLM-00074_v2.png
CLM-01486,train,Manual Review,1,CLM-01486_v1.png,train/manual_review/CLM-01486_v1.png
CLM-01486,train,Manual Review,2,CLM-01486_v2.png,train/manual_review/CLM-01486_v2.png
CLM-00530,train,Invalid Claim,1,CLM-00530_v1.png,train/invalid/CLM-00530_v1.png
CLM-00530,train,Invalid Claim,2,CLM-00530_v2.png,train/invalid/CLM-00530_v2.png
CLM-01425,train,Manual Review,1,CLM-01425_v1.png,train/manual_review/CLM-01425_v1.png
CLM-01425,train,Manual Review,2,CLM-01425_v2.png,train/manual_review/CLM-01425_v2.png
CLM-01260,train,Manual Review,1,CLM-01260_v1.png,train/manual_review/CLM-01260_v1.png
CLM-01260,train,Manual Review,2,CLM-01260_v2.png,train/manual_review/CLM-01260_v2.png
CLM-00195,train,Valid Claim,1,CLM-00195_v1.png,train/valid/CLM-00195_v1.png
CLM-00195,train,Valid Claim,2,CLM-00195_v2.png,train/valid/CLM-00195_v2.png
CLM-01381,train,Manual Review,1,CLM-01381_v1.png,train/manual_review/CLM-01381_v1.png
CLM-01381,train,Manual Review,2,CLM-01381_v2.png,train/manual_review/CLM-01381_v2.png
CLM-00995,train,Invalid Claim,1,CLM-00995_v1.png,train/invalid/CLM-00995_v1.png
CLM-00995,train,Invalid Claim,2,CLM-00995_v2.png,train/invalid/CLM-00995_v2.png
CLM-00181,train,Valid Claim,1,CLM-00181_v1.png,train/valid/CLM-00181_v1.png
CLM-00181,train,Valid Claim,2,CLM-00181_v2.png,train/valid/CLM-00181_v2.png
CLM-00417,train,Valid Claim,1,CLM-00417_v1.png,train/valid/CLM-00417_v1.png
CLM-00417,train,Valid Claim,2,CLM-00417_v2.png,train/valid/CLM-00417_v2.png
CLM-01079,train,Manual Review,1,CLM-01079_v1.png,train/manual_review/CLM-01079_v1.png
CLM-01079,train,Manual Review,2,CLM-01079_v2.png,train/manual_review/CLM-01079_v2.png
CLM-00118,train,Valid Claim,1,CLM-00118_v1.png,train/valid/CLM-00118_v1.png
CLM-00118,train,Valid Claim,2,CLM-00118_v2.png,train/valid/CLM-00118_v2.png
CLM-00438,train,Valid Claim,1,CLM-00438_v1.png,train/valid/CLM-00438_v1.png
CLM-00438,train,Valid Claim,2,CLM-00438_v2.png,train/valid/CLM-00438_v2.png
CLM-00391,train,Valid Claim,1,CLM-00391_v1.png,train/valid/CLM-00391_v1.png
CLM-00391,train,Valid Claim,2,CLM-00391_v2.png,train/valid/CLM-00391_v2.png
CLM-01349,train,Manual Review,1,CLM-01349_v1.png,train/manual_review/CLM-01349_v1.png
CLM-01349,train,Manual Review,2,CLM-01349_v2.png,train/manual_review/CLM-01349_v2.png
CLM-00027,train,Valid Claim,1,CLM-00027_v1.png,train/valid/CLM-00027_v1.png
CLM-00027,train,Valid Claim,2,CLM-00027_v2.png,train/valid/CLM-00027_v2.png
CLM-01219,train,Manual Review,1,CLM-01219_v1.png,train/manual_review/CLM-01219_v1.png
CLM-01219,train,Manual Review,2,CLM-01219_v2.png,train/manual_review/CLM-01219_v2.png
CLM-01089,train,Manual Review,1,CLM-01089_v1.png,train/manual_review/CLM-01089_v1.png
CLM-01089,train,Manual Review,2,CLM-01089_v2.png,train/manual_review/CLM-01089_v2.png
CLM-01111,train,Manual Review,1,CLM-01111_v1.png,train/manual_review/CLM-01111_v1.png
CLM-01111,train,Manual Review,2,CLM-01111_v2.png,train/manual_review/CLM-01111_v2.png
CLM-00726,train,Invalid Claim,1,CLM-00726_v1.png,train/invalid/CLM-00726_v1.png
CLM-00726,train,Invalid Claim,2,CLM-00726_v2.png,train/invalid/CLM-00726_v2.png
CLM-00112,train,Valid Claim,1,CLM-00112_v1.png,train/valid/CLM-00112_v1.png
CLM-00112,train,Valid Claim,2,CLM-00112_v2.png,train/valid/CLM-00112_v2.png
CLM-00190,train,Valid Claim,1,CLM-00190_v1.png,train/valid/CLM-00190_v1.png
CLM-00190,train,Valid Claim,2,CLM-00190_v2.png,train/valid/CLM-00190_v2.png
CLM-01362,train,Manual Review,1,CLM-01362_v1.png,train/manual_review/CLM-01362_v1.png
CLM-01362,train,Manual Review,2,CLM-01362_v2.png,train/manual_review/CLM-01362_v2.png
CLM-00489,train,Valid Claim,1,CLM-00489_v1.png,train/valid/CLM-00489_v1.png
CLM-00489,train,Valid Claim,2,CLM-00489_v2.png,train/valid/CLM-00489_v2.png
CLM-00825,train,Invalid Claim,1,CLM-00825_v1.png,train/invalid/CLM-00825_v1.png
CLM-00825,train,Invalid Claim,2,CLM-00825_v2.png,train/invalid/CLM-00825_v2.png
CLM-00454,train,Valid Claim,1,CLM-00454_v1.png,train/valid/CLM-00454_v1.png
CLM-00454,train,Valid Claim,2,CLM-00454_v2.png,train/valid/CLM-00454_v2.png
CLM-00697,train,Invalid Claim,1,CLM-00697_v1.png,train/invalid/CLM-00697_v1.png
CLM-00697,train,Invalid Claim,2,CLM-00697_v2.png,train/invalid/CLM-00697_v2.png
CLM-01101,train,Manual Review,1,CLM-01101_v1.png,train/manual_review/CLM-01101_v1.png
CLM-01101,train,Manual Review,2,CLM-01101_v2.png,train/manual_review/CLM-01101_v2.png
CLM-01255,train,Manual Review,1,CLM-01255_v1.png,train/manual_review/CLM-01255_v1.png
CLM-01255,train,Manual Review,2,CLM-01255_v2.png,train/manual_review/CLM-01255_v2.png
CLM-00869,train,Invalid Claim,1,CLM-00869_v1.png,train/invalid/CLM-00869_v1.png
CLM-00869,train,Invalid Claim,2,CLM-00869_v2.png,train/invalid/CLM-00869_v2.png
CLM-01341,train,Manual Review,1,CLM-01341_v1.png,train/manual_review/CLM-01341_v1.png
CLM-01341,train,Manual Review,2,CLM-01341_v2.png,train/manual_review/CLM-01341_v2.png
CLM-00720,train,Invalid Claim,1,CLM-00720_v1.png,train/invalid/CLM-00720_v1.png
CLM-00720,train,Invalid Claim,2,CLM-00720_v2.png,train/invalid/CLM-00720_v2.png
CLM-00179,train,Valid Claim,1,CLM-00179_v1.png,train/valid/CLM-00179_v1.png
CLM-00179,train,Valid Claim,2,CLM-00179_v2.png,train/valid/CLM-00179_v2.png
CLM-00948,train,Invalid Claim,1,CLM-00948_v1.png,train/invalid/CLM-00948_v1.png
CLM-00948,train,Invalid Claim,2,CLM-00948_v2.png,train/invalid/CLM-00948_v2.png
CLM-00658,train,Invalid Claim,1,CLM-00658_v1.png,train/invalid/CLM-00658_v1.png
CLM-00658,train,Invalid Claim,2,CLM-00658_v2.png,train/invalid/CLM-00658_v2.png
CLM-01285,train,Manual Review,1,CLM-01285_v1.png,train/manual_review/CLM-01285_v1.png
CLM-01285,train,Manual Review,2,CLM-01285_v2.png,train/manual_review/CLM-01285_v2.png
CLM-00772,train,Invalid Claim,1,CLM-00772_v1.png,train/invalid/CLM-00772_v1.png
CLM-00772,train,Invalid Claim,2,CLM-00772_v2.png,train/invalid/CLM-00772_v2.png
CLM-01357,train,Manual Review,1,CLM-01357_v1.png,train/manual_review/CLM-01357_v1.png
CLM-01357,train,Manual Review,2,CLM-01357_v2.png,train/manual_review/CLM-01357_v2.png
CLM-01374,train,Manual Review,1,CLM-01374_v1.png,train/manual_review/CLM-01374_v1.png
CLM-01374,train,Manual Review,2,CLM-01374_v2.png,train/manual_review/CLM-01374_v2.png
CLM-00020,train,Valid Claim,1,CLM-00020_v1.png,train/valid/CLM-00020_v1.png
CLM-00020,train,Valid Claim,2,CLM-00020_v2.png,train/valid/CLM-00020_v2.png
CLM-00335,train,Valid Claim,1,CLM-00335_v1.png,train/valid/CLM-00335_v1.png
CLM-00335,train,Valid Claim,2,CLM-00335_v2.png,train/valid/CLM-00335_v2.png
CLM-00790,train,Invalid Claim,1,CLM-00790_v1.png,train/invalid/CLM-00790_v1.png
CLM-00790,train,Invalid Claim,2,CLM-00790_v2.png,train/invalid/CLM-00790_v2.png
CLM-01447,train,Manual Review,1,CLM-01447_v1.png,train/manual_review/CLM-01447_v1.png
CLM-01447,train,Manual Review,2,CLM-01447_v2.png,train/manual_review/CLM-01447_v2.png
CLM-01226,train,Manual Review,1,CLM-01226_v1.png,train/manual_review/CLM-01226_v1.png
CLM-01226,train,Manual Review,2,CLM-01226_v2.png,train/manual_review/CLM-01226_v2.png
CLM-00745,train,Invalid Claim,1,CLM-00745_v1.png,train/invalid/CLM-00745_v1.png
CLM-00745,train,Invalid Claim,2,CLM-00745_v2.png,train/invalid/CLM-00745_v2.png
CLM-01397,train,Manual Review,1,CLM-01397_v1.png,train/manual_review/CLM-01397_v1.png
CLM-01397,train,Manual Review,2,CLM-01397_v2.png,train/manual_review/CLM-01397_v2.png
CLM-00453,train,Valid Claim,1,CLM-00453_v1.png,train/valid/CLM-00453_v1.png
CLM-00453,train,Valid Claim,2,CLM-00453_v2.png,train/valid/CLM-00453_v2.png
CLM-01007,train,Manual Review,1,CLM-01007_v1.png,train/manual_review/CLM-01007_v1.png
CLM-01007,train,Manual Review,2,CLM-01007_v2.png,train/manual_review/CLM-01007_v2.png
CLM-01448,train,Manual Review,1,CLM-01448_v1.png,train/manual_review/CLM-01448_v1.png
CLM-01448,train,Manual Review,2,CLM-01448_v2.png,train/manual_review/CLM-01448_v2.png
CLM-01053,train,Manual Review,1,CLM-01053_v1.png,train/manual_review/CLM-01053_v1.png
CLM-01053,train,Manual Review,2,CLM-01053_v2.png,train/manual_review/CLM-01053_v2.png
CLM-00673,train,Invalid Claim,1,CLM-00673_v1.png,train/invalid/CLM-00673_v1.png
CLM-00673,train,Invalid Claim,2,CLM-00673_v2.png,train/invalid/CLM-00673_v2.png
CLM-00816,train,Invalid Claim,1,CLM-00816_v1.png,train/invalid/CLM-00816_v1.png
CLM-00816,train,Invalid Claim,2,CLM-00816_v2.png,train/invalid/CLM-00816_v2.png
CLM-00983,train,Invalid Claim,1,CLM-00983_v1.png,train/invalid/CLM-00983_v1.png
CLM-00983,train,Invalid Claim,2,CLM-00983_v2.png,train/invalid/CLM-00983_v2.png
CLM-00366,train,Valid Claim,1,CLM-00366_v1.png,train/valid/CLM-00366_v1.png
CLM-00366,train,Valid Claim,2,CLM-00366_v2.png,train/valid/CLM-00366_v2.png
CLM-00167,train,Valid Claim,1,CLM-00167_v1.png,train/valid/CLM-00167_v1.png
CLM-00167,train,Valid Claim,2,CLM-00167_v2.png,train/valid/CLM-00167_v2.png
CLM-01215,train,Manual Review,1,CLM-01215_v1.png,train/manual_review/CLM-01215_v1.png
CLM-01215,train,Manual Review,2,CLM-01215_v2.png,train/manual_review/CLM-01215_v2.png
CLM-00675,train,Invalid Claim,1,CLM-00675_v1.png,train/invalid/CLM-00675_v1.png
CLM-00675,train,Invalid Claim,2,CLM-00675_v2.png,train/invalid/CLM-00675_v2.png
CLM-00513,train,Invalid Claim,1,CLM-00513_v1.png,train/invalid/CLM-00513_v1.png
CLM-00513,train,Invalid Claim,2,CLM-00513_v2.png,train/invalid/CLM-00513_v2.png
CLM-00808,train,Invalid Claim,1,CLM-00808_v1.png,train/invalid/CLM-00808_v1.png
CLM-00808,train,Invalid Claim,2,CLM-00808_v2.png,train/invalid/CLM-00808_v2.png
CLM-00987,train,Invalid Claim,1,CLM-00987_v1.png,train/invalid/CLM-00987_v1.png
CLM-00987,train,Invalid Claim,2,CLM-00987_v2.png,train/invalid/CLM-00987_v2.png
CLM-00006,train,Valid Claim,1,CLM-00006_v1.png,train/valid/CLM-00006_v1.png
CLM-00006,train,Valid Claim,2,CLM-00006_v2.png,train/valid/CLM-00006_v2.png
CLM-00036,train,Valid Claim,1,CLM-00036_v1.png,train/valid/CLM-00036_v1.png
CLM-00036,train,Valid Claim,2,CLM-00036_v2.png,train/valid/CLM-00036_v2.png
CLM-00789,train,Invalid Claim,1,CLM-00789_v1.png,train/invalid/CLM-00789_v1.png
CLM-00789,train,Invalid Claim,2,CLM-00789_v2.png,train/invalid/CLM-00789_v2.png
CLM-00285,train,Valid Claim,1,CLM-00285_v1.png,train/valid/CLM-00285_v1.png
CLM-00285,train,Valid Claim,2,CLM-00285_v2.png,train/valid/CLM-00285_v2.png
CLM-00099,train,Valid Claim,1,CLM-00099_v1.png,train/valid/CLM-00099_v1.png
CLM-00099,train,Valid Claim,2,CLM-00099_v2.png,train/valid/CLM-00099_v2.png
CLM-00803,train,Invalid Claim,1,CLM-00803_v1.png,train/invalid/CLM-00803_v1.png
CLM-00803,train,Invalid Claim,2,CLM-00803_v2.png,train/invalid/CLM-00803_v2.png
CLM-00740,train,Invalid Claim,1,CLM-00740_v1.png,train/invalid/CLM-00740_v1.png
CLM-00740,train,Invalid Claim,2,CLM-00740_v2.png,train/invalid/CLM-00740_v2.png
CLM-01087,train,Manual Review,1,CLM-01087_v1.png,train/manual_review/CLM-01087_v1.png
CLM-01087,train,Manual Review,2,CLM-01087_v2.png,train/manual_review/CLM-01087_v2.png
CLM-00154,train,Valid Claim,1,CLM-00154_v1.png,train/valid/CLM-00154_v1.png
CLM-00154,train,Valid Claim,2,CLM-00154_v2.png,train/valid/CLM-00154_v2.png
CLM-00624,train,Invalid Claim,1,CLM-00624_v1.png,train/invalid/CLM-00624_v1.png
CLM-00624,train,Invalid Claim,2,CLM-00624_v2.png,train/invalid/CLM-00624_v2.png
CLM-00841,train,Invalid Claim,1,CLM-00841_v1.png,train/invalid/CLM-00841_v1.png
CLM-00841,train,Invalid Claim,2,CLM-00841_v2.png,train/invalid/CLM-00841_v2.png
CLM-00706,train,Invalid Claim,1,CLM-00706_v1.png,train/invalid/CLM-00706_v1.png
CLM-00706,train,Invalid Claim,2,CLM-00706_v2.png,train/invalid/CLM-00706_v2.png
CLM-00853,train,Invalid Claim,1,CLM-00853_v1.png,train/invalid/CLM-00853_v1.png
CLM-00853,train,Invalid Claim,2,CLM-00853_v2.png,train/invalid/CLM-00853_v2.png
CLM-00758,train,Invalid Claim,1,CLM-00758_v1.png,train/invalid/CLM-00758_v1.png
CLM-00758,train,Invalid Claim,2,CLM-00758_v2.png,train/invalid/CLM-00758_v2.png
CLM-01127,train,Manual Review,1,CLM-01127_v1.png,train/manual_review/CLM-01127_v1.png
CLM-01127,train,Manual Review,2,CLM-01127_v2.png,train/manual_review/CLM-01127_v2.png
CLM-00910,train,Invalid Claim,1,CLM-00910_v1.png,train/invalid/CLM-00910_v1.png
CLM-00910,train,Invalid Claim,2,CLM-00910_v2.png,train/invalid/CLM-00910_v2.png
CLM-00937,train,Invalid Claim,1,CLM-00937_v1.png,train/invalid/CLM-00937_v1.png
CLM-00937,train,Invalid Claim,2,CLM-00937_v2.png,train/invalid/CLM-00937_v2.png
CLM-00588,train,Invalid Claim,1,CLM-00588_v1.png,train/invalid/CLM-00588_v1.png
CLM-00588,train,Invalid Claim,2,CLM-00588_v2.png,train/invalid/CLM-00588_v2.png
CLM-01326,train,Manual Review,1,CLM-01326_v1.png,train/manual_review/CLM-01326_v1.png
CLM-01326,train,Manual Review,2,CLM-01326_v2.png,train/manual_review/CLM-01326_v2.png
CLM-00667,train,Invalid Claim,1,CLM-00667_v1.png,train/invalid/CLM-00667_v1.png
CLM-00667,train,Invalid Claim,2,CLM-00667_v2.png,train/invalid/CLM-00667_v2.png
CLM-00630,train,Invalid Claim,1,CLM-00630_v1.png,train/invalid/CLM-00630_v1.png
CLM-00630,train,Invalid Claim,2,CLM-00630_v2.png,train/invalid/CLM-00630_v2.png
CLM-00226,train,Valid Claim,1,CLM-00226_v1.png,train/valid/CLM-00226_v1.png
CLM-00226,train,Valid Claim,2,CLM-00226_v2.png,train/valid/CLM-00226_v2.png
CLM-01107,train,Manual Review,1,CLM-01107_v1.png,train/manual_review/CLM-01107_v1.png
CLM-01107,train,Manual Review,2,CLM-01107_v2.png,train/manual_review/CLM-01107_v2.png
CLM-00603,train,Invalid Claim,1,CLM-00603_v1.png,train/invalid/CLM-00603_v1.png
CLM-00603,train,Invalid Claim,2,CLM-00603_v2.png,train/invalid/CLM-00603_v2.png
CLM-00563,train,Invalid Claim,1,CLM-00563_v1.png,train/invalid/CLM-00563_v1.png
CLM-00563,train,Invalid Claim,2,CLM-00563_v2.png,train/invalid/CLM-00563_v2.png
CLM-00493,train,Valid Claim,1,CLM-00493_v1.png,train/valid/CLM-00493_v1.png
CLM-00493,train,Valid Claim,2,CLM-00493_v2.png,train/valid/CLM-00493_v2.png
CLM-00600,train,Invalid Claim,1,CLM-00600_v1.png,train/invalid/CLM-00600_v1.png
CLM-00600,train,Invalid Claim,2,CLM-00600_v2.png,train/invalid/CLM-00600_v2.png
CLM-00450,train,Valid Claim,1,CLM-00450_v1.png,train/valid/CLM-00450_v1.png
CLM-00450,train,Valid Claim,2,CLM-00450_v2.png,train/valid/CLM-00450_v2.png
CLM-01485,train,Manual Review,1,CLM-01485_v1.png,train/manual_review/CLM-01485_v1.png
CLM-01485,train,Manual Review,2,CLM-01485_v2.png,train/manual_review/CLM-01485_v2.png
CLM-01322,train,Manual Review,1,CLM-01322_v1.png,train/manual_review/CLM-01322_v1.png
CLM-01322,train,Manual Review,2,CLM-01322_v2.png,train/manual_review/CLM-01322_v2.png
CLM-01151,train,Manual Review,1,CLM-01151_v1.png,train/manual_review/CLM-01151_v1.png
CLM-01151,train,Manual Review,2,CLM-01151_v2.png,train/manual_review/CLM-01151_v2.png
CLM-00690,train,Invalid Claim,1,CLM-00690_v1.png,train/invalid/CLM-00690_v1.png
CLM-00690,train,Invalid Claim,2,CLM-00690_v2.png,train/invalid/CLM-00690_v2.png
CLM-00185,train,Valid Claim,1,CLM-00185_v1.png,train/valid/CLM-00185_v1.png
CLM-00185,train,Valid Claim,2,CLM-00185_v2.png,train/valid/CLM-00185_v2.png
CLM-00886,train,Invalid Claim,1,CLM-00886_v1.png,train/invalid/CLM-00886_v1.png
CLM-00886,train,Invalid Claim,2,CLM-00886_v2.png,train/invalid/CLM-00886_v2.png
CLM-00637,train,Invalid Claim,1,CLM-00637_v1.png,train/invalid/CLM-00637_v1.png
CLM-00637,train,Invalid Claim,2,CLM-00637_v2.png,train/invalid/CLM-00637_v2.png
CLM-00160,train,Valid Claim,1,CLM-00160_v1.png,train/valid/CLM-00160_v1.png
CLM-00160,train,Valid Claim,2,CLM-00160_v2.png,train/valid/CLM-00160_v2.png
CLM-00295,train,Valid Claim,1,CLM-00295_v1.png,train/valid/CLM-00295_v1.png
CLM-00295,train,Valid Claim,2,CLM-00295_v2.png,train/valid/CLM-00295_v2.png
CLM-00651,train,Invalid Claim,1,CLM-00651_v1.png,train/invalid/CLM-00651_v1.png
CLM-00651,train,Invalid Claim,2,CLM-00651_v2.png,train/invalid/CLM-00651_v2.png
CLM-01202,train,Manual Review,1,CLM-01202_v1.png,train/manual_review/CLM-01202_v1.png
CLM-01202,train,Manual Review,2,CLM-01202_v2.png,train/manual_review/CLM-01202_v2.png
CLM-00551,train,Invalid Claim,1,CLM-00551_v1.png,train/invalid/CLM-00551_v1.png
CLM-00551,train,Invalid Claim,2,CLM-00551_v2.png,train/invalid/CLM-00551_v2.png
CLM-00991,train,Invalid Claim,1,CLM-00991_v1.png,train/invalid/CLM-00991_v1.png
CLM-00991,train,Invalid Claim,2,CLM-00991_v2.png,train/invalid/CLM-00991_v2.png
CLM-01113,train,Manual Review,1,CLM-01113_v1.png,train/manual_review/CLM-01113_v1.png
CLM-01113,train,Manual Review,2,CLM-01113_v2.png,train/manual_review/CLM-01113_v2.png
CLM-01056,train,Manual Review,1,CLM-01056_v1.png,train/manual_review/CLM-01056_v1.png
CLM-01056,train,Manual Review,2,CLM-01056_v2.png,train/manual_review/CLM-01056_v2.png
CLM-01171,train,Manual Review,1,CLM-01171_v1.png,train/manual_review/CLM-01171_v1.png
CLM-01171,train,Manual Review,2,CLM-01171_v2.png,train/manual_review/CLM-01171_v2.png
CLM-00596,train,Invalid Claim,1,CLM-00596_v1.png,train/invalid/CLM-00596_v1.png
CLM-00596,train,Invalid Claim,2,CLM-00596_v2.png,train/invalid/CLM-00596_v2.png
CLM-00153,train,Valid Claim,1,CLM-00153_v1.png,train/valid/CLM-00153_v1.png
CLM-00153,train,Valid Claim,2,CLM-00153_v2.png,train/valid/CLM-00153_v2.png
CLM-00182,train,Valid Claim,1,CLM-00182_v1.png,train/valid/CLM-00182_v1.png
CLM-00182,train,Valid Claim,2,CLM-00182_v2.png,train/valid/CLM-00182_v2.png
CLM-00223,train,Valid Claim,1,CLM-00223_v1.png,train/valid/CLM-00223_v1.png
CLM-00223,train,Valid Claim,2,CLM-00223_v2.png,train/valid/CLM-00223_v2.png
CLM-00900,train,Invalid Claim,1,CLM-00900_v1.png,train/invalid/CLM-00900_v1.png
CLM-00900,train,Invalid Claim,2,CLM-00900_v2.png,train/invalid/CLM-00900_v2.png
CLM-00277,train,Valid Claim,1,CLM-00277_v1.png,train/valid/CLM-00277_v1.png
CLM-00277,train,Valid Claim,2,CLM-00277_v2.png,train/valid/CLM-00277_v2.png
CLM-01187,train,Manual Review,1,CLM-01187_v1.png,train/manual_review/CLM-01187_v1.png
CLM-01187,train,Manual Review,2,CLM-01187_v2.png,train/manual_review/CLM-01187_v2.png
CLM-00180,train,Valid Claim,1,CLM-00180_v1.png,train/valid/CLM-00180_v1.png
CLM-00180,train,Valid Claim,2,CLM-00180_v2.png,train/valid/CLM-00180_v2.png
CLM-00388,train,Valid Claim,1,CLM-00388_v1.png,train/valid/CLM-00388_v1.png
CLM-00388,train,Valid Claim,2,CLM-00388_v2.png,train/valid/CLM-00388_v2.png
CLM-00234,train,Valid Claim,1,CLM-00234_v1.png,train/valid/CLM-00234_v1.png
CLM-00234,train,Valid Claim,2,CLM-00234_v2.png,train/valid/CLM-00234_v2.png
CLM-00750,train,Invalid Claim,1,CLM-00750_v1.png,train/invalid/CLM-00750_v1.png
CLM-00750,train,Invalid Claim,2,CLM-00750_v2.png,train/invalid/CLM-00750_v2.png
CLM-00023,train,Valid Claim,1,CLM-00023_v1.png,train/valid/CLM-00023_v1.png
CLM-00023,train,Valid Claim,2,CLM-00023_v2.png,train/valid/CLM-00023_v2.png
CLM-00820,train,Invalid Claim,1,CLM-00820_v1.png,train/invalid/CLM-00820_v1.png
CLM-00820,train,Invalid Claim,2,CLM-00820_v2.png,train/invalid/CLM-00820_v2.png
CLM-01131,train,Manual Review,1,CLM-01131_v1.png,train/manual_review/CLM-01131_v1.png
CLM-01131,train,Manual Review,2,CLM-01131_v2.png,train/manual_review/CLM-01131_v2.png
CLM-01474,train,Manual Review,1,CLM-01474_v1.png,train/manual_review/CLM-01474_v1.png
CLM-01474,train,Manual Review,2,CLM-01474_v2.png,train/manual_review/CLM-01474_v2.png
CLM-01146,train,Manual Review,1,CLM-01146_v1.png,train/manual_review/CLM-01146_v1.png
CLM-01146,train,Manual Review,2,CLM-01146_v2.png,train/manual_review/CLM-01146_v2.png
CLM-00350,train,Valid Claim,1,CLM-00350_v1.png,train/valid/CLM-00350_v1.png
CLM-00350,train,Valid Claim,2,CLM-00350_v2.png,train/valid/CLM-00350_v2.png
CLM-00812,train,Invalid Claim,1,CLM-00812_v1.png,train/invalid/CLM-00812_v1.png
CLM-00812,train,Invalid Claim,2,CLM-00812_v2.png,train/invalid/CLM-00812_v2.png
CLM-00889,train,Invalid Claim,1,CLM-00889_v1.png,train/invalid/CLM-00889_v1.png
CLM-00889,train,Invalid Claim,2,CLM-00889_v2.png,train/invalid/CLM-00889_v2.png
CLM-01018,train,Manual Review,1,CLM-01018_v1.png,train/manual_review/CLM-01018_v1.png
CLM-01018,train,Manual Review,2,CLM-01018_v2.png,train/manual_review/CLM-01018_v2.png
CLM-00086,train,Valid Claim,1,CLM-00086_v1.png,train/valid/CLM-00086_v1.png
CLM-00086,train,Valid Claim,2,CLM-00086_v2.png,train/valid/CLM-00086_v2.png
CLM-01412,train,Manual Review,1,CLM-01412_v1.png,train/manual_review/CLM-01412_v1.png
CLM-01412,train,Manual Review,2,CLM-01412_v2.png,train/manual_review/CLM-01412_v2.png
CLM-00126,train,Valid Claim,1,CLM-00126_v1.png,train/valid/CLM-00126_v1.png
CLM-00126,train,Valid Claim,2,CLM-00126_v2.png,train/valid/CLM-00126_v2.png
CLM-00890,train,Invalid Claim,1,CLM-00890_v1.png,train/invalid/CLM-00890_v1.png
CLM-00890,train,Invalid Claim,2,CLM-00890_v2.png,train/invalid/CLM-00890_v2.png
CLM-00488,train,Valid Claim,1,CLM-00488_v1.png,train/valid/CLM-00488_v1.png
CLM-00488,train,Valid Claim,2,CLM-00488_v2.png,train/valid/CLM-00488_v2.png
CLM-01441,train,Manual Review,1,CLM-01441_v1.png,train/manual_review/CLM-01441_v1.png
CLM-01441,train,Manual Review,2,CLM-01441_v2.png,train/manual_review/CLM-01441_v2.png
CLM-00326,train,Valid Claim,1,CLM-00326_v1.png,train/valid/CLM-00326_v1.png
CLM-00326,train,Valid Claim,2,CLM-00326_v2.png,train/valid/CLM-00326_v2.png
CLM-01345,train,Manual Review,1,CLM-01345_v1.png,train/manual_review/CLM-01345_v1.png
CLM-01345,train,Manual Review,2,CLM-01345_v2.png,train/manual_review/CLM-01345_v2.png
CLM-00764,train,Invalid Claim,1,CLM-00764_v1.png,train/invalid/CLM-00764_v1.png
CLM-00764,train,Invalid Claim,2,CLM-00764_v2.png,train/invalid/CLM-00764_v2.png
CLM-00497,train,Valid Claim,1,CLM-00497_v1.png,train/valid/CLM-00497_v1.png
CLM-00497,train,Valid Claim,2,CLM-00497_v2.png,train/valid/CLM-00497_v2.png
CLM-00001,train,Valid Claim,1,CLM-00001_v1.png,train/valid/CLM-00001_v1.png
CLM-00001,train,Valid Claim,2,CLM-00001_v2.png,train/valid/CLM-00001_v2.png
CLM-01252,train,Manual Review,1,CLM-01252_v1.png,train/manual_review/CLM-01252_v1.png
CLM-01252,train,Manual Review,2,CLM-01252_v2.png,train/manual_review/CLM-01252_v2.png
CLM-00756,train,Invalid Claim,1,CLM-00756_v1.png,train/invalid/CLM-00756_v1.png
CLM-00756,train,Invalid Claim,2,CLM-00756_v2.png,train/invalid/CLM-00756_v2.png
CLM-00518,train,Invalid Claim,1,CLM-00518_v1.png,train/invalid/CLM-00518_v1.png
CLM-00518,train,Invalid Claim,2,CLM-00518_v2.png,train/invalid/CLM-00518_v2.png
CLM-00213,train,Valid Claim,1,CLM-00213_v1.png,train/valid/CLM-00213_v1.png
CLM-00213,train,Valid Claim,2,CLM-00213_v2.png,train/valid/CLM-00213_v2.png
CLM-00423,train,Valid Claim,1,CLM-00423_v1.png,train/valid/CLM-00423_v1.png
CLM-00423,train,Valid Claim,2,CLM-00423_v2.png,train/valid/CLM-00423_v2.png
CLM-00294,train,Valid Claim,1,CLM-00294_v1.png,train/valid/CLM-00294_v1.png
CLM-00294,train,Valid Claim,2,CLM-00294_v2.png,train/valid/CLM-00294_v2.png
CLM-00804,train,Invalid Claim,1,CLM-00804_v1.png,train/invalid/CLM-00804_v1.png
CLM-00804,train,Invalid Claim,2,CLM-00804_v2.png,train/invalid/CLM-00804_v2.png
CLM-00559,train,Invalid Claim,1,CLM-00559_v1.png,train/invalid/CLM-00559_v1.png
CLM-00559,train,Invalid Claim,2,CLM-00559_v2.png,train/invalid/CLM-00559_v2.png
CLM-00219,train,Valid Claim,1,CLM-00219_v1.png,train/valid/CLM-00219_v1.png
CLM-00219,train,Valid Claim,2,CLM-00219_v2.png,train/valid/CLM-00219_v2.png
CLM-01003,train,Manual Review,1,CLM-01003_v1.png,train/manual_review/CLM-01003_v1.png
CLM-01003,train,Manual Review,2,CLM-01003_v2.png,train/manual_review/CLM-01003_v2.png
CLM-00508,train,Invalid Claim,1,CLM-00508_v1.png,train/invalid/CLM-00508_v1.png
CLM-00508,train,Invalid Claim,2,CLM-00508_v2.png,train/invalid/CLM-00508_v2.png
CLM-00940,train,Invalid Claim,1,CLM-00940_v1.png,train/invalid/CLM-00940_v1.png
CLM-00940,train,Invalid Claim,2,CLM-00940_v2.png,train/invalid/CLM-00940_v2.png
CLM-00868,train,Invalid Claim,1,CLM-00868_v1.png,train/invalid/CLM-00868_v1.png
CLM-00868,train,Invalid Claim,2,CLM-00868_v2.png,train/invalid/CLM-00868_v2.png
CLM-00272,train,Valid Claim,1,CLM-00272_v1.png,train/valid/CLM-00272_v1.png
CLM-00272,train,Valid Claim,2,CLM-00272_v2.png,train/valid/CLM-00272_v2.png
CLM-00467,train,Valid Claim,1,CLM-00467_v1.png,train/valid/CLM-00467_v1.png
CLM-00467,train,Valid Claim,2,CLM-00467_v2.png,train/valid/CLM-00467_v2.png
CLM-00591,train,Invalid Claim,1,CLM-00591_v1.png,train/invalid/CLM-00591_v1.png
CLM-00591,train,Invalid Claim,2,CLM-00591_v2.png,train/invalid/CLM-00591_v2.png
CLM-01369,train,Manual Review,1,CLM-01369_v1.png,train/manual_review/CLM-01369_v1.png
CLM-01369,train,Manual Review,2,CLM-01369_v2.png,train/manual_review/CLM-01369_v2.png
CLM-00339,train,Valid Claim,1,CLM-00339_v1.png,train/valid/CLM-00339_v1.png
CLM-00339,train,Valid Claim,2,CLM-00339_v2.png,train/valid/CLM-00339_v2.png
CLM-01370,train,Manual Review,1,CLM-01370_v1.png,train/manual_review/CLM-01370_v1.png
CLM-01370,train,Manual Review,2,CLM-01370_v2.png,train/manual_review/CLM-01370_v2.png
CLM-01432,train,Manual Review,1,CLM-01432_v1.png,train/manual_review/CLM-01432_v1.png
CLM-01432,train,Manual Review,2,CLM-01432_v2.png,train/manual_review/CLM-01432_v2.png
CLM-00939,train,Invalid Claim,1,CLM-00939_v1.png,train/invalid/CLM-00939_v1.png
CLM-00939,train,Invalid Claim,2,CLM-00939_v2.png,train/invalid/CLM-00939_v2.png
CLM-00330,train,Valid Claim,1,CLM-00330_v1.png,train/valid/CLM-00330_v1.png
CLM-00330,train,Valid Claim,2,CLM-00330_v2.png,train/valid/CLM-00330_v2.png
CLM-00232,train,Valid Claim,1,CLM-00232_v1.png,train/valid/CLM-00232_v1.png
CLM-00232,train,Valid Claim,2,CLM-00232_v2.png,train/valid/CLM-00232_v2.png
CLM-00047,train,Valid Claim,1,CLM-00047_v1.png,train/valid/CLM-00047_v1.png
CLM-00047,train,Valid Claim,2,CLM-00047_v2.png,train/valid/CLM-00047_v2.png
CLM-00402,train,Valid Claim,1,CLM-00402_v1.png,train/valid/CLM-00402_v1.png
CLM-00402,train,Valid Claim,2,CLM-00402_v2.png,train/valid/CLM-00402_v2.png
CLM-00096,train,Valid Claim,1,CLM-00096_v1.png,train/valid/CLM-00096_v1.png
CLM-00096,train,Valid Claim,2,CLM-00096_v2.png,train/valid/CLM-00096_v2.png
CLM-01385,train,Manual Review,1,CLM-01385_v1.png,train/manual_review/CLM-01385_v1.png
CLM-01385,train,Manual Review,2,CLM-01385_v2.png,train/manual_review/CLM-01385_v2.png
CLM-01325,train,Manual Review,1,CLM-01325_v1.png,train/manual_review/CLM-01325_v1.png
CLM-01325,train,Manual Review,2,CLM-01325_v2.png,train/manual_review/CLM-01325_v2.png
CLM-01266,train,Manual Review,1,CLM-01266_v1.png,train/manual_review/CLM-01266_v1.png
CLM-01266,train,Manual Review,2,CLM-01266_v2.png,train/manual_review/CLM-01266_v2.png
CLM-00055,train,Valid Claim,1,CLM-00055_v1.png,train/valid/CLM-00055_v1.png
CLM-00055,train,Valid Claim,2,CLM-00055_v2.png,train/valid/CLM-00055_v2.png
CLM-00631,train,Invalid Claim,1,CLM-00631_v1.png,train/invalid/CLM-00631_v1.png
CLM-00631,train,Invalid Claim,2,CLM-00631_v2.png,train/invalid/CLM-00631_v2.png
CLM-01205,train,Manual Review,1,CLM-01205_v1.png,train/manual_review/CLM-01205_v1.png
CLM-01205,train,Manual Review,2,CLM-01205_v2.png,train/manual_review/CLM-01205_v2.png
CLM-00093,train,Valid Claim,1,CLM-00093_v1.png,train/valid/CLM-00093_v1.png
CLM-00093,train,Valid Claim,2,CLM-00093_v2.png,train/valid/CLM-00093_v2.png
CLM-00187,train,Valid Claim,1,CLM-00187_v1.png,train/valid/CLM-00187_v1.png
CLM-00187,train,Valid Claim,2,CLM-00187_v2.png,train/valid/CLM-00187_v2.png
CLM-01182,train,Manual Review,1,CLM-01182_v1.png,train/manual_review/CLM-01182_v1.png
CLM-01182,train,Manual Review,2,CLM-01182_v2.png,train/manual_review/CLM-01182_v2.png
CLM-00063,train,Valid Claim,1,CLM-00063_v1.png,train/valid/CLM-00063_v1.png
CLM-00063,train,Valid Claim,2,CLM-00063_v2.png,train/valid/CLM-00063_v2.png
CLM-00304,train,Valid Claim,1,CLM-00304_v1.png,train/valid/CLM-00304_v1.png
CLM-00304,train,Valid Claim,2,CLM-00304_v2.png,train/valid/CLM-00304_v2.png
CLM-00425,train,Valid Claim,1,CLM-00425_v1.png,train/valid/CLM-00425_v1.png
CLM-00425,train,Valid Claim,2,CLM-00425_v2.png,train/valid/CLM-00425_v2.png
CLM-01086,train,Manual Review,1,CLM-01086_v1.png,train/manual_review/CLM-01086_v1.png
CLM-01086,train,Manual Review,2,CLM-01086_v2.png,train/manual_review/CLM-01086_v2.png
CLM-01329,train,Manual Review,1,CLM-01329_v1.png,train/manual_review/CLM-01329_v1.png
CLM-01329,train,Manual Review,2,CLM-01329_v2.png,train/manual_review/CLM-01329_v2.png
CLM-00378,train,Valid Claim,1,CLM-00378_v1.png,train/valid/CLM-00378_v1.png
CLM-00378,train,Valid Claim,2,CLM-00378_v2.png,train/valid/CLM-00378_v2.png
CLM-00691,train,Invalid Claim,1,CLM-00691_v1.png,train/invalid/CLM-00691_v1.png
CLM-00691,train,Invalid Claim,2,CLM-00691_v2.png,train/invalid/CLM-00691_v2.png
CLM-01368,train,Manual Review,1,CLM-01368_v1.png,train/manual_review/CLM-01368_v1.png
CLM-01368,train,Manual Review,2,CLM-01368_v2.png,train/manual_review/CLM-01368_v2.png
CLM-00239,train,Valid Claim,1,CLM-00239_v1.png,train/valid/CLM-00239_v1.png
CLM-00239,train,Valid Claim,2,CLM-00239_v2.png,train/valid/CLM-00239_v2.png
CLM-00769,train,Invalid Claim,1,CLM-00769_v1.png,train/invalid/CLM-00769_v1.png
CLM-00769,train,Invalid Claim,2,CLM-00769_v2.png,train/invalid/CLM-00769_v2.png
CLM-00714,train,Invalid Claim,1,CLM-00714_v1.png,train/invalid/CLM-00714_v1.png
CLM-00714,train,Invalid Claim,2,CLM-00714_v2.png,train/invalid/CLM-00714_v2.png
CLM-01338,train,Manual Review,1,CLM-01338_v1.png,train/manual_review/CLM-01338_v1.png
CLM-01338,train,Manual Review,2,CLM-01338_v2.png,train/manual_review/CLM-01338_v2.png
CLM-00173,train,Valid Claim,1,CLM-00173_v1.png,train/valid/CLM-00173_v1.png
CLM-00173,train,Valid Claim,2,CLM-00173_v2.png,train/valid/CLM-00173_v2.png
CLM-00426,train,Valid Claim,1,CLM-00426_v1.png,train/valid/CLM-00426_v1.png
CLM-00426,train,Valid Claim,2,CLM-00426_v2.png,train/valid/CLM-00426_v2.png
CLM-01152,train,Manual Review,1,CLM-01152_v1.png,train/manual_review/CLM-01152_v1.png
CLM-01152,train,Manual Review,2,CLM-01152_v2.png,train/manual_review/CLM-01152_v2.png
CLM-01191,train,Manual Review,1,CLM-01191_v1.png,train/manual_review/CLM-01191_v1.png
CLM-01191,train,Manual Review,2,CLM-01191_v2.png,train/manual_review/CLM-01191_v2.png
CLM-01439,train,Manual Review,1,CLM-01439_v1.png,train/manual_review/CLM-01439_v1.png
CLM-01439,train,Manual Review,2,CLM-01439_v2.png,train/manual_review/CLM-01439_v2.png
CLM-00959,train,Invalid Claim,1,CLM-00959_v1.png,train/invalid/CLM-00959_v1.png
CLM-00959,train,Invalid Claim,2,CLM-00959_v2.png,train/invalid/CLM-00959_v2.png
CLM-00689,train,Invalid Claim,1,CLM-00689_v1.png,train/invalid/CLM-00689_v1.png
CLM-00689,train,Invalid Claim,2,CLM-00689_v2.png,train/invalid/CLM-00689_v2.png
CLM-00916,train,Invalid Claim,1,CLM-00916_v1.png,train/invalid/CLM-00916_v1.png
CLM-00916,train,Invalid Claim,2,CLM-00916_v2.png,train/invalid/CLM-00916_v2.png
CLM-00487,train,Valid Claim,1,CLM-00487_v1.png,train/valid/CLM-00487_v1.png
CLM-00487,train,Valid Claim,2,CLM-00487_v2.png,train/valid/CLM-00487_v2.png
CLM-00263,train,Valid Claim,1,CLM-00263_v1.png,train/valid/CLM-00263_v1.png
CLM-00263,train,Valid Claim,2,CLM-00263_v2.png,train/valid/CLM-00263_v2.png
CLM-00009,train,Valid Claim,1,CLM-00009_v1.png,train/valid/CLM-00009_v1.png
CLM-00009,train,Valid Claim,2,CLM-00009_v2.png,train/valid/CLM-00009_v2.png
CLM-01423,train,Manual Review,1,CLM-01423_v1.png,train/manual_review/CLM-01423_v1.png
CLM-01423,train,Manual Review,2,CLM-01423_v2.png,train/manual_review/CLM-01423_v2.png
CLM-01204,train,Manual Review,1,CLM-01204_v1.png,train/manual_review/CLM-01204_v1.png
CLM-01204,train,Manual Review,2,CLM-01204_v2.png,train/manual_review/CLM-01204_v2.png
CLM-01348,train,Manual Review,1,CLM-01348_v1.png,train/manual_review/CLM-01348_v1.png
CLM-01348,train,Manual Review,2,CLM-01348_v2.png,train/manual_review/CLM-01348_v2.png
CLM-01264,train,Manual Review,1,CLM-01264_v1.png,train/manual_review/CLM-01264_v1.png
CLM-01264,train,Manual Review,2,CLM-01264_v2.png,train/manual_review/CLM-01264_v2.png
CLM-00358,train,Valid Claim,1,CLM-00358_v1.png,train/valid/CLM-00358_v1.png
CLM-00358,train,Valid Claim,2,CLM-00358_v2.png,train/valid/CLM-00358_v2.png
CLM-00569,train,Invalid Claim,1,CLM-00569_v1.png,train/invalid/CLM-00569_v1.png
CLM-00569,train,Invalid Claim,2,CLM-00569_v2.png,train/invalid/CLM-00569_v2.png
CLM-00100,train,Valid Claim,1,CLM-00100_v1.png,train/valid/CLM-00100_v1.png
CLM-00100,train,Valid Claim,2,CLM-00100_v2.png,train/valid/CLM-00100_v2.png
CLM-00721,train,Invalid Claim,1,CLM-00721_v1.png,train/invalid/CLM-00721_v1.png
CLM-00721,train,Invalid Claim,2,CLM-00721_v2.png,train/invalid/CLM-00721_v2.png
CLM-01122,train,Manual Review,1,CLM-01122_v1.png,train/manual_review/CLM-01122_v1.png
CLM-01122,train,Manual Review,2,CLM-01122_v2.png,train/manual_review/CLM-01122_v2.png
CLM-00832,train,Invalid Claim,1,CLM-00832_v1.png,train/invalid/CLM-00832_v1.png
CLM-00832,train,Invalid Claim,2,CLM-00832_v2.png,train/invalid/CLM-00832_v2.png
CLM-01022,train,Manual Review,1,CLM-01022_v1.png,train/manual_review/CLM-01022_v1.png
CLM-01022,train,Manual Review,2,CLM-01022_v2.png,train/manual_review/CLM-01022_v2.png
CLM-00324,train,Valid Claim,1,CLM-00324_v1.png,train/valid/CLM-00324_v1.png
CLM-00324,train,Valid Claim,2,CLM-00324_v2.png,train/valid/CLM-00324_v2.png
CLM-00040,train,Valid Claim,1,CLM-00040_v1.png,train/valid/CLM-00040_v1.png
CLM-00040,train,Valid Claim,2,CLM-00040_v2.png,train/valid/CLM-00040_v2.png
CLM-00281,train,Valid Claim,1,CLM-00281_v1.png,train/valid/CLM-00281_v1.png
CLM-00281,train,Valid Claim,2,CLM-00281_v2.png,train/valid/CLM-00281_v2.png
CLM-00269,train,Valid Claim,1,CLM-00269_v1.png,train/valid/CLM-00269_v1.png
CLM-00269,train,Valid Claim,2,CLM-00269_v2.png,train/valid/CLM-00269_v2.png
CLM-01431,train,Manual Review,1,CLM-01431_v1.png,train/manual_review/CLM-01431_v1.png
CLM-01431,train,Manual Review,2,CLM-01431_v2.png,train/manual_review/CLM-01431_v2.png
CLM-01342,train,Manual Review,1,CLM-01342_v1.png,train/manual_review/CLM-01342_v1.png
CLM-01342,train,Manual Review,2,CLM-01342_v2.png,train/manual_review/CLM-01342_v2.png
CLM-00301,train,Valid Claim,1,CLM-00301_v1.png,train/valid/CLM-00301_v1.png
CLM-00301,train,Valid Claim,2,CLM-00301_v2.png,train/valid/CLM-00301_v2.png
CLM-00449,train,Valid Claim,1,CLM-00449_v1.png,train/valid/CLM-00449_v1.png
CLM-00449,train,Valid Claim,2,CLM-00449_v2.png,train/valid/CLM-00449_v2.png
CLM-00643,train,Invalid Claim,1,CLM-00643_v1.png,train/invalid/CLM-00643_v1.png
CLM-00643,train,Invalid Claim,2,CLM-00643_v2.png,train/invalid/CLM-00643_v2.png
CLM-00574,train,Invalid Claim,1,CLM-00574_v1.png,train/invalid/CLM-00574_v1.png
CLM-00574,train,Invalid Claim,2,CLM-00574_v2.png,train/invalid/CLM-00574_v2.png
CLM-00315,train,Valid Claim,1,CLM-00315_v1.png,train/valid/CLM-00315_v1.png
CLM-00315,train,Valid Claim,2,CLM-00315_v2.png,train/valid/CLM-00315_v2.png
CLM-00095,train,Valid Claim,1,CLM-00095_v1.png,train/valid/CLM-00095_v1.png
CLM-00095,train,Valid Claim,2,CLM-00095_v2.png,train/valid/CLM-00095_v2.png
CLM-01262,train,Manual Review,1,CLM-01262_v1.png,train/manual_review/CLM-01262_v1.png
CLM-01262,train,Manual Review,2,CLM-01262_v2.png,train/manual_review/CLM-01262_v2.png
CLM-01436,train,Manual Review,1,CLM-01436_v1.png,train/manual_review/CLM-01436_v1.png
CLM-01436,train,Manual Review,2,CLM-01436_v2.png,train/manual_review/CLM-01436_v2.png
CLM-01413,train,Manual Review,1,CLM-01413_v1.png,train/manual_review/CLM-01413_v1.png
CLM-01413,train,Manual Review,2,CLM-01413_v2.png,train/manual_review/CLM-01413_v2.png
CLM-01372,train,Manual Review,1,CLM-01372_v1.png,train/manual_review/CLM-01372_v1.png
CLM-01372,train,Manual Review,2,CLM-01372_v2.png,train/manual_review/CLM-01372_v2.png
CLM-01453,train,Manual Review,1,CLM-01453_v1.png,train/manual_review/CLM-01453_v1.png
CLM-01453,train,Manual Review,2,CLM-01453_v2.png,train/manual_review/CLM-01453_v2.png
CLM-00861,train,Invalid Claim,1,CLM-00861_v1.png,train/invalid/CLM-00861_v1.png
CLM-00861,train,Invalid Claim,2,CLM-00861_v2.png,train/invalid/CLM-00861_v2.png
CLM-00718,train,Invalid Claim,1,CLM-00718_v1.png,train/invalid/CLM-00718_v1.png
CLM-00718,train,Invalid Claim,2,CLM-00718_v2.png,train/invalid/CLM-00718_v2.png
CLM-00235,train,Valid Claim,1,CLM-00235_v1.png,train/valid/CLM-00235_v1.png
CLM-00235,train,Valid Claim,2,CLM-00235_v2.png,train/valid/CLM-00235_v2.png
CLM-01004,train,Manual Review,1,CLM-01004_v1.png,train/manual_review/CLM-01004_v1.png
CLM-01004,train,Manual Review,2,CLM-01004_v2.png,train/manual_review/CLM-01004_v2.png
CLM-00028,train,Valid Claim,1,CLM-00028_v1.png,train/valid/CLM-00028_v1.png
CLM-00028,train,Valid Claim,2,CLM-00028_v2.png,train/valid/CLM-00028_v2.png
CLM-01051,train,Manual Review,1,CLM-01051_v1.png,train/manual_review/CLM-01051_v1.png
CLM-01051,train,Manual Review,2,CLM-01051_v2.png,train/manual_review/CLM-01051_v2.png
CLM-00151,train,Valid Claim,1,CLM-00151_v1.png,train/valid/CLM-00151_v1.png
CLM-00151,train,Valid Claim,2,CLM-00151_v2.png,train/valid/CLM-00151_v2.png
CLM-00138,train,Valid Claim,1,CLM-00138_v1.png,train/valid/CLM-00138_v1.png
CLM-00138,train,Valid Claim,2,CLM-00138_v2.png,train/valid/CLM-00138_v2.png
CLM-00847,train,Invalid Claim,1,CLM-00847_v1.png,train/invalid/CLM-00847_v1.png
CLM-00847,train,Invalid Claim,2,CLM-00847_v2.png,train/invalid/CLM-00847_v2.png
CLM-00289,train,Valid Claim,1,CLM-00289_v1.png,train/valid/CLM-00289_v1.png
CLM-00289,train,Valid Claim,2,CLM-00289_v2.png,train/valid/CLM-00289_v2.png
CLM-00079,train,Valid Claim,1,CLM-00079_v1.png,train/valid/CLM-00079_v1.png
CLM-00079,train,Valid Claim,2,CLM-00079_v2.png,train/valid/CLM-00079_v2.png
CLM-01078,train,Manual Review,1,CLM-01078_v1.png,train/manual_review/CLM-01078_v1.png
CLM-01078,train,Manual Review,2,CLM-01078_v2.png,train/manual_review/CLM-01078_v2.png
CLM-00645,train,Invalid Claim,1,CLM-00645_v1.png,train/invalid/CLM-00645_v1.png
CLM-00645,train,Invalid Claim,2,CLM-00645_v2.png,train/invalid/CLM-00645_v2.png
CLM-01314,train,Manual Review,1,CLM-01314_v1.png,train/manual_review/CLM-01314_v1.png
CLM-01314,train,Manual Review,2,CLM-01314_v2.png,train/manual_review/CLM-01314_v2.png
CLM-01239,train,Manual Review,1,CLM-01239_v1.png,train/manual_review/CLM-01239_v1.png
CLM-01239,train,Manual Review,2,CLM-01239_v2.png,train/manual_review/CLM-01239_v2.png
CLM-00629,train,Invalid Claim,1,CLM-00629_v1.png,train/invalid/CLM-00629_v1.png
CLM-00629,train,Invalid Claim,2,CLM-00629_v2.png,train/invalid/CLM-00629_v2.png
CLM-00379,train,Valid Claim,1,CLM-00379_v1.png,train/valid/CLM-00379_v1.png
CLM-00379,train,Valid Claim,2,CLM-00379_v2.png,train/valid/CLM-00379_v2.png
CLM-01234,train,Manual Review,1,CLM-01234_v1.png,train/manual_review/CLM-01234_v1.png
CLM-01234,train,Manual Review,2,CLM-01234_v2.png,train/manual_review/CLM-01234_v2.png
CLM-01169,train,Manual Review,1,CLM-01169_v1.png,train/manual_review/CLM-01169_v1.png
CLM-01169,train,Manual Review,2,CLM-01169_v2.png,train/manual_review/CLM-01169_v2.png
CLM-00147,train,Valid Claim,1,CLM-00147_v1.png,train/valid/CLM-00147_v1.png
CLM-00147,train,Valid Claim,2,CLM-00147_v2.png,train/valid/CLM-00147_v2.png
CLM-00361,train,Valid Claim,1,CLM-00361_v1.png,train/valid/CLM-00361_v1.png
CLM-00361,train,Valid Claim,2,CLM-00361_v2.png,train/valid/CLM-00361_v2.png
CLM-01172,train,Manual Review,1,CLM-01172_v1.png,train/manual_review/CLM-01172_v1.png
CLM-01172,train,Manual Review,2,CLM-01172_v2.png,train/manual_review/CLM-01172_v2.png
CLM-00676,train,Invalid Claim,1,CLM-00676_v1.png,train/invalid/CLM-00676_v1.png
CLM-00676,train,Invalid Claim,2,CLM-00676_v2.png,train/invalid/CLM-00676_v2.png
CLM-01061,train,Manual Review,1,CLM-01061_v1.png,train/manual_review/CLM-01061_v1.png
CLM-01061,train,Manual Review,2,CLM-01061_v2.png,train/manual_review/CLM-01061_v2.png
CLM-00567,train,Invalid Claim,1,CLM-00567_v1.png,train/invalid/CLM-00567_v1.png
CLM-00567,train,Invalid Claim,2,CLM-00567_v2.png,train/invalid/CLM-00567_v2.png
CLM-00271,train,Valid Claim,1,CLM-00271_v1.png,train/valid/CLM-00271_v1.png
CLM-00271,train,Valid Claim,2,CLM-00271_v2.png,train/valid/CLM-00271_v2.png
CLM-00411,train,Valid Claim,1,CLM-00411_v1.png,train/valid/CLM-00411_v1.png
CLM-00411,train,Valid Claim,2,CLM-00411_v2.png,train/valid/CLM-00411_v2.png
CLM-00797,train,Invalid Claim,1,CLM-00797_v1.png,train/invalid/CLM-00797_v1.png
CLM-00797,train,Invalid Claim,2,CLM-00797_v2.png,train/invalid/CLM-00797_v2.png
CLM-01376,train,Manual Review,1,CLM-01376_v1.png,train/manual_review/CLM-01376_v1.png
CLM-01376,train,Manual Review,2,CLM-01376_v2.png,train/manual_review/CLM-01376_v2.png
CLM-00613,train,Invalid Claim,1,CLM-00613_v1.png,train/invalid/CLM-00613_v1.png
CLM-00613,train,Invalid Claim,2,CLM-00613_v2.png,train/invalid/CLM-00613_v2.png
CLM-00893,train,Invalid Claim,1,CLM-00893_v1.png,train/invalid/CLM-00893_v1.png
CLM-00893,train,Invalid Claim,2,CLM-00893_v2.png,train/invalid/CLM-00893_v2.png
CLM-01292,train,Manual Review,1,CLM-01292_v1.png,train/manual_review/CLM-01292_v1.png
CLM-01292,train,Manual Review,2,CLM-01292_v2.png,train/manual_review/CLM-01292_v2.png
CLM-00854,train,Invalid Claim,1,CLM-00854_v1.png,train/invalid/CLM-00854_v1.png
CLM-00854,train,Invalid Claim,2,CLM-00854_v2.png,train/invalid/CLM-00854_v2.png
CLM-01208,train,Manual Review,1,CLM-01208_v1.png,train/manual_review/CLM-01208_v1.png
CLM-01208,train,Manual Review,2,CLM-01208_v2.png,train/manual_review/CLM-01208_v2.png
CLM-01160,train,Manual Review,1,CLM-01160_v1.png,train/manual_review/CLM-01160_v1.png
CLM-01160,train,Manual Review,2,CLM-01160_v2.png,train/manual_review/CLM-01160_v2.png
CLM-01461,train,Manual Review,1,CLM-01461_v1.png,train/manual_review/CLM-01461_v1.png
CLM-01461,train,Manual Review,2,CLM-01461_v2.png,train/manual_review/CLM-01461_v2.png
CLM-00397,train,Valid Claim,1,CLM-00397_v1.png,train/valid/CLM-00397_v1.png
CLM-00397,train,Valid Claim,2,CLM-00397_v2.png,train/valid/CLM-00397_v2.png
CLM-01331,train,Manual Review,1,CLM-01331_v1.png,train/manual_review/CLM-01331_v1.png
CLM-01331,train,Manual Review,2,CLM-01331_v2.png,train/manual_review/CLM-01331_v2.png
CLM-01339,train,Manual Review,1,CLM-01339_v1.png,train/manual_review/CLM-01339_v1.png
CLM-01339,train,Manual Review,2,CLM-01339_v2.png,train/manual_review/CLM-01339_v2.png
CLM-00809,train,Invalid Claim,1,CLM-00809_v1.png,train/invalid/CLM-00809_v1.png
CLM-00809,train,Invalid Claim,2,CLM-00809_v2.png,train/invalid/CLM-00809_v2.png
CLM-01487,train,Manual Review,1,CLM-01487_v1.png,train/manual_review/CLM-01487_v1.png
CLM-01487,train,Manual Review,2,CLM-01487_v2.png,train/manual_review/CLM-01487_v2.png
CLM-01224,train,Manual Review,1,CLM-01224_v1.png,train/manual_review/CLM-01224_v1.png
CLM-01224,train,Manual Review,2,CLM-01224_v2.png,train/manual_review/CLM-01224_v2.png
CLM-00994,train,Invalid Claim,1,CLM-00994_v1.png,train/invalid/CLM-00994_v1.png
CLM-00994,train,Invalid Claim,2,CLM-00994_v2.png,train/invalid/CLM-00994_v2.png
CLM-00053,train,Valid Claim,1,CLM-00053_v1.png,train/valid/CLM-00053_v1.png
CLM-00053,train,Valid Claim,2,CLM-00053_v2.png,train/valid/CLM-00053_v2.png
CLM-00965,train,Invalid Claim,1,CLM-00965_v1.png,train/invalid/CLM-00965_v1.png
CLM-00965,train,Invalid Claim,2,CLM-00965_v2.png,train/invalid/CLM-00965_v2.png
CLM-00254,train,Valid Claim,1,CLM-00254_v1.png,train/valid/CLM-00254_v1.png
CLM-00254,train,Valid Claim,2,CLM-00254_v2.png,train/valid/CLM-00254_v2.png
CLM-01192,train,Manual Review,1,CLM-01192_v1.png,train/manual_review/CLM-01192_v1.png
CLM-01192,train,Manual Review,2,CLM-01192_v2.png,train/manual_review/CLM-01192_v2.png
CLM-01048,train,Manual Review,1,CLM-01048_v1.png,train/manual_review/CLM-01048_v1.png
CLM-01048,train,Manual Review,2,CLM-01048_v2.png,train/manual_review/CLM-01048_v2.png
CLM-00305,train,Valid Claim,1,CLM-00305_v1.png,train/valid/CLM-00305_v1.png
CLM-00305,train,Valid Claim,2,CLM-00305_v2.png,train/valid/CLM-00305_v2.png
CLM-01359,train,Manual Review,1,CLM-01359_v1.png,train/manual_review/CLM-01359_v1.png
CLM-01359,train,Manual Review,2,CLM-01359_v2.png,train/manual_review/CLM-01359_v2.png
CLM-01259,train,Manual Review,1,CLM-01259_v1.png,train/manual_review/CLM-01259_v1.png
CLM-01259,train,Manual Review,2,CLM-01259_v2.png,train/manual_review/CLM-01259_v2.png
CLM-01166,train,Manual Review,1,CLM-01166_v1.png,train/manual_review/CLM-01166_v1.png
CLM-01166,train,Manual Review,2,CLM-01166_v2.png,train/manual_review/CLM-01166_v2.png
CLM-00247,train,Valid Claim,1,CLM-00247_v1.png,train/valid/CLM-00247_v1.png
CLM-00247,train,Valid Claim,2,CLM-00247_v2.png,train/valid/CLM-00247_v2.png
CLM-00249,train,Valid Claim,1,CLM-00249_v1.png,train/valid/CLM-00249_v1.png
CLM-00249,train,Valid Claim,2,CLM-00249_v2.png,train/valid/CLM-00249_v2.png
CLM-01405,train,Manual Review,1,CLM-01405_v1.png,train/manual_review/CLM-01405_v1.png
CLM-01405,train,Manual Review,2,CLM-01405_v2.png,train/manual_review/CLM-01405_v2.png
CLM-00070,train,Valid Claim,1,CLM-00070_v1.png,train/valid/CLM-00070_v1.png
CLM-00070,train,Valid Claim,2,CLM-00070_v2.png,train/valid/CLM-00070_v2.png
CLM-00539,train,Invalid Claim,1,CLM-00539_v1.png,train/invalid/CLM-00539_v1.png
CLM-00539,train,Invalid Claim,2,CLM-00539_v2.png,train/invalid/CLM-00539_v2.png
CLM-00876,train,Invalid Claim,1,CLM-00876_v1.png,train/invalid/CLM-00876_v1.png
CLM-00876,train,Invalid Claim,2,CLM-00876_v2.png,train/invalid/CLM-00876_v2.png
CLM-01034,train,Manual Review,1,CLM-01034_v1.png,train/manual_review/CLM-01034_v1.png
CLM-01034,train,Manual Review,2,CLM-01034_v2.png,train/manual_review/CLM-01034_v2.png
CLM-00817,train,Invalid Claim,1,CLM-00817_v1.png,train/invalid/CLM-00817_v1.png
CLM-00817,train,Invalid Claim,2,CLM-00817_v2.png,train/invalid/CLM-00817_v2.png
CLM-01232,train,Manual Review,1,CLM-01232_v1.png,train/manual_review/CLM-01232_v1.png
CLM-01232,train,Manual Review,2,CLM-01232_v2.png,train/manual_review/CLM-01232_v2.png
CLM-00627,train,Invalid Claim,1,CLM-00627_v1.png,train/invalid/CLM-00627_v1.png
CLM-00627,train,Invalid Claim,2,CLM-00627_v2.png,train/invalid/CLM-00627_v2.png
CLM-00117,train,Valid Claim,1,CLM-00117_v1.png,train/valid/CLM-00117_v1.png
CLM-00117,train,Valid Claim,2,CLM-00117_v2.png,train/valid/CLM-00117_v2.png
CLM-00059,train,Valid Claim,1,CLM-00059_v1.png,train/valid/CLM-00059_v1.png
CLM-00059,train,Valid Claim,2,CLM-00059_v2.png,train/valid/CLM-00059_v2.png
CLM-00229,train,Valid Claim,1,CLM-00229_v1.png,train/valid/CLM-00229_v1.png
CLM-00229,train,Valid Claim,2,CLM-00229_v2.png,train/valid/CLM-00229_v2.png
CLM-00516,train,Invalid Claim,1,CLM-00516_v1.png,train/invalid/CLM-00516_v1.png
CLM-00516,train,Invalid Claim,2,CLM-00516_v2.png,train/invalid/CLM-00516_v2.png
CLM-01066,train,Manual Review,1,CLM-01066_v1.png,train/manual_review/CLM-01066_v1.png
CLM-01066,train,Manual Review,2,CLM-01066_v2.png,train/manual_review/CLM-01066_v2.png
CLM-00341,train,Valid Claim,1,CLM-00341_v1.png,train/valid/CLM-00341_v1.png
CLM-00341,train,Valid Claim,2,CLM-00341_v2.png,train/valid/CLM-00341_v2.png
CLM-00592,train,Invalid Claim,1,CLM-00592_v1.png,train/invalid/CLM-00592_v1.png
CLM-00592,train,Invalid Claim,2,CLM-00592_v2.png,train/invalid/CLM-00592_v2.png
CLM-01330,train,Manual Review,1,CLM-01330_v1.png,train/manual_review/CLM-01330_v1.png
CLM-01330,train,Manual Review,2,CLM-01330_v2.png,train/manual_review/CLM-01330_v2.png
CLM-01309,train,Manual Review,1,CLM-01309_v1.png,train/manual_review/CLM-01309_v1.png
CLM-01309,train,Manual Review,2,CLM-01309_v2.png,train/manual_review/CLM-01309_v2.png
CLM-00211,train,Valid Claim,1,CLM-00211_v1.png,train/valid/CLM-00211_v1.png
CLM-00211,train,Valid Claim,2,CLM-00211_v2.png,train/valid/CLM-00211_v2.png
CLM-01354,train,Manual Review,1,CLM-01354_v1.png,train/manual_review/CLM-01354_v1.png
CLM-01354,train,Manual Review,2,CLM-01354_v2.png,train/manual_review/CLM-01354_v2.png
CLM-00405,train,Valid Claim,1,CLM-00405_v1.png,train/valid/CLM-00405_v1.png
CLM-00405,train,Valid Claim,2,CLM-00405_v2.png,train/valid/CLM-00405_v2.png
CLM-00757,train,Invalid Claim,1,CLM-00757_v1.png,train/invalid/CLM-00757_v1.png
CLM-00757,train,Invalid Claim,2,CLM-00757_v2.png,train/invalid/CLM-00757_v2.png
CLM-00561,train,Invalid Claim,1,CLM-00561_v1.png,train/invalid/CLM-00561_v1.png
CLM-00561,train,Invalid Claim,2,CLM-00561_v2.png,train/invalid/CLM-00561_v2.png
CLM-00140,train,Valid Claim,1,CLM-00140_v1.png,train/valid/CLM-00140_v1.png
CLM-00140,train,Valid Claim,2,CLM-00140_v2.png,train/valid/CLM-00140_v2.png
CLM-00259,train,Valid Claim,1,CLM-00259_v1.png,train/valid/CLM-00259_v1.png
CLM-00259,train,Valid Claim,2,CLM-00259_v2.png,train/valid/CLM-00259_v2.png
CLM-01042,train,Manual Review,1,CLM-01042_v1.png,train/manual_review/CLM-01042_v1.png
CLM-01042,train,Manual Review,2,CLM-01042_v2.png,train/manual_review/CLM-01042_v2.png
CLM-00955,train,Invalid Claim,1,CLM-00955_v1.png,train/invalid/CLM-00955_v1.png
CLM-00955,train,Invalid Claim,2,CLM-00955_v2.png,train/invalid/CLM-00955_v2.png
CLM-00952,train,Invalid Claim,1,CLM-00952_v1.png,train/invalid/CLM-00952_v1.png
CLM-00952,train,Invalid Claim,2,CLM-00952_v2.png,train/invalid/CLM-00952_v2.png
CLM-01399,train,Manual Review,1,CLM-01399_v1.png,train/manual_review/CLM-01399_v1.png
CLM-01399,train,Manual Review,2,CLM-01399_v2.png,train/manual_review/CLM-01399_v2.png
CLM-01002,train,Manual Review,1,CLM-01002_v1.png,train/manual_review/CLM-01002_v1.png
CLM-01002,train,Manual Review,2,CLM-01002_v2.png,train/manual_review/CLM-01002_v2.png
CLM-00098,train,Valid Claim,1,CLM-00098_v1.png,train/valid/CLM-00098_v1.png
CLM-00098,train,Valid Claim,2,CLM-00098_v2.png,train/valid/CLM-00098_v2.png
CLM-00949,train,Invalid Claim,1,CLM-00949_v1.png,train/invalid/CLM-00949_v1.png
CLM-00949,train,Invalid Claim,2,CLM-00949_v2.png,train/invalid/CLM-00949_v2.png
CLM-00468,train,Valid Claim,1,CLM-00468_v1.png,train/valid/CLM-00468_v1.png
CLM-00468,train,Valid Claim,2,CLM-00468_v2.png,train/valid/CLM-00468_v2.png
CLM-00538,train,Invalid Claim,1,CLM-00538_v1.png,train/invalid/CLM-00538_v1.png
CLM-00538,train,Invalid Claim,2,CLM-00538_v2.png,train/invalid/CLM-00538_v2.png
CLM-00282,train,Valid Claim,1,CLM-00282_v1.png,train/valid/CLM-00282_v1.png
CLM-00282,train,Valid Claim,2,CLM-00282_v2.png,train/valid/CLM-00282_v2.png
CLM-01070,train,Manual Review,1,CLM-01070_v1.png,train/manual_review/CLM-01070_v1.png
CLM-01070,train,Manual Review,2,CLM-01070_v2.png,train/manual_review/CLM-01070_v2.png
CLM-00679,train,Invalid Claim,1,CLM-00679_v1.png,train/invalid/CLM-00679_v1.png
CLM-00679,train,Invalid Claim,2,CLM-00679_v2.png,train/invalid/CLM-00679_v2.png
CLM-01085,train,Manual Review,1,CLM-01085_v1.png,train/manual_review/CLM-01085_v1.png
CLM-01085,train,Manual Review,2,CLM-01085_v2.png,train/manual_review/CLM-01085_v2.png
CLM-00837,train,Invalid Claim,1,CLM-00837_v1.png,train/invalid/CLM-00837_v1.png
CLM-00837,train,Invalid Claim,2,CLM-00837_v2.png,train/invalid/CLM-00837_v2.png
CLM-01291,train,Manual Review,1,CLM-01291_v1.png,train/manual_review/CLM-01291_v1.png
CLM-01291,train,Manual Review,2,CLM-01291_v2.png,train/manual_review/CLM-01291_v2.png
CLM-00827,train,Invalid Claim,1,CLM-00827_v1.png,train/invalid/CLM-00827_v1.png
CLM-00827,train,Invalid Claim,2,CLM-00827_v2.png,train/invalid/CLM-00827_v2.png
CLM-01100,train,Manual Review,1,CLM-01100_v1.png,train/manual_review/CLM-01100_v1.png
CLM-01100,train,Manual Review,2,CLM-01100_v2.png,train/manual_review/CLM-01100_v2.png
CLM-00108,train,Valid Claim,1,CLM-00108_v1.png,train/valid/CLM-00108_v1.png
CLM-00108,train,Valid Claim,2,CLM-00108_v2.png,train/valid/CLM-00108_v2.png
CLM-00244,train,Valid Claim,1,CLM-00244_v1.png,train/valid/CLM-00244_v1.png
CLM-00244,train,Valid Claim,2,CLM-00244_v2.png,train/valid/CLM-00244_v2.png
CLM-01261,train,Manual Review,1,CLM-01261_v1.png,train/manual_review/CLM-01261_v1.png
CLM-01261,train,Manual Review,2,CLM-01261_v2.png,train/manual_review/CLM-01261_v2.png
CLM-01244,train,Manual Review,1,CLM-01244_v1.png,train/manual_review/CLM-01244_v1.png
CLM-01244,train,Manual Review,2,CLM-01244_v2.png,train/manual_review/CLM-01244_v2.png
CLM-01358,train,Manual Review,1,CLM-01358_v1.png,train/manual_review/CLM-01358_v1.png
CLM-01358,train,Manual Review,2,CLM-01358_v2.png,train/manual_review/CLM-01358_v2.png
CLM-01498,train,Manual Review,1,CLM-01498_v1.png,train/manual_review/CLM-01498_v1.png
CLM-01498,train,Manual Review,2,CLM-01498_v2.png,train/manual_review/CLM-01498_v2.png
CLM-00792,train,Invalid Claim,1,CLM-00792_v1.png,train/invalid/CLM-00792_v1.png
CLM-00792,train,Invalid Claim,2,CLM-00792_v2.png,train/invalid/CLM-00792_v2.png
CLM-00375,train,Valid Claim,1,CLM-00375_v1.png,train/valid/CLM-00375_v1.png
CLM-00375,train,Valid Claim,2,CLM-00375_v2.png,train/valid/CLM-00375_v2.png
CLM-00969,train,Invalid Claim,1,CLM-00969_v1.png,train/invalid/CLM-00969_v1.png
CLM-00969,train,Invalid Claim,2,CLM-00969_v2.png,train/invalid/CLM-00969_v2.png
CLM-00286,train,Valid Claim,1,CLM-00286_v1.png,train/valid/CLM-00286_v1.png
CLM-00286,train,Valid Claim,2,CLM-00286_v2.png,train/valid/CLM-00286_v2.png
CLM-00038,train,Valid Claim,1,CLM-00038_v1.png,train/valid/CLM-00038_v1.png
CLM-00038,train,Valid Claim,2,CLM-00038_v2.png,train/valid/CLM-00038_v2.png
CLM-00242,train,Valid Claim,1,CLM-00242_v1.png,train/valid/CLM-00242_v1.png
CLM-00242,train,Valid Claim,2,CLM-00242_v2.png,train/valid/CLM-00242_v2.png
CLM-01075,train,Manual Review,1,CLM-01075_v1.png,train/manual_review/CLM-01075_v1.png
CLM-01075,train,Manual Review,2,CLM-01075_v2.png,train/manual_review/CLM-01075_v2.png
CLM-00773,train,Invalid Claim,1,CLM-00773_v1.png,train/invalid/CLM-00773_v1.png
CLM-00773,train,Invalid Claim,2,CLM-00773_v2.png,train/invalid/CLM-00773_v2.png
CLM-00051,train,Valid Claim,1,CLM-00051_v1.png,train/valid/CLM-00051_v1.png
CLM-00051,train,Valid Claim,2,CLM-00051_v2.png,train/valid/CLM-00051_v2.png
CLM-01065,train,Manual Review,1,CLM-01065_v1.png,train/manual_review/CLM-01065_v1.png
CLM-01065,train,Manual Review,2,CLM-01065_v2.png,train/manual_review/CLM-01065_v2.png
CLM-01324,train,Manual Review,1,CLM-01324_v1.png,train/manual_review/CLM-01324_v1.png
CLM-01324,train,Manual Review,2,CLM-01324_v2.png,train/manual_review/CLM-01324_v2.png
CLM-00404,train,Valid Claim,1,CLM-00404_v1.png,train/valid/CLM-00404_v1.png
CLM-00404,train,Valid Claim,2,CLM-00404_v2.png,train/valid/CLM-00404_v2.png
CLM-00653,train,Invalid Claim,1,CLM-00653_v1.png,train/invalid/CLM-00653_v1.png
CLM-00653,train,Invalid Claim,2,CLM-00653_v2.png,train/invalid/CLM-00653_v2.png
CLM-00317,train,Valid Claim,1,CLM-00317_v1.png,train/valid/CLM-00317_v1.png
CLM-00317,train,Valid Claim,2,CLM-00317_v2.png,train/valid/CLM-00317_v2.png
CLM-00436,train,Valid Claim,1,CLM-00436_v1.png,train/valid/CLM-00436_v1.png
CLM-00436,train,Valid Claim,2,CLM-00436_v2.png,train/valid/CLM-00436_v2.png
CLM-01156,train,Manual Review,1,CLM-01156_v1.png,train/manual_review/CLM-01156_v1.png
CLM-01156,train,Manual Review,2,CLM-01156_v2.png,train/manual_review/CLM-01156_v2.png
CLM-00802,train,Invalid Claim,1,CLM-00802_v1.png,train/invalid/CLM-00802_v1.png
CLM-00802,train,Invalid Claim,2,CLM-00802_v2.png,train/invalid/CLM-00802_v2.png
CLM-00347,train,Valid Claim,1,CLM-00347_v1.png,train/valid/CLM-00347_v1.png
CLM-00347,train,Valid Claim,2,CLM-00347_v2.png,train/valid/CLM-00347_v2.png
CLM-00309,train,Valid Claim,1,CLM-00309_v1.png,train/valid/CLM-00309_v1.png
CLM-00309,train,Valid Claim,2,CLM-00309_v2.png,train/valid/CLM-00309_v2.png
CLM-00174,train,Valid Claim,1,CLM-00174_v1.png,train/valid/CLM-00174_v1.png
CLM-00174,train,Valid Claim,2,CLM-00174_v2.png,train/valid/CLM-00174_v2.png
CLM-00870,train,Invalid Claim,1,CLM-00870_v1.png,train/invalid/CLM-00870_v1.png
CLM-00870,train,Invalid Claim,2,CLM-00870_v2.png,train/invalid/CLM-00870_v2.png
CLM-00466,train,Valid Claim,1,CLM-00466_v1.png,train/valid/CLM-00466_v1.png
CLM-00466,train,Valid Claim,2,CLM-00466_v2.png,train/valid/CLM-00466_v2.png
CLM-00692,train,Invalid Claim,1,CLM-00692_v1.png,train/invalid/CLM-00692_v1.png
CLM-00692,train,Invalid Claim,2,CLM-00692_v2.png,train/invalid/CLM-00692_v2.png
CLM-01382,train,Manual Review,1,CLM-01382_v1.png,train/manual_review/CLM-01382_v1.png
CLM-01382,train,Manual Review,2,CLM-01382_v2.png,train/manual_review/CLM-01382_v2.png
CLM-01489,train,Manual Review,1,CLM-01489_v1.png,train/manual_review/CLM-01489_v1.png
CLM-01489,train,Manual Review,2,CLM-01489_v2.png,train/manual_review/CLM-01489_v2.png
CLM-01013,train,Manual Review,1,CLM-01013_v1.png,train/manual_review/CLM-01013_v1.png
CLM-01013,train,Manual Review,2,CLM-01013_v2.png,train/manual_review/CLM-01013_v2.png
CLM-01295,train,Manual Review,1,CLM-01295_v1.png,train/manual_review/CLM-01295_v1.png
CLM-01295,train,Manual Review,2,CLM-01295_v2.png,train/manual_review/CLM-01295_v2.png
CLM-01493,train,Manual Review,1,CLM-01493_v1.png,train/manual_review/CLM-01493_v1.png
CLM-01493,train,Manual Review,2,CLM-01493_v2.png,train/manual_review/CLM-01493_v2.png
CLM-00146,train,Valid Claim,1,CLM-00146_v1.png,train/valid/CLM-00146_v1.png
CLM-00146,train,Valid Claim,2,CLM-00146_v2.png,train/valid/CLM-00146_v2.png
CLM-00662,train,Invalid Claim,1,CLM-00662_v1.png,train/invalid/CLM-00662_v1.png
CLM-00662,train,Invalid Claim,2,CLM-00662_v2.png,train/invalid/CLM-00662_v2.png
CLM-00722,train,Invalid Claim,1,CLM-00722_v1.png,train/invalid/CLM-00722_v1.png
CLM-00722,train,Invalid Claim,2,CLM-00722_v2.png,train/invalid/CLM-00722_v2.png
CLM-01408,train,Manual Review,1,CLM-01408_v1.png,train/manual_review/CLM-01408_v1.png
CLM-01408,train,Manual Review,2,CLM-01408_v2.png,train/manual_review/CLM-01408_v2.png
CLM-01220,train,Manual Review,1,CLM-01220_v1.png,train/manual_review/CLM-01220_v1.png
CLM-01220,train,Manual Review,2,CLM-01220_v2.png,train/manual_review/CLM-01220_v2.png
CLM-01028,train,Manual Review,1,CLM-01028_v1.png,train/manual_review/CLM-01028_v1.png
CLM-01028,train,Manual Review,2,CLM-01028_v2.png,train/manual_review/CLM-01028_v2.png
CLM-01090,train,Manual Review,1,CLM-01090_v1.png,train/manual_review/CLM-01090_v1.png
CLM-01090,train,Manual Review,2,CLM-01090_v2.png,train/manual_review/CLM-01090_v2.png
CLM-00360,train,Valid Claim,1,CLM-00360_v1.png,train/valid/CLM-00360_v1.png
CLM-00360,train,Valid Claim,2,CLM-00360_v2.png,train/valid/CLM-00360_v2.png
CLM-00904,train,Invalid Claim,1,CLM-00904_v1.png,train/invalid/CLM-00904_v1.png
CLM-00904,train,Invalid Claim,2,CLM-00904_v2.png,train/invalid/CLM-00904_v2.png
CLM-01001,train,Manual Review,1,CLM-01001_v1.png,train/manual_review/CLM-01001_v1.png
CLM-01001,train,Manual Review,2,CLM-01001_v2.png,train/manual_review/CLM-01001_v2.png
CLM-01456,train,Manual Review,1,CLM-01456_v1.png,train/manual_review/CLM-01456_v1.png
CLM-01456,train,Manual Review,2,CLM-01456_v2.png,train/manual_review/CLM-01456_v2.png
CLM-01144,train,Manual Review,1,CLM-01144_v1.png,train/manual_review/CLM-01144_v1.png
CLM-01144,train,Manual Review,2,CLM-01144_v2.png,train/manual_review/CLM-01144_v2.png
CLM-01353,train,Manual Review,1,CLM-01353_v1.png,train/manual_review/CLM-01353_v1.png
CLM-01353,train,Manual Review,2,CLM-01353_v2.png,train/manual_review/CLM-01353_v2.png
CLM-00967,train,Invalid Claim,1,CLM-00967_v1.png,train/invalid/CLM-00967_v1.png
CLM-00967,train,Invalid Claim,2,CLM-00967_v2.png,train/invalid/CLM-00967_v2.png
CLM-01155,train,Manual Review,1,CLM-01155_v1.png,train/manual_review/CLM-01155_v1.png
CLM-01155,train,Manual Review,2,CLM-01155_v2.png,train/manual_review/CLM-01155_v2.png
CLM-01009,train,Manual Review,1,CLM-01009_v1.png,train/manual_review/CLM-01009_v1.png
CLM-01009,train,Manual Review,2,CLM-01009_v2.png,train/manual_review/CLM-01009_v2.png
CLM-00759,train,Invalid Claim,1,CLM-00759_v1.png,train/invalid/CLM-00759_v1.png
CLM-00759,train,Invalid Claim,2,CLM-00759_v2.png,train/invalid/CLM-00759_v2.png
CLM-01418,train,Manual Review,1,CLM-01418_v1.png,train/manual_review/CLM-01418_v1.png
CLM-01418,train,Manual Review,2,CLM-01418_v2.png,train/manual_review/CLM-01418_v2.png
CLM-01139,train,Manual Review,1,CLM-01139_v1.png,train/manual_review/CLM-01139_v1.png
CLM-01139,train,Manual Review,2,CLM-01139_v2.png,train/manual_review/CLM-01139_v2.png
CLM-00602,train,Invalid Claim,1,CLM-00602_v1.png,train/invalid/CLM-00602_v1.png
CLM-00602,train,Invalid Claim,2,CLM-00602_v2.png,train/invalid/CLM-00602_v2.png
CLM-00385,train,Valid Claim,1,CLM-00385_v1.png,train/valid/CLM-00385_v1.png
CLM-00385,train,Valid Claim,2,CLM-00385_v2.png,train/valid/CLM-00385_v2.png
CLM-01236,train,Manual Review,1,CLM-01236_v1.png,train/manual_review/CLM-01236_v1.png
CLM-01236,train,Manual Review,2,CLM-01236_v2.png,train/manual_review/CLM-01236_v2.png
CLM-00771,train,Invalid Claim,1,CLM-00771_v1.png,train/invalid/CLM-00771_v1.png
CLM-00771,train,Invalid Claim,2,CLM-00771_v2.png,train/invalid/CLM-00771_v2.png
CLM-00680,train,Invalid Claim,1,CLM-00680_v1.png,train/invalid/CLM-00680_v1.png
CLM-00680,train,Invalid Claim,2,CLM-00680_v2.png,train/invalid/CLM-00680_v2.png
CLM-00463,train,Valid Claim,1,CLM-00463_v1.png,train/valid/CLM-00463_v1.png
CLM-00463,train,Valid Claim,2,CLM-00463_v2.png,train/valid/CLM-00463_v2.png
CLM-00623,train,Invalid Claim,1,CLM-00623_v1.png,train/invalid/CLM-00623_v1.png
CLM-00623,train,Invalid Claim,2,CLM-00623_v2.png,train/invalid/CLM-00623_v2.png
CLM-00476,train,Valid Claim,1,CLM-00476_v1.png,train/valid/CLM-00476_v1.png
CLM-00476,train,Valid Claim,2,CLM-00476_v2.png,train/valid/CLM-00476_v2.png
CLM-01058,train,Manual Review,1,CLM-01058_v1.png,train/manual_review/CLM-01058_v1.png
CLM-01058,train,Manual Review,2,CLM-01058_v2.png,train/manual_review/CLM-01058_v2.png
CLM-00747,train,Invalid Claim,1,CLM-00747_v1.png,train/invalid/CLM-00747_v1.png
CLM-00747,train,Invalid Claim,2,CLM-00747_v2.png,train/invalid/CLM-00747_v2.png
CLM-00529,train,Invalid Claim,1,CLM-00529_v1.png,train/invalid/CLM-00529_v1.png
CLM-00529,train,Invalid Claim,2,CLM-00529_v2.png,train/invalid/CLM-00529_v2.png
CLM-00920,train,Invalid Claim,1,CLM-00920_v1.png,train/invalid/CLM-00920_v1.png
CLM-00920,train,Invalid Claim,2,CLM-00920_v2.png,train/invalid/CLM-00920_v2.png
CLM-00507,train,Invalid Claim,1,CLM-00507_v1.png,train/invalid/CLM-00507_v1.png
CLM-00507,train,Invalid Claim,2,CLM-00507_v2.png,train/invalid/CLM-00507_v2.png
CLM-01347,train,Manual Review,1,CLM-01347_v1.png,train/manual_review/CLM-01347_v1.png
CLM-01347,train,Manual Review,2,CLM-01347_v2.png,train/manual_review/CLM-01347_v2.png
CLM-00033,train,Valid Claim,1,CLM-00033_v1.png,train/valid/CLM-00033_v1.png
CLM-00033,train,Valid Claim,2,CLM-00033_v2.png,train/valid/CLM-00033_v2.png
CLM-01057,train,Manual Review,1,CLM-01057_v1.png,train/manual_review/CLM-01057_v1.png
CLM-01057,train,Manual Review,2,CLM-01057_v2.png,train/manual_review/CLM-01057_v2.png
CLM-01190,train,Manual Review,1,CLM-01190_v1.png,train/manual_review/CLM-01190_v1.png
CLM-01190,train,Manual Review,2,CLM-01190_v2.png,train/manual_review/CLM-01190_v2.png
CLM-00532,train,Invalid Claim,1,CLM-00532_v1.png,train/invalid/CLM-00532_v1.png
CLM-00532,train,Invalid Claim,2,CLM-00532_v2.png,train/invalid/CLM-00532_v2.png
CLM-00368,train,Valid Claim,1,CLM-00368_v1.png,train/valid/CLM-00368_v1.png
CLM-00368,train,Valid Claim,2,CLM-00368_v2.png,train/valid/CLM-00368_v2.png
CLM-00604,train,Invalid Claim,1,CLM-00604_v1.png,train/invalid/CLM-00604_v1.png
CLM-00604,train,Invalid Claim,2,CLM-00604_v2.png,train/invalid/CLM-00604_v2.png
CLM-00636,train,Invalid Claim,1,CLM-00636_v1.png,train/invalid/CLM-00636_v1.png
CLM-00636,train,Invalid Claim,2,CLM-00636_v2.png,train/invalid/CLM-00636_v2.png
CLM-01466,train,Manual Review,1,CLM-01466_v1.png,train/manual_review/CLM-01466_v1.png
CLM-01466,train,Manual Review,2,CLM-01466_v2.png,train/manual_review/CLM-01466_v2.png
CLM-01398,train,Manual Review,1,CLM-01398_v1.png,train/manual_review/CLM-01398_v1.png
CLM-01398,train,Manual Review,2,CLM-01398_v2.png,train/manual_review/CLM-01398_v2.png
CLM-00728,train,Invalid Claim,1,CLM-00728_v1.png,train/invalid/CLM-00728_v1.png
CLM-00728,train,Invalid Claim,2,CLM-00728_v2.png,train/invalid/CLM-00728_v2.png
CLM-00094,train,Valid Claim,1,CLM-00094_v1.png,train/valid/CLM-00094_v1.png
CLM-00094,train,Valid Claim,2,CLM-00094_v2.png,train/valid/CLM-00094_v2.png
CLM-01311,train,Manual Review,1,CLM-01311_v1.png,train/manual_review/CLM-01311_v1.png
CLM-01311,train,Manual Review,2,CLM-01311_v2.png,train/manual_review/CLM-01311_v2.png
CLM-00858,train,Invalid Claim,1,CLM-00858_v1.png,train/invalid/CLM-00858_v1.png
CLM-00858,train,Invalid Claim,2,CLM-00858_v2.png,train/invalid/CLM-00858_v2.png
CLM-00681,train,Invalid Claim,1,CLM-00681_v1.png,train/invalid/CLM-00681_v1.png
CLM-00681,train,Invalid Claim,2,CLM-00681_v2.png,train/invalid/CLM-00681_v2.png
CLM-00266,train,Valid Claim,1,CLM-00266_v1.png,train/valid/CLM-00266_v1.png
CLM-00266,train,Valid Claim,2,CLM-00266_v2.png,train/valid/CLM-00266_v2.png
CLM-00785,train,Invalid Claim,1,CLM-00785_v1.png,train/invalid/CLM-00785_v1.png
CLM-00785,train,Invalid Claim,2,CLM-00785_v2.png,train/invalid/CLM-00785_v2.png
CLM-00578,train,Invalid Claim,1,CLM-00578_v1.png,train/invalid/CLM-00578_v1.png
CLM-00578,train,Invalid Claim,2,CLM-00578_v2.png,train/invalid/CLM-00578_v2.png
CLM-00470,train,Valid Claim,1,CLM-00470_v1.png,train/valid/CLM-00470_v1.png
CLM-00470,train,Valid Claim,2,CLM-00470_v2.png,train/valid/CLM-00470_v2.png
CLM-01492,train,Manual Review,1,CLM-01492_v1.png,train/manual_review/CLM-01492_v1.png
CLM-01492,train,Manual Review,2,CLM-01492_v2.png,train/manual_review/CLM-01492_v2.png
CLM-01482,train,Manual Review,1,CLM-01482_v1.png,train/manual_review/CLM-01482_v1.png
CLM-01482,train,Manual Review,2,CLM-01482_v2.png,train/manual_review/CLM-01482_v2.png
CLM-00883,train,Invalid Claim,1,CLM-00883_v1.png,train/invalid/CLM-00883_v1.png
CLM-00883,train,Invalid Claim,2,CLM-00883_v2.png,train/invalid/CLM-00883_v2.png
CLM-00461,train,Valid Claim,1,CLM-00461_v1.png,train/valid/CLM-00461_v1.png
CLM-00461,train,Valid Claim,2,CLM-00461_v2.png,train/valid/CLM-00461_v2.png
CLM-00924,train,Invalid Claim,1,CLM-00924_v1.png,train/invalid/CLM-00924_v1.png
CLM-00924,train,Invalid Claim,2,CLM-00924_v2.png,train/invalid/CLM-00924_v2.png
CLM-00619,train,Invalid Claim,1,CLM-00619_v1.png,train/invalid/CLM-00619_v1.png
CLM-00619,train,Invalid Claim,2,CLM-00619_v2.png,train/invalid/CLM-00619_v2.png
CLM-01302,train,Manual Review,1,CLM-01302_v1.png,train/manual_review/CLM-01302_v1.png
CLM-01302,train,Manual Review,2,CLM-01302_v2.png,train/manual_review/CLM-01302_v2.png
CLM-01294,train,Manual Review,1,CLM-01294_v1.png,train/manual_review/CLM-01294_v1.png
CLM-01294,train,Manual Review,2,CLM-01294_v2.png,train/manual_review/CLM-01294_v2.png
CLM-01305,train,Manual Review,1,CLM-01305_v1.png,train/manual_review/CLM-01305_v1.png
CLM-01305,train,Manual Review,2,CLM-01305_v2.png,train/manual_review/CLM-01305_v2.png
CLM-01083,train,Manual Review,1,CLM-01083_v1.png,train/manual_review/CLM-01083_v1.png
CLM-01083,train,Manual Review,2,CLM-01083_v2.png,train/manual_review/CLM-01083_v2.png
CLM-00895,train,Invalid Claim,1,CLM-00895_v1.png,train/invalid/CLM-00895_v1.png
CLM-00895,train,Invalid Claim,2,CLM-00895_v2.png,train/invalid/CLM-00895_v2.png
CLM-01073,train,Manual Review,1,CLM-01073_v1.png,train/manual_review/CLM-01073_v1.png
CLM-01073,train,Manual Review,2,CLM-01073_v2.png,train/manual_review/CLM-01073_v2.png
CLM-01010,train,Manual Review,1,CLM-01010_v1.png,train/manual_review/CLM-01010_v1.png
CLM-01010,train,Manual Review,2,CLM-01010_v2.png,train/manual_review/CLM-01010_v2.png
CLM-00912,train,Invalid Claim,1,CLM-00912_v1.png,train/invalid/CLM-00912_v1.png
CLM-00912,train,Invalid Claim,2,CLM-00912_v2.png,train/invalid/CLM-00912_v2.png
CLM-01159,train,Manual Review,1,CLM-01159_v1.png,train/manual_review/CLM-01159_v1.png
CLM-01159,train,Manual Review,2,CLM-01159_v2.png,train/manual_review/CLM-01159_v2.png
CLM-00593,train,Invalid Claim,1,CLM-00593_v1.png,train/invalid/CLM-00593_v1.png
CLM-00593,train,Invalid Claim,2,CLM-00593_v2.png,train/invalid/CLM-00593_v2.png
CLM-00504,train,Invalid Claim,1,CLM-00504_v1.png,train/invalid/CLM-00504_v1.png
CLM-00504,train,Invalid Claim,2,CLM-00504_v2.png,train/invalid/CLM-00504_v2.png
CLM-00905,train,Invalid Claim,1,CLM-00905_v1.png,train/invalid/CLM-00905_v1.png
CLM-00905,train,Invalid Claim,2,CLM-00905_v2.png,train/invalid/CLM-00905_v2.png
CLM-01181,train,Manual Review,1,CLM-01181_v1.png,train/manual_review/CLM-01181_v1.png
CLM-01181,train,Manual Review,2,CLM-01181_v2.png,train/manual_review/CLM-01181_v2.png
CLM-00258,train,Valid Claim,1,CLM-00258_v1.png,train/valid/CLM-00258_v1.png
CLM-00258,train,Valid Claim,2,CLM-00258_v2.png,train/valid/CLM-00258_v2.png
CLM-00097,train,Valid Claim,1,CLM-00097_v1.png,train/valid/CLM-00097_v1.png
CLM-00097,train,Valid Claim,2,CLM-00097_v2.png,train/valid/CLM-00097_v2.png
CLM-00867,train,Invalid Claim,1,CLM-00867_v1.png,train/invalid/CLM-00867_v1.png
CLM-00867,train,Invalid Claim,2,CLM-00867_v2.png,train/invalid/CLM-00867_v2.png
CLM-01170,train,Manual Review,1,CLM-01170_v1.png,train/manual_review/CLM-01170_v1.png
CLM-01170,train,Manual Review,2,CLM-01170_v2.png,train/manual_review/CLM-01170_v2.png
CLM-00374,train,Valid Claim,1,CLM-00374_v1.png,train/valid/CLM-00374_v1.png
CLM-00374,train,Valid Claim,2,CLM-00374_v2.png,train/valid/CLM-00374_v2.png
CLM-00926,train,Invalid Claim,1,CLM-00926_v1.png,train/invalid/CLM-00926_v1.png
CLM-00926,train,Invalid Claim,2,CLM-00926_v2.png,train/invalid/CLM-00926_v2.png
CLM-00216,train,Valid Claim,1,CLM-00216_v1.png,train/valid/CLM-00216_v1.png
CLM-00216,train,Valid Claim,2,CLM-00216_v2.png,train/valid/CLM-00216_v2.png
CLM-00851,train,Invalid Claim,1,CLM-00851_v1.png,train/invalid/CLM-00851_v1.png
CLM-00851,train,Invalid Claim,2,CLM-00851_v2.png,train/invalid/CLM-00851_v2.png
CLM-00475,train,Valid Claim,1,CLM-00475_v1.png,train/valid/CLM-00475_v1.png
CLM-00475,train,Valid Claim,2,CLM-00475_v2.png,train/valid/CLM-00475_v2.png
CLM-00962,train,Invalid Claim,1,CLM-00962_v1.png,train/invalid/CLM-00962_v1.png
CLM-00962,train,Invalid Claim,2,CLM-00962_v2.png,train/invalid/CLM-00962_v2.png
CLM-01229,train,Manual Review,1,CLM-01229_v1.png,train/manual_review/CLM-01229_v1.png
CLM-01229,train,Manual Review,2,CLM-01229_v2.png,train/manual_review/CLM-01229_v2.png
CLM-01033,train,Manual Review,1,CLM-01033_v1.png,train/manual_review/CLM-01033_v1.png
CLM-01033,train,Manual Review,2,CLM-01033_v2.png,train/manual_review/CLM-01033_v2.png
CLM-01390,train,Manual Review,1,CLM-01390_v1.png,train/manual_review/CLM-01390_v1.png
CLM-01390,train,Manual Review,2,CLM-01390_v2.png,train/manual_review/CLM-01390_v2.png
CLM-01035,train,Manual Review,1,CLM-01035_v1.png,train/manual_review/CLM-01035_v1.png
CLM-01035,train,Manual Review,2,CLM-01035_v2.png,train/manual_review/CLM-01035_v2.png
CLM-01379,train,Manual Review,1,CLM-01379_v1.png,train/manual_review/CLM-01379_v1.png
CLM-01379,train,Manual Review,2,CLM-01379_v2.png,train/manual_review/CLM-01379_v2.png
CLM-00318,train,Valid Claim,1,CLM-00318_v1.png,train/valid/CLM-00318_v1.png
CLM-00318,train,Valid Claim,2,CLM-00318_v2.png,train/valid/CLM-00318_v2.png
CLM-00522,train,Invalid Claim,1,CLM-00522_v1.png,train/invalid/CLM-00522_v1.png
CLM-00522,train,Invalid Claim,2,CLM-00522_v2.png,train/invalid/CLM-00522_v2.png
CLM-00110,train,Valid Claim,1,CLM-00110_v1.png,train/valid/CLM-00110_v1.png
CLM-00110,train,Valid Claim,2,CLM-00110_v2.png,train/valid/CLM-00110_v2.png
CLM-01491,train,Manual Review,1,CLM-01491_v1.png,train/manual_review/CLM-01491_v1.png
CLM-01491,train,Manual Review,2,CLM-01491_v2.png,train/manual_review/CLM-01491_v2.png
CLM-01404,train,Manual Review,1,CLM-01404_v1.png,train/manual_review/CLM-01404_v1.png
CLM-01404,train,Manual Review,2,CLM-01404_v2.png,train/manual_review/CLM-01404_v2.png
CLM-00512,train,Invalid Claim,1,CLM-00512_v1.png,train/invalid/CLM-00512_v1.png
CLM-00512,train,Invalid Claim,2,CLM-00512_v2.png,train/invalid/CLM-00512_v2.png
CLM-00986,train,Invalid Claim,1,CLM-00986_v1.png,train/invalid/CLM-00986_v1.png
CLM-00986,train,Invalid Claim,2,CLM-00986_v2.png,train/invalid/CLM-00986_v2.png
CLM-00577,train,Invalid Claim,1,CLM-00577_v1.png,train/invalid/CLM-00577_v1.png
CLM-00577,train,Invalid Claim,2,CLM-00577_v2.png,train/invalid/CLM-00577_v2.png
CLM-00683,train,Invalid Claim,1,CLM-00683_v1.png,train/invalid/CLM-00683_v1.png
CLM-00683,train,Invalid Claim,2,CLM-00683_v2.png,train/invalid/CLM-00683_v2.png
CLM-01400,train,Manual Review,1,CLM-01400_v1.png,train/manual_review/CLM-01400_v1.png
CLM-01400,train,Manual Review,2,CLM-01400_v2.png,train/manual_review/CLM-01400_v2.png
CLM-01046,train,Manual Review,1,CLM-01046_v1.png,train/manual_review/CLM-01046_v1.png
CLM-01046,train,Manual Review,2,CLM-01046_v2.png,train/manual_review/CLM-01046_v2.png
CLM-00243,train,Valid Claim,1,CLM-00243_v1.png,train/valid/CLM-00243_v1.png
CLM-00243,train,Valid Claim,2,CLM-00243_v2.png,train/valid/CLM-00243_v2.png
CLM-00887,train,Invalid Claim,1,CLM-00887_v1.png,train/invalid/CLM-00887_v1.png
CLM-00887,train,Invalid Claim,2,CLM-00887_v2.png,train/invalid/CLM-00887_v2.png
CLM-01283,train,Manual Review,1,CLM-01283_v1.png,train/manual_review/CLM-01283_v1.png
CLM-01283,train,Manual Review,2,CLM-01283_v2.png,train/manual_review/CLM-01283_v2.png
CLM-01135,train,Manual Review,1,CLM-01135_v1.png,train/manual_review/CLM-01135_v1.png
CLM-01135,train,Manual Review,2,CLM-01135_v2.png,train/manual_review/CLM-01135_v2.png
CLM-00735,train,Invalid Claim,1,CLM-00735_v1.png,train/invalid/CLM-00735_v1.png
CLM-00735,train,Invalid Claim,2,CLM-00735_v2.png,train/invalid/CLM-00735_v2.png
CLM-01136,train,Manual Review,1,CLM-01136_v1.png,train/manual_review/CLM-01136_v1.png
CLM-01136,train,Manual Review,2,CLM-01136_v2.png,train/manual_review/CLM-01136_v2.png
CLM-01437,train,Manual Review,1,CLM-01437_v1.png,train/manual_review/CLM-01437_v1.png
CLM-01437,train,Manual Review,2,CLM-01437_v2.png,train/manual_review/CLM-01437_v2.png
CLM-00384,train,Valid Claim,1,CLM-00384_v1.png,train/valid/CLM-00384_v1.png
CLM-00384,train,Valid Claim,2,CLM-00384_v2.png,train/valid/CLM-00384_v2.png
CLM-00399,train,Valid Claim,1,CLM-00399_v1.png,train/valid/CLM-00399_v1.png
CLM-00399,train,Valid Claim,2,CLM-00399_v2.png,train/valid/CLM-00399_v2.png
CLM-01317,train,Manual Review,1,CLM-01317_v1.png,train/manual_review/CLM-01317_v1.png
CLM-01317,train,Manual Review,2,CLM-01317_v2.png,train/manual_review/CLM-01317_v2.png
CLM-00536,train,Invalid Claim,1,CLM-00536_v1.png,train/invalid/CLM-00536_v1.png
CLM-00536,train,Invalid Claim,2,CLM-00536_v2.png,train/invalid/CLM-00536_v2.png
CLM-01074,train,Manual Review,1,CLM-01074_v1.png,train/manual_review/CLM-01074_v1.png
CLM-01074,train,Manual Review,2,CLM-01074_v2.png,train/manual_review/CLM-01074_v2.png
CLM-00509,train,Invalid Claim,1,CLM-00509_v1.png,train/invalid/CLM-00509_v1.png
CLM-00509,train,Invalid Claim,2,CLM-00509_v2.png,train/invalid/CLM-00509_v2.png
CLM-01373,train,Manual Review,1,CLM-01373_v1.png,train/manual_review/CLM-01373_v1.png
CLM-01373,train,Manual Review,2,CLM-01373_v2.png,train/manual_review/CLM-01373_v2.png
CLM-00743,train,Invalid Claim,1,CLM-00743_v1.png,train/invalid/CLM-00743_v1.png
CLM-00743,train,Invalid Claim,2,CLM-00743_v2.png,train/invalid/CLM-00743_v2.png
CLM-01168,train,Manual Review,1,CLM-01168_v1.png,train/manual_review/CLM-01168_v1.png
CLM-01168,train,Manual Review,2,CLM-01168_v2.png,train/manual_review/CLM-01168_v2.png
CLM-01287,train,Manual Review,1,CLM-01287_v1.png,train/manual_review/CLM-01287_v1.png
CLM-01287,train,Manual Review,2,CLM-01287_v2.png,train/manual_review/CLM-01287_v2.png
CLM-00762,train,Invalid Claim,1,CLM-00762_v1.png,train/invalid/CLM-00762_v1.png
CLM-00762,train,Invalid Claim,2,CLM-00762_v2.png,train/invalid/CLM-00762_v2.png
CLM-00011,train,Valid Claim,1,CLM-00011_v1.png,train/valid/CLM-00011_v1.png
CLM-00011,train,Valid Claim,2,CLM-00011_v2.png,train/valid/CLM-00011_v2.png
CLM-01183,train,Manual Review,1,CLM-01183_v1.png,train/manual_review/CLM-01183_v1.png
CLM-01183,train,Manual Review,2,CLM-01183_v2.png,train/manual_review/CLM-01183_v2.png
CLM-01424,train,Manual Review,1,CLM-01424_v1.png,train/manual_review/CLM-01424_v1.png
CLM-01424,train,Manual Review,2,CLM-01424_v2.png,train/manual_review/CLM-01424_v2.png
CLM-00993,train,Invalid Claim,1,CLM-00993_v1.png,train/invalid/CLM-00993_v1.png
CLM-00993,train,Invalid Claim,2,CLM-00993_v2.png,train/invalid/CLM-00993_v2.png
CLM-00943,train,Invalid Claim,1,CLM-00943_v1.png,train/invalid/CLM-00943_v1.png
CLM-00943,train,Invalid Claim,2,CLM-00943_v2.png,train/invalid/CLM-00943_v2.png
CLM-00855,train,Invalid Claim,1,CLM-00855_v1.png,train/invalid/CLM-00855_v1.png
CLM-00855,train,Invalid Claim,2,CLM-00855_v2.png,train/invalid/CLM-00855_v2.png
CLM-00442,train,Valid Claim,1,CLM-00442_v1.png,train/valid/CLM-00442_v1.png
CLM-00442,train,Valid Claim,2,CLM-00442_v2.png,train/valid/CLM-00442_v2.png
CLM-00431,train,Valid Claim,1,CLM-00431_v1.png,train/valid/CLM-00431_v1.png
CLM-00431,train,Valid Claim,2,CLM-00431_v2.png,train/valid/CLM-00431_v2.png
CLM-01185,train,Manual Review,1,CLM-01185_v1.png,train/manual_review/CLM-01185_v1.png
CLM-01185,train,Manual Review,2,CLM-01185_v2.png,train/manual_review/CLM-01185_v2.png
CLM-01069,train,Manual Review,1,CLM-01069_v1.png,train/manual_review/CLM-01069_v1.png
CLM-01069,train,Manual Review,2,CLM-01069_v2.png,train/manual_review/CLM-01069_v2.png
CLM-00104,train,Valid Claim,1,CLM-00104_v1.png,train/valid/CLM-00104_v1.png
CLM-00104,train,Valid Claim,2,CLM-00104_v2.png,train/valid/CLM-00104_v2.png
CLM-00316,train,Valid Claim,1,CLM-00316_v1.png,train/valid/CLM-00316_v1.png
CLM-00316,train,Valid Claim,2,CLM-00316_v2.png,train/valid/CLM-00316_v2.png
CLM-00344,train,Valid Claim,1,CLM-00344_v1.png,train/valid/CLM-00344_v1.png
CLM-00344,train,Valid Claim,2,CLM-00344_v2.png,train/valid/CLM-00344_v2.png
CLM-01091,train,Manual Review,1,CLM-01091_v1.png,train/manual_review/CLM-01091_v1.png
CLM-01091,train,Manual Review,2,CLM-01091_v2.png,train/manual_review/CLM-01091_v2.png
CLM-00057,train,Valid Claim,1,CLM-00057_v1.png,train/valid/CLM-00057_v1.png
CLM-00057,train,Valid Claim,2,CLM-00057_v2.png,train/valid/CLM-00057_v2.png
CLM-00708,train,Invalid Claim,1,CLM-00708_v1.png,train/invalid/CLM-00708_v1.png
CLM-00708,train,Invalid Claim,2,CLM-00708_v2.png,train/invalid/CLM-00708_v2.png
CLM-01327,train,Manual Review,1,CLM-01327_v1.png,train/manual_review/CLM-01327_v1.png
CLM-01327,train,Manual Review,2,CLM-01327_v2.png,train/manual_review/CLM-01327_v2.png
CLM-00654,train,Invalid Claim,1,CLM-00654_v1.png,train/invalid/CLM-00654_v1.png
CLM-00654,train,Invalid Claim,2,CLM-00654_v2.png,train/invalid/CLM-00654_v2.png
CLM-00256,train,Valid Claim,1,CLM-00256_v1.png,train/valid/CLM-00256_v1.png
CLM-00256,train,Valid Claim,2,CLM-00256_v2.png,train/valid/CLM-00256_v2.png
CLM-00556,train,Invalid Claim,1,CLM-00556_v1.png,train/invalid/CLM-00556_v1.png
CLM-00556,train,Invalid Claim,2,CLM-00556_v2.png,train/invalid/CLM-00556_v2.png
CLM-00957,train,Invalid Claim,1,CLM-00957_v1.png,train/invalid/CLM-00957_v1.png
CLM-00957,train,Invalid Claim,2,CLM-00957_v2.png,train/invalid/CLM-00957_v2.png
CLM-00638,train,Invalid Claim,1,CLM-00638_v1.png,train/invalid/CLM-00638_v1.png
CLM-00638,train,Invalid Claim,2,CLM-00638_v2.png,train/invalid/CLM-00638_v2.png
CLM-00576,train,Invalid Claim,1,CLM-00576_v1.png,train/invalid/CLM-00576_v1.png
CLM-00576,train,Invalid Claim,2,CLM-00576_v2.png,train/invalid/CLM-00576_v2.png
CLM-00521,train,Invalid Claim,1,CLM-00521_v1.png,train/invalid/CLM-00521_v1.png
CLM-00521,train,Invalid Claim,2,CLM-00521_v2.png,train/invalid/CLM-00521_v2.png
CLM-00080,train,Valid Claim,1,CLM-00080_v1.png,train/valid/CLM-00080_v1.png
CLM-00080,train,Valid Claim,2,CLM-00080_v2.png,train/valid/CLM-00080_v2.png
CLM-00222,train,Valid Claim,1,CLM-00222_v1.png,train/valid/CLM-00222_v1.png
CLM-00222,train,Valid Claim,2,CLM-00222_v2.png,train/valid/CLM-00222_v2.png
CLM-00942,train,Invalid Claim,1,CLM-00942_v1.png,train/invalid/CLM-00942_v1.png
CLM-00942,train,Invalid Claim,2,CLM-00942_v2.png,train/invalid/CLM-00942_v2.png
CLM-00528,train,Invalid Claim,1,CLM-00528_v1.png,train/invalid/CLM-00528_v1.png
CLM-00528,train,Invalid Claim,2,CLM-00528_v2.png,train/invalid/CLM-00528_v2.png
CLM-00322,train,Valid Claim,1,CLM-00322_v1.png,train/valid/CLM-00322_v1.png
CLM-00322,train,Valid Claim,2,CLM-00322_v2.png,train/valid/CLM-00322_v2.png
CLM-01497,train,Manual Review,1,CLM-01497_v1.png,train/manual_review/CLM-01497_v1.png
CLM-01497,train,Manual Review,2,CLM-01497_v2.png,train/manual_review/CLM-01497_v2.png
CLM-00830,train,Invalid Claim,1,CLM-00830_v1.png,train/invalid/CLM-00830_v1.png
CLM-00830,train,Invalid Claim,2,CLM-00830_v2.png,train/invalid/CLM-00830_v2.png
CLM-01263,train,Manual Review,1,CLM-01263_v1.png,train/manual_review/CLM-01263_v1.png
CLM-01263,train,Manual Review,2,CLM-01263_v2.png,train/manual_review/CLM-01263_v2.png
CLM-01045,train,Manual Review,1,CLM-01045_v1.png,train/manual_review/CLM-01045_v1.png
CLM-01045,train,Manual Review,2,CLM-01045_v2.png,train/manual_review/CLM-01045_v2.png
CLM-00082,train,Valid Claim,1,CLM-00082_v1.png,train/valid/CLM-00082_v1.png
CLM-00082,train,Valid Claim,2,CLM-00082_v2.png,train/valid/CLM-00082_v2.png
CLM-01112,train,Manual Review,1,CLM-01112_v1.png,train/manual_review/CLM-01112_v1.png
CLM-01112,train,Manual Review,2,CLM-01112_v2.png,train/manual_review/CLM-01112_v2.png
CLM-00264,train,Valid Claim,1,CLM-00264_v1.png,train/valid/CLM-00264_v1.png
CLM-00264,train,Valid Claim,2,CLM-00264_v2.png,train/valid/CLM-00264_v2.png
CLM-00030,train,Valid Claim,1,CLM-00030_v1.png,train/valid/CLM-00030_v1.png
CLM-00030,train,Valid Claim,2,CLM-00030_v2.png,train/valid/CLM-00030_v2.png
CLM-00078,train,Valid Claim,1,CLM-00078_v1.png,train/valid/CLM-00078_v1.png
CLM-00078,train,Valid Claim,2,CLM-00078_v2.png,train/valid/CLM-00078_v2.png
CLM-00850,train,Invalid Claim,1,CLM-00850_v1.png,train/invalid/CLM-00850_v1.png
CLM-00850,train,Invalid Claim,2,CLM-00850_v2.png,train/invalid/CLM-00850_v2.png
CLM-00587,train,Invalid Claim,1,CLM-00587_v1.png,train/invalid/CLM-00587_v1.png
CLM-00587,train,Invalid Claim,2,CLM-00587_v2.png,train/invalid/CLM-00587_v2.png
CLM-00016,train,Valid Claim,1,CLM-00016_v1.png,train/valid/CLM-00016_v1.png
CLM-00016,train,Valid Claim,2,CLM-00016_v2.png,train/valid/CLM-00016_v2.png
CLM-01282,train,Manual Review,1,CLM-01282_v1.png,train/manual_review/CLM-01282_v1.png
CLM-01282,train,Manual Review,2,CLM-01282_v2.png,train/manual_review/CLM-01282_v2.png
CLM-00012,train,Valid Claim,1,CLM-00012_v1.png,train/valid/CLM-00012_v1.png
CLM-00012,train,Valid Claim,2,CLM-00012_v2.png,train/valid/CLM-00012_v2.png
CLM-01145,train,Manual Review,1,CLM-01145_v1.png,train/manual_review/CLM-01145_v1.png
CLM-01145,train,Manual Review,2,CLM-01145_v2.png,train/manual_review/CLM-01145_v2.png
CLM-01361,train,Manual Review,1,CLM-01361_v1.png,train/manual_review/CLM-01361_v1.png
CLM-01361,train,Manual Review,2,CLM-01361_v2.png,train/manual_review/CLM-01361_v2.png
CLM-00452,train,Valid Claim,1,CLM-00452_v1.png,train/valid/CLM-00452_v1.png
CLM-00452,train,Valid Claim,2,CLM-00452_v2.png,train/valid/CLM-00452_v2.png
CLM-01165,train,Manual Review,1,CLM-01165_v1.png,train/manual_review/CLM-01165_v1.png
CLM-01165,train,Manual Review,2,CLM-01165_v2.png,train/manual_review/CLM-01165_v2.png
CLM-00049,train,Valid Claim,1,CLM-00049_v1.png,train/valid/CLM-00049_v1.png
CLM-00049,train,Valid Claim,2,CLM-00049_v2.png,train/valid/CLM-00049_v2.png
CLM-01445,train,Manual Review,1,CLM-01445_v1.png,train/manual_review/CLM-01445_v1.png
CLM-01445,train,Manual Review,2,CLM-01445_v2.png,train/manual_review/CLM-01445_v2.png
CLM-01248,train,Manual Review,1,CLM-01248_v1.png,train/manual_review/CLM-01248_v1.png
CLM-01248,train,Manual Review,2,CLM-01248_v2.png,train/manual_review/CLM-01248_v2.png
CLM-01153,train,Manual Review,1,CLM-01153_v1.png,train/manual_review/CLM-01153_v1.png
CLM-01153,train,Manual Review,2,CLM-01153_v2.png,train/manual_review/CLM-01153_v2.png
CLM-00398,train,Valid Claim,1,CLM-00398_v1.png,train/valid/CLM-00398_v1.png
CLM-00398,train,Valid Claim,2,CLM-00398_v2.png,train/valid/CLM-00398_v2.png
CLM-01105,train,Manual Review,1,CLM-01105_v1.png,train/manual_review/CLM-01105_v1.png
CLM-01105,train,Manual Review,2,CLM-01105_v2.png,train/manual_review/CLM-01105_v2.png
CLM-00233,train,Valid Claim,1,CLM-00233_v1.png,train/valid/CLM-00233_v1.png
CLM-00233,train,Valid Claim,2,CLM-00233_v2.png,train/valid/CLM-00233_v2.png
CLM-01180,train,Manual Review,1,CLM-01180_v1.png,train/manual_review/CLM-01180_v1.png
CLM-01180,train,Manual Review,2,CLM-01180_v2.png,train/manual_review/CLM-01180_v2.png
CLM-00984,train,Invalid Claim,1,CLM-00984_v1.png,train/invalid/CLM-00984_v1.png
CLM-00984,train,Invalid Claim,2,CLM-00984_v2.png,train/invalid/CLM-00984_v2.png
CLM-00700,train,Invalid Claim,1,CLM-00700_v1.png,train/invalid/CLM-00700_v1.png
CLM-00700,train,Invalid Claim,2,CLM-00700_v2.png,train/invalid/CLM-00700_v2.png
CLM-00031,train,Valid Claim,1,CLM-00031_v1.png,train/valid/CLM-00031_v1.png
CLM-00031,train,Valid Claim,2,CLM-00031_v2.png,train/valid/CLM-00031_v2.png
CLM-01059,train,Manual Review,1,CLM-01059_v1.png,train/manual_review/CLM-01059_v1.png
CLM-01059,train,Manual Review,2,CLM-01059_v2.png,train/manual_review/CLM-01059_v2.png
CLM-01312,train,Manual Review,1,CLM-01312_v1.png,train/manual_review/CLM-01312_v1.png
CLM-01312,train,Manual Review,2,CLM-01312_v2.png,train/manual_review/CLM-01312_v2.png
CLM-00458,train,Valid Claim,1,CLM-00458_v1.png,train/valid/CLM-00458_v1.png
CLM-00458,train,Valid Claim,2,CLM-00458_v2.png,train/valid/CLM-00458_v2.png
CLM-01422,train,Manual Review,1,CLM-01422_v1.png,train/manual_review/CLM-01422_v1.png
CLM-01422,train,Manual Review,2,CLM-01422_v2.png,train/manual_review/CLM-01422_v2.png
CLM-00168,train,Valid Claim,1,CLM-00168_v1.png,train/valid/CLM-00168_v1.png
CLM-00168,train,Valid Claim,2,CLM-00168_v2.png,train/valid/CLM-00168_v2.png
CLM-00412,train,Valid Claim,1,CLM-00412_v1.png,train/valid/CLM-00412_v1.png
CLM-00412,train,Valid Claim,2,CLM-00412_v2.png,train/valid/CLM-00412_v2.png
CLM-00810,train,Invalid Claim,1,CLM-00810_v1.png,train/invalid/CLM-00810_v1.png
CLM-00810,train,Invalid Claim,2,CLM-00810_v2.png,train/invalid/CLM-00810_v2.png
CLM-01188,train,Manual Review,1,CLM-01188_v1.png,train/manual_review/CLM-01188_v1.png
CLM-01188,train,Manual Review,2,CLM-01188_v2.png,train/manual_review/CLM-01188_v2.png
CLM-00800,train,Invalid Claim,1,CLM-00800_v1.png,train/invalid/CLM-00800_v1.png
CLM-00800,train,Invalid Claim,2,CLM-00800_v2.png,train/invalid/CLM-00800_v2.png
CLM-01163,train,Manual Review,1,CLM-01163_v1.png,train/manual_review/CLM-01163_v1.png
CLM-01163,train,Manual Review,2,CLM-01163_v2.png,train/manual_review/CLM-01163_v2.png
CLM-00657,train,Invalid Claim,1,CLM-00657_v1.png,train/invalid/CLM-00657_v1.png
CLM-00657,train,Invalid Claim,2,CLM-00657_v2.png,train/invalid/CLM-00657_v2.png
CLM-01157,train,Manual Review,1,CLM-01157_v1.png,train/manual_review/CLM-01157_v1.png
CLM-01157,train,Manual Review,2,CLM-01157_v2.png,train/manual_review/CLM-01157_v2.png
CLM-01008,train,Manual Review,1,CLM-01008_v1.png,train/manual_review/CLM-01008_v1.png
CLM-01008,train,Manual Review,2,CLM-01008_v2.png,train/manual_review/CLM-01008_v2.png
CLM-00459,train,Valid Claim,1,CLM-00459_v1.png,train/valid/CLM-00459_v1.png
CLM-00459,train,Valid Claim,2,CLM-00459_v2.png,train/valid/CLM-00459_v2.png
CLM-00696,train,Invalid Claim,1,CLM-00696_v1.png,train/invalid/CLM-00696_v1.png
CLM-00696,train,Invalid Claim,2,CLM-00696_v2.png,train/invalid/CLM-00696_v2.png
CLM-00646,train,Invalid Claim,1,CLM-00646_v1.png,train/invalid/CLM-00646_v1.png
CLM-00646,train,Invalid Claim,2,CLM-00646_v2.png,train/invalid/CLM-00646_v2.png
CLM-00014,train,Valid Claim,1,CLM-00014_v1.png,train/valid/CLM-00014_v1.png
CLM-00014,train,Valid Claim,2,CLM-00014_v2.png,train/valid/CLM-00014_v2.png
CLM-01429,train,Manual Review,1,CLM-01429_v1.png,train/manual_review/CLM-01429_v1.png
CLM-01429,train,Manual Review,2,CLM-01429_v2.png,train/manual_review/CLM-01429_v2.png
CLM-01394,train,Manual Review,1,CLM-01394_v1.png,train/manual_review/CLM-01394_v1.png
CLM-01394,train,Manual Review,2,CLM-01394_v2.png,train/manual_review/CLM-01394_v2.png
CLM-00794,train,Invalid Claim,1,CLM-00794_v1.png,train/invalid/CLM-00794_v1.png
CLM-00794,train,Invalid Claim,2,CLM-00794_v2.png,train/invalid/CLM-00794_v2.png
CLM-01132,train,Manual Review,1,CLM-01132_v1.png,train/manual_review/CLM-01132_v1.png
CLM-01132,train,Manual Review,2,CLM-01132_v2.png,train/manual_review/CLM-01132_v2.png
CLM-00037,train,Valid Claim,1,CLM-00037_v1.png,train/valid/CLM-00037_v1.png
CLM-00037,train,Valid Claim,2,CLM-00037_v2.png,train/valid/CLM-00037_v2.png
CLM-00359,train,Valid Claim,1,CLM-00359_v1.png,train/valid/CLM-00359_v1.png
CLM-00359,train,Valid Claim,2,CLM-00359_v2.png,train/valid/CLM-00359_v2.png
CLM-00107,train,Valid Claim,1,CLM-00107_v1.png,train/valid/CLM-00107_v1.png
CLM-00107,train,Valid Claim,2,CLM-00107_v2.png,train/valid/CLM-00107_v2.png
CLM-01377,train,Manual Review,1,CLM-01377_v1.png,train/manual_review/CLM-01377_v1.png
CLM-01377,train,Manual Review,2,CLM-01377_v2.png,train/manual_review/CLM-01377_v2.png
CLM-01184,train,Manual Review,1,CLM-01184_v1.png,train/manual_review/CLM-01184_v1.png
CLM-01184,train,Manual Review,2,CLM-01184_v2.png,train/manual_review/CLM-01184_v2.png
CLM-00678,train,Invalid Claim,1,CLM-00678_v1.png,train/invalid/CLM-00678_v1.png
CLM-00678,train,Invalid Claim,2,CLM-00678_v2.png,train/invalid/CLM-00678_v2.png
CLM-00737,train,Invalid Claim,1,CLM-00737_v1.png,train/invalid/CLM-00737_v1.png
CLM-00737,train,Invalid Claim,2,CLM-00737_v2.png,train/invalid/CLM-00737_v2.png
CLM-00911,train,Invalid Claim,1,CLM-00911_v1.png,train/invalid/CLM-00911_v1.png
CLM-00911,train,Invalid Claim,2,CLM-00911_v2.png,train/invalid/CLM-00911_v2.png
CLM-01459,train,Manual Review,1,CLM-01459_v1.png,train/manual_review/CLM-01459_v1.png
CLM-01459,train,Manual Review,2,CLM-01459_v2.png,train/manual_review/CLM-01459_v2.png
CLM-00976,train,Invalid Claim,1,CLM-00976_v1.png,train/invalid/CLM-00976_v1.png
CLM-00976,train,Invalid Claim,2,CLM-00976_v2.png,train/invalid/CLM-00976_v2.png
CLM-00474,train,Valid Claim,1,CLM-00474_v1.png,train/valid/CLM-00474_v1.png
CLM-00474,train,Valid Claim,2,CLM-00474_v2.png,train/valid/CLM-00474_v2.png
CLM-00260,train,Valid Claim,1,CLM-00260_v1.png,train/valid/CLM-00260_v1.png
CLM-00260,train,Valid Claim,2,CLM-00260_v2.png,train/valid/CLM-00260_v2.png
CLM-01126,train,Manual Review,1,CLM-01126_v1.png,train/manual_review/CLM-01126_v1.png
CLM-01126,train,Manual Review,2,CLM-01126_v2.png,train/manual_review/CLM-01126_v2.png
CLM-00922,train,Invalid Claim,1,CLM-00922_v1.png,train/invalid/CLM-00922_v1.png
CLM-00922,train,Invalid Claim,2,CLM-00922_v2.png,train/invalid/CLM-00922_v2.png
CLM-00050,train,Valid Claim,1,CLM-00050_v1.png,train/valid/CLM-00050_v1.png
CLM-00050,train,Valid Claim,2,CLM-00050_v2.png,train/valid/CLM-00050_v2.png
CLM-01123,train,Manual Review,1,CLM-01123_v1.png,train/manual_review/CLM-01123_v1.png
CLM-01123,train,Manual Review,2,CLM-01123_v2.png,train/manual_review/CLM-01123_v2.png
CLM-00340,train,Valid Claim,1,CLM-00340_v1.png,train/valid/CLM-00340_v1.png
CLM-00340,train,Valid Claim,2,CLM-00340_v2.png,train/valid/CLM-00340_v2.png
CLM-00490,train,Valid Claim,1,CLM-00490_v1.png,train/valid/CLM-00490_v1.png
CLM-00490,train,Valid Claim,2,CLM-00490_v2.png,train/valid/CLM-00490_v2.png
CLM-00002,train,Valid Claim,1,CLM-00002_v1.png,train/valid/CLM-00002_v1.png
CLM-00002,train,Valid Claim,2,CLM-00002_v2.png,train/valid/CLM-00002_v2.png
CLM-00579,train,Invalid Claim,1,CLM-00579_v1.png,train/invalid/CLM-00579_v1.png
CLM-00579,train,Invalid Claim,2,CLM-00579_v2.png,train/invalid/CLM-00579_v2.png
CLM-00575,train,Invalid Claim,1,CLM-00575_v1.png,train/invalid/CLM-00575_v1.png
CLM-00575,train,Invalid Claim,2,CLM-00575_v2.png,train/invalid/CLM-00575_v2.png
CLM-00245,train,Valid Claim,1,CLM-00245_v1.png,train/valid/CLM-00245_v1.png
CLM-00245,train,Valid Claim,2,CLM-00245_v2.png,train/valid/CLM-00245_v2.png
CLM-00067,train,Valid Claim,1,CLM-00067_v1.png,train/valid/CLM-00067_v1.png
CLM-00067,train,Valid Claim,2,CLM-00067_v2.png,train/valid/CLM-00067_v2.png
CLM-01082,train,Manual Review,1,CLM-01082_v1.png,train/manual_review/CLM-01082_v1.png
CLM-01082,train,Manual Review,2,CLM-01082_v2.png,train/manual_review/CLM-01082_v2.png
CLM-00250,train,Valid Claim,1,CLM-00250_v1.png,train/valid/CLM-00250_v1.png
CLM-00250,train,Valid Claim,2,CLM-00250_v2.png,train/valid/CLM-00250_v2.png
CLM-00701,train,Invalid Claim,1,CLM-00701_v1.png,train/invalid/CLM-00701_v1.png
CLM-00701,train,Invalid Claim,2,CLM-00701_v2.png,train/invalid/CLM-00701_v2.png
CLM-01490,train,Manual Review,1,CLM-01490_v1.png,train/manual_review/CLM-01490_v1.png
CLM-01490,train,Manual Review,2,CLM-01490_v2.png,train/manual_review/CLM-01490_v2.png
CLM-00738,train,Invalid Claim,1,CLM-00738_v1.png,train/invalid/CLM-00738_v1.png
CLM-00738,train,Invalid Claim,2,CLM-00738_v2.png,train/invalid/CLM-00738_v2.png
CLM-01196,train,Manual Review,1,CLM-01196_v1.png,train/manual_review/CLM-01196_v1.png
CLM-01196,train,Manual Review,2,CLM-01196_v2.png,train/manual_review/CLM-01196_v2.png
CLM-00879,train,Invalid Claim,1,CLM-00879_v1.png,train/invalid/CLM-00879_v1.png
CLM-00879,train,Invalid Claim,2,CLM-00879_v2.png,train/invalid/CLM-00879_v2.png
CLM-01037,train,Manual Review,1,CLM-01037_v1.png,train/manual_review/CLM-01037_v1.png
CLM-01037,train,Manual Review,2,CLM-01037_v2.png,train/manual_review/CLM-01037_v2.png
CLM-00090,train,Valid Claim,1,CLM-00090_v1.png,train/valid/CLM-00090_v1.png
CLM-00090,train,Valid Claim,2,CLM-00090_v2.png,train/valid/CLM-00090_v2.png
CLM-00548,train,Invalid Claim,1,CLM-00548_v1.png,train/invalid/CLM-00548_v1.png
CLM-00548,train,Invalid Claim,2,CLM-00548_v2.png,train/invalid/CLM-00548_v2.png
CLM-01247,train,Manual Review,1,CLM-01247_v1.png,train/manual_review/CLM-01247_v1.png
CLM-01247,train,Manual Review,2,CLM-01247_v2.png,train/manual_review/CLM-01247_v2.png
CLM-00727,train,Invalid Claim,1,CLM-00727_v1.png,train/invalid/CLM-00727_v1.png
CLM-00727,train,Invalid Claim,2,CLM-00727_v2.png,train/invalid/CLM-00727_v2.png
CLM-01161,train,Manual Review,1,CLM-01161_v1.png,train/manual_review/CLM-01161_v1.png
CLM-01161,train,Manual Review,2,CLM-01161_v2.png,train/manual_review/CLM-01161_v2.png
CLM-00974,train,Invalid Claim,1,CLM-00974_v1.png,train/invalid/CLM-00974_v1.png
CLM-00974,train,Invalid Claim,2,CLM-00974_v2.png,train/invalid/CLM-00974_v2.png
CLM-01138,train,Manual Review,1,CLM-01138_v1.png,train/manual_review/CLM-01138_v1.png
CLM-01138,train,Manual Review,2,CLM-01138_v2.png,train/manual_review/CLM-01138_v2.png
CLM-00083,train,Valid Claim,1,CLM-00083_v1.png,train/valid/CLM-00083_v1.png
CLM-00083,train,Valid Claim,2,CLM-00083_v2.png,train/valid/CLM-00083_v2.png
CLM-01231,train,Manual Review,1,CLM-01231_v1.png,train/manual_review/CLM-01231_v1.png
CLM-01231,train,Manual Review,2,CLM-01231_v2.png,train/manual_review/CLM-01231_v2.png
CLM-00635,train,Invalid Claim,1,CLM-00635_v1.png,train/invalid/CLM-00635_v1.png
CLM-00635,train,Invalid Claim,2,CLM-00635_v2.png,train/invalid/CLM-00635_v2.png
CLM-00988,train,Invalid Claim,1,CLM-00988_v1.png,train/invalid/CLM-00988_v1.png
CLM-00988,train,Invalid Claim,2,CLM-00988_v2.png,train/invalid/CLM-00988_v2.png
CLM-00713,train,Invalid Claim,1,CLM-00713_v1.png,train/invalid/CLM-00713_v1.png
CLM-00713,train,Invalid Claim,2,CLM-00713_v2.png,train/invalid/CLM-00713_v2.png
CLM-01395,train,Manual Review,1,CLM-01395_v1.png,train/manual_review/CLM-01395_v1.png
CLM-01395,train,Manual Review,2,CLM-01395_v2.png,train/manual_review/CLM-01395_v2.png
CLM-01446,train,Manual Review,1,CLM-01446_v1.png,train/manual_review/CLM-01446_v1.png
CLM-01446,train,Manual Review,2,CLM-01446_v2.png,train/manual_review/CLM-01446_v2.png
CLM-00479,train,Valid Claim,1,CLM-00479_v1.png,train/valid/CLM-00479_v1.png
CLM-00479,train,Valid Claim,2,CLM-00479_v2.png,train/valid/CLM-00479_v2.png
CLM-00043,train,Valid Claim,1,CLM-00043_v1.png,train/valid/CLM-00043_v1.png
CLM-00043,train,Valid Claim,2,CLM-00043_v2.png,train/valid/CLM-00043_v2.png
CLM-00665,train,Invalid Claim,1,CLM-00665_v1.png,train/invalid/CLM-00665_v1.png
CLM-00665,train,Invalid Claim,2,CLM-00665_v2.png,train/invalid/CLM-00665_v2.png
CLM-00372,train,Valid Claim,1,CLM-00372_v1.png,train/valid/CLM-00372_v1.png
CLM-00372,train,Valid Claim,2,CLM-00372_v2.png,train/valid/CLM-00372_v2.png
CLM-01304,train,Manual Review,1,CLM-01304_v1.png,train/manual_review/CLM-01304_v1.png
CLM-01304,train,Manual Review,2,CLM-01304_v2.png,train/manual_review/CLM-01304_v2.png
CLM-00944,train,Invalid Claim,1,CLM-00944_v1.png,train/invalid/CLM-00944_v1.png
CLM-00944,train,Invalid Claim,2,CLM-00944_v2.png,train/invalid/CLM-00944_v2.png
CLM-01038,train,Manual Review,1,CLM-01038_v1.png,train/manual_review/CLM-01038_v1.png
CLM-01038,train,Manual Review,2,CLM-01038_v2.png,train/manual_review/CLM-01038_v2.png
CLM-00218,train,Valid Claim,1,CLM-00218_v1.png,train/valid/CLM-00218_v1.png
CLM-00218,train,Valid Claim,2,CLM-00218_v2.png,train/valid/CLM-00218_v2.png
CLM-01427,train,Manual Review,1,CLM-01427_v1.png,train/manual_review/CLM-01427_v1.png
CLM-01427,train,Manual Review,2,CLM-01427_v2.png,train/manual_review/CLM-01427_v2.png
CLM-00298,train,Valid Claim,1,CLM-00298_v1.png,train/valid/CLM-00298_v1.png
CLM-00298,train,Valid Claim,2,CLM-00298_v2.png,train/valid/CLM-00298_v2.png
CLM-01337,train,Manual Review,1,CLM-01337_v1.png,train/manual_review/CLM-01337_v1.png
CLM-01337,train,Manual Review,2,CLM-01337_v2.png,train/manual_review/CLM-01337_v2.png
CLM-00407,train,Valid Claim,1,CLM-00407_v1.png,train/valid/CLM-00407_v1.png
CLM-00407,train,Valid Claim,2,CLM-00407_v2.png,train/valid/CLM-00407_v2.png
CLM-00308,train,Valid Claim,1,CLM-00308_v1.png,train/valid/CLM-00308_v1.png
CLM-00308,train,Valid Claim,2,CLM-00308_v2.png,train/valid/CLM-00308_v2.png
CLM-00599,train,Invalid Claim,1,CLM-00599_v1.png,train/invalid/CLM-00599_v1.png
CLM-00599,train,Invalid Claim,2,CLM-00599_v2.png,train/invalid/CLM-00599_v2.png
CLM-00455,train,Valid Claim,1,CLM-00455_v1.png,train/valid/CLM-00455_v1.png
CLM-00455,train,Valid Claim,2,CLM-00455_v2.png,train/valid/CLM-00455_v2.png
CLM-01280,train,Manual Review,1,CLM-01280_v1.png,train/manual_review/CLM-01280_v1.png
CLM-01280,train,Manual Review,2,CLM-01280_v2.png,train/manual_review/CLM-01280_v2.png
CLM-01454,train,Manual Review,1,CLM-01454_v1.png,train/manual_review/CLM-01454_v1.png
CLM-01454,train,Manual Review,2,CLM-01454_v2.png,train/manual_review/CLM-01454_v2.png
CLM-00297,validation,Valid Claim,1,CLM-00297.png,val/CLM-00297.png
CLM-01308,validation,Manual Review,1,CLM-01308.png,val/CLM-01308.png
CLM-00687,validation,Invalid Claim,1,CLM-00687.png,val/CLM-00687.png
CLM-01129,validation,Manual Review,1,CLM-01129.png,val/CLM-01129.png
CLM-00973,validation,Invalid Claim,1,CLM-00973.png,val/CLM-00973.png
CLM-01417,validation,Manual Review,1,CLM-01417.png,val/CLM-01417.png
CLM-01114,validation,Manual Review,1,CLM-01114.png,val/CLM-01114.png
CLM-00881,validation,Invalid Claim,1,CLM-00881.png,val/CLM-00881.png
CLM-01480,validation,Manual Review,1,CLM-01480.png,val/CLM-01480.png
CLM-01463,validation,Manual Review,1,CLM-01463.png,val/CLM-01463.png
CLM-00342,validation,Valid Claim,1,CLM-00342.png,val/CLM-00342.png
CLM-00292,validation,Valid Claim,1,CLM-00292.png,val/CLM-00292.png
CLM-01177,validation,Manual Review,1,CLM-01177.png,val/CLM-01177.png
CLM-00443,validation,Valid Claim,1,CLM-00443.png,val/CLM-00443.png
CLM-00123,validation,Valid Claim,1,CLM-00123.png,val/CLM-00123.png
CLM-00073,validation,Valid Claim,1,CLM-00073.png,val/CLM-00073.png
CLM-00205,validation,Valid Claim,1,CLM-00205.png,val/CLM-00205.png
CLM-01108,validation,Manual Review,1,CLM-01108.png,val/CLM-01108.png
CLM-00601,validation,Invalid Claim,1,CLM-00601.png,val/CLM-00601.png
CLM-01393,validation,Manual Review,1,CLM-01393.png,val/CLM-01393.png
CLM-00552,validation,Invalid Claim,1,CLM-00552.png,val/CLM-00552.png
CLM-00224,validation,Valid Claim,1,CLM-00224.png,val/CLM-00224.png
CLM-01288,validation,Manual Review,1,CLM-01288.png,val/CLM-01288.png
CLM-01467,validation,Manual Review,1,CLM-01467.png,val/CLM-01467.png
CLM-00972,validation,Invalid Claim,1,CLM-00972.png,val/CLM-00972.png
CLM-00877,validation,Invalid Claim,1,CLM-00877.png,val/CLM-00877.png
CLM-01265,validation,Manual Review,1,CLM-01265.png,val/CLM-01265.png
CLM-01216,validation,Manual Review,1,CLM-01216.png,val/CLM-01216.png
CLM-01117,validation,Manual Review,1,CLM-01117.png,val/CLM-01117.png
CLM-00628,validation,Invalid Claim,1,CLM-00628.png,val/CLM-00628.png
CLM-00849,validation,Invalid Claim,1,CLM-00849.png,val/CLM-00849.png
CLM-00586,validation,Invalid Claim,1,CLM-00586.png,val/CLM-00586.png
CLM-00085,validation,Valid Claim,1,CLM-00085.png,val/CLM-00085.png
CLM-01375,validation,Manual Review,1,CLM-01375.png,val/CLM-01375.png
CLM-01278,validation,Manual Review,1,CLM-01278.png,val/CLM-01278.png
CLM-00739,validation,Invalid Claim,1,CLM-00739.png,val/CLM-00739.png
CLM-01276,validation,Manual Review,1,CLM-01276.png,val/CLM-01276.png
CLM-00975,validation,Invalid Claim,1,CLM-00975.png,val/CLM-00975.png
CLM-00780,validation,Invalid Claim,1,CLM-00780.png,val/CLM-00780.png
CLM-00811,validation,Invalid Claim,1,CLM-00811.png,val/CLM-00811.png
CLM-00730,validation,Invalid Claim,1,CLM-00730.png,val/CLM-00730.png
CLM-01452,validation,Manual Review,1,CLM-01452.png,val/CLM-01452.png
CLM-00542,validation,Invalid Claim,1,CLM-00542.png,val/CLM-00542.png
CLM-01481,validation,Manual Review,1,CLM-01481.png,val/CLM-01481.png
CLM-00537,validation,Invalid Claim,1,CLM-00537.png,val/CLM-00537.png
CLM-01162,validation,Manual Review,1,CLM-01162.png,val/CLM-01162.png
CLM-00081,validation,Valid Claim,1,CLM-00081.png,val/CLM-00081.png
CLM-00203,validation,Valid Claim,1,CLM-00203.png,val/CLM-00203.png
CLM-00884,validation,Invalid Claim,1,CLM-00884.png,val/CLM-00884.png
CLM-00543,validation,Invalid Claim,1,CLM-00543.png,val/CLM-00543.png
CLM-01384,validation,Manual Review,1,CLM-01384.png,val/CLM-01384.png
CLM-00848,validation,Invalid Claim,1,CLM-00848.png,val/CLM-00848.png
CLM-00964,validation,Invalid Claim,1,CLM-00964.png,val/CLM-00964.png
CLM-00914,validation,Invalid Claim,1,CLM-00914.png,val/CLM-00914.png
CLM-00953,validation,Invalid Claim,1,CLM-00953.png,val/CLM-00953.png
CLM-00115,validation,Valid Claim,1,CLM-00115.png,val/CLM-00115.png
CLM-00184,validation,Valid Claim,1,CLM-00184.png,val/CLM-00184.png
CLM-00801,validation,Invalid Claim,1,CLM-00801.png,val/CLM-00801.png
CLM-01378,validation,Manual Review,1,CLM-01378.png,val/CLM-01378.png
CLM-01365,validation,Manual Review,1,CLM-01365.png,val/CLM-01365.png
CLM-00111,validation,Valid Claim,1,CLM-00111.png,val/CLM-00111.png
CLM-00273,validation,Valid Claim,1,CLM-00273.png,val/CLM-00273.png
CLM-00197,validation,Valid Claim,1,CLM-00197.png,val/CLM-00197.png
CLM-00192,validation,Valid Claim,1,CLM-00192.png,val/CLM-00192.png
CLM-00648,validation,Invalid Claim,1,CLM-00648.png,val/CLM-00648.png
CLM-00139,validation,Valid Claim,1,CLM-00139.png,val/CLM-00139.png
CLM-00396,validation,Valid Claim,1,CLM-00396.png,val/CLM-00396.png
CLM-00191,validation,Valid Claim,1,CLM-00191.png,val/CLM-00191.png
CLM-00122,validation,Valid Claim,1,CLM-00122.png,val/CLM-00122.png
CLM-00925,validation,Invalid Claim,1,CLM-00925.png,val/CLM-00925.png
CLM-00761,validation,Invalid Claim,1,CLM-00761.png,val/CLM-00761.png
CLM-00634,validation,Invalid Claim,1,CLM-00634.png,val/CLM-00634.png
CLM-00349,validation,Valid Claim,1,CLM-00349.png,val/CLM-00349.png
CLM-00550,validation,Invalid Claim,1,CLM-00550.png,val/CLM-00550.png
CLM-01077,validation,Manual Review,1,CLM-01077.png,val/CLM-01077.png
CLM-01240,validation,Manual Review,1,CLM-01240.png,val/CLM-01240.png
CLM-00062,validation,Valid Claim,1,CLM-00062.png,val/CLM-00062.png
CLM-00343,validation,Valid Claim,1,CLM-00343.png,val/CLM-00343.png
CLM-00485,validation,Valid Claim,1,CLM-00485.png,val/CLM-00485.png
CLM-00499,validation,Valid Claim,1,CLM-00499.png,val/CLM-00499.png
CLM-00103,validation,Valid Claim,1,CLM-00103.png,val/CLM-00103.png
CLM-00784,validation,Invalid Claim,1,CLM-00784.png,val/CLM-00784.png
CLM-00642,validation,Invalid Claim,1,CLM-00642.png,val/CLM-00642.png
CLM-01274,validation,Manual Review,1,CLM-01274.png,val/CLM-01274.png
CLM-00364,validation,Valid Claim,1,CLM-00364.png,val/CLM-00364.png
CLM-01238,validation,Manual Review,1,CLM-01238.png,val/CLM-01238.png
CLM-01450,validation,Manual Review,1,CLM-01450.png,val/CLM-01450.png
CLM-00898,validation,Invalid Claim,1,CLM-00898.png,val/CLM-00898.png
CLM-00025,validation,Valid Claim,1,CLM-00025.png,val/CLM-00025.png
CLM-00862,validation,Invalid Claim,1,CLM-00862.png,val/CLM-00862.png
CLM-00558,validation,Invalid Claim,1,CLM-00558.png,val/CLM-00558.png
CLM-00639,validation,Invalid Claim,1,CLM-00639.png,val/CLM-00639.png
CLM-01435,validation,Manual Review,1,CLM-01435.png,val/CLM-01435.png
CLM-00054,validation,Valid Claim,1,CLM-00054.png,val/CLM-00054.png
CLM-01115,validation,Manual Review,1,CLM-01115.png,val/CLM-01115.png
CLM-01233,validation,Manual Review,1,CLM-01233.png,val/CLM-01233.png
CLM-00626,validation,Invalid Claim,1,CLM-00626.png,val/CLM-00626.png
CLM-00370,validation,Valid Claim,1,CLM-00370.png,val/CLM-00370.png
CLM-00291,validation,Valid Claim,1,CLM-00291.png,val/CLM-00291.png
CLM-00935,validation,Invalid Claim,1,CLM-00935.png,val/CLM-00935.png
CLM-00106,validation,Valid Claim,1,CLM-00106.png,val/CLM-00106.png
CLM-00814,validation,Invalid Claim,1,CLM-00814.png,val/CLM-00814.png
CLM-00520,validation,Invalid Claim,1,CLM-00520.png,val/CLM-00520.png
CLM-00989,validation,Invalid Claim,1,CLM-00989.png,val/CLM-00989.png
CLM-01201,validation,Manual Review,1,CLM-01201.png,val/CLM-01201.png
CLM-00554,validation,Invalid Claim,1,CLM-00554.png,val/CLM-00554.png
CLM-00585,validation,Invalid Claim,1,CLM-00585.png,val/CLM-00585.png
CLM-01321,validation,Manual Review,1,CLM-01321.png,val/CLM-01321.png
CLM-01245,validation,Manual Review,1,CLM-01245.png,val/CLM-01245.png
CLM-00557,validation,Invalid Claim,1,CLM-00557.png,val/CLM-00557.png
CLM-00066,validation,Valid Claim,1,CLM-00066.png,val/CLM-00066.png
CLM-00799,validation,Invalid Claim,1,CLM-00799.png,val/CLM-00799.png
CLM-00116,validation,Valid Claim,1,CLM-00116.png,val/CLM-00116.png
CLM-00071,validation,Valid Claim,1,CLM-00071.png,val/CLM-00071.png
CLM-00921,validation,Invalid Claim,1,CLM-00921.png,val/CLM-00921.png
CLM-01396,validation,Manual Review,1,CLM-01396.png,val/CLM-01396.png
CLM-00064,validation,Valid Claim,1,CLM-00064.png,val/CLM-00064.png
CLM-00013,validation,Valid Claim,1,CLM-00013.png,val/CLM-00013.png
CLM-01455,validation,Manual Review,1,CLM-01455.png,val/CLM-01455.png
CLM-01246,validation,Manual Review,1,CLM-01246.png,val/CLM-01246.png
CLM-00377,validation,Valid Claim,1,CLM-00377.png,val/CLM-00377.png
CLM-00280,validation,Valid Claim,1,CLM-00280.png,val/CLM-00280.png
CLM-00573,validation,Invalid Claim,1,CLM-00573.png,val/CLM-00573.png
CLM-01386,validation,Manual Review,1,CLM-01386.png,val/CLM-01386.png
CLM-01442,validation,Manual Review,1,CLM-01442.png,val/CLM-01442.png
CLM-01457,validation,Manual Review,1,CLM-01457.png,val/CLM-01457.png
CLM-00032,validation,Valid Claim,1,CLM-00032.png,val/CLM-00032.png
CLM-00818,validation,Invalid Claim,1,CLM-00818.png,val/CLM-00818.png
CLM-00021,validation,Valid Claim,1,CLM-00021.png,val/CLM-00021.png
CLM-01095,validation,Manual Review,1,CLM-01095.png,val/CLM-01095.png
CLM-00041,validation,Valid Claim,1,CLM-00041.png,val/CLM-00041.png
CLM-00594,validation,Invalid Claim,1,CLM-00594.png,val/CLM-00594.png
CLM-01014,validation,Manual Review,1,CLM-01014.png,val/CLM-01014.png
CLM-01303,validation,Manual Review,1,CLM-01303.png,val/CLM-01303.png
CLM-00262,validation,Valid Claim,1,CLM-00262.png,val/CLM-00262.png
CLM-01237,validation,Manual Review,1,CLM-01237.png,val/CLM-01237.png
CLM-00175,validation,Valid Claim,1,CLM-00175.png,val/CLM-00175.png
CLM-00395,validation,Valid Claim,1,CLM-00395.png,val/CLM-00395.png
CLM-00515,validation,Invalid Claim,1,CLM-00515.png,val/CLM-00515.png
CLM-00306,validation,Valid Claim,1,CLM-00306.png,val/CLM-00306.png
CLM-00782,validation,Invalid Claim,1,CLM-00782.png,val/CLM-00782.png
CLM-00389,validation,Valid Claim,1,CLM-00389.png,val/CLM-00389.png
CLM-01318,validation,Manual Review,1,CLM-01318.png,val/CLM-01318.png
CLM-01209,validation,Manual Review,1,CLM-01209.png,val/CLM-01209.png
CLM-00863,validation,Invalid Claim,1,CLM-00863.png,val/CLM-00863.png
CLM-00348,validation,Valid Claim,1,CLM-00348.png,val/CLM-00348.png
CLM-01273,validation,Manual Review,1,CLM-01273.png,val/CLM-01273.png
CLM-00221,validation,Valid Claim,1,CLM-00221.png,val/CLM-00221.png
CLM-00647,validation,Invalid Claim,1,CLM-00647.png,val/CLM-00647.png
CLM-01430,validation,Manual Review,1,CLM-01430.png,val/CLM-01430.png
CLM-00204,validation,Valid Claim,1,CLM-00204.png,val/CLM-00204.png
CLM-00859,validation,Invalid Claim,1,CLM-00859.png,val/CLM-00859.png
CLM-01296,validation,Manual Review,1,CLM-01296.png,val/CLM-01296.png
CLM-00371,validation,Valid Claim,1,CLM-00371.png,val/CLM-00371.png
CLM-00932,validation,Invalid Claim,1,CLM-00932.png,val/CLM-00932.png
CLM-00310,validation,Valid Claim,1,CLM-00310.png,val/CLM-00310.png
CLM-00954,validation,Invalid Claim,1,CLM-00954.png,val/CLM-00954.png
CLM-01203,validation,Manual Review,1,CLM-01203.png,val/CLM-01203.png
CLM-01249,validation,Manual Review,1,CLM-01249.png,val/CLM-01249.png
CLM-01415,validation,Manual Review,1,CLM-01415.png,val/CLM-01415.png
CLM-00380,validation,Valid Claim,1,CLM-00380.png,val/CLM-00380.png
CLM-00950,validation,Invalid Claim,1,CLM-00950.png,val/CLM-00950.png
CLM-00144,validation,Valid Claim,1,CLM-00144.png,val/CLM-00144.png
CLM-00270,validation,Valid Claim,1,CLM-00270.png,val/CLM-00270.png
CLM-00968,validation,Invalid Claim,1,CLM-00968.png,val/CLM-00968.png
CLM-00615,validation,Invalid Claim,1,CLM-00615.png,val/CLM-00615.png
CLM-00981,validation,Invalid Claim,1,CLM-00981.png,val/CLM-00981.png
CLM-01383,validation,Manual Review,1,CLM-01383.png,val/CLM-01383.png
CLM-01410,validation,Manual Review,1,CLM-01410.png,val/CLM-01410.png
CLM-00707,validation,Invalid Claim,1,CLM-00707.png,val/CLM-00707.png
CLM-00462,validation,Valid Claim,1,CLM-00462.png,val/CLM-00462.png
CLM-00228,validation,Valid Claim,1,CLM-00228.png,val/CLM-00228.png
CLM-00441,validation,Valid Claim,1,CLM-00441.png,val/CLM-00441.png
CLM-01235,validation,Manual Review,1,CLM-01235.png,val/CLM-01235.png
CLM-00524,validation,Invalid Claim,1,CLM-00524.png,val/CLM-00524.png
CLM-00419,validation,Valid Claim,1,CLM-00419.png,val/CLM-00419.png
CLM-01392,validation,Manual Review,1,CLM-01392.png,val/CLM-01392.png
CLM-00048,validation,Valid Claim,1,CLM-00048.png,val/CLM-00048.png
CLM-01221,validation,Manual Review,1,CLM-01221.png,val/CLM-01221.png
CLM-00568,validation,Invalid Claim,1,CLM-00568.png,val/CLM-00568.png
CLM-01367,validation,Manual Review,1,CLM-01367.png,val/CLM-01367.png
CLM-01222,validation,Manual Review,1,CLM-01222.png,val/CLM-01222.png
CLM-00136,validation,Valid Claim,1,CLM-00136.png,val/CLM-00136.png
CLM-00296,validation,Valid Claim,1,CLM-00296.png,val/CLM-00296.png
CLM-00835,validation,Invalid Claim,1,CLM-00835.png,val/CLM-00835.png
CLM-00161,validation,Valid Claim,1,CLM-00161.png,val/CLM-00161.png
CLM-01227,validation,Manual Review,1,CLM-01227.png,val/CLM-01227.png
CLM-01050,validation,Manual Review,1,CLM-01050.png,val/CLM-01050.png
CLM-01016,validation,Manual Review,1,CLM-01016.png,val/CLM-01016.png
CLM-01242,validation,Manual Review,1,CLM-01242.png,val/CLM-01242.png
CLM-00327,validation,Valid Claim,1,CLM-00327.png,val/CLM-00327.png
CLM-00354,validation,Valid Claim,1,CLM-00354.png,val/CLM-00354.png
CLM-00783,validation,Invalid Claim,1,CLM-00783.png,val/CLM-00783.png
CLM-00352,validation,Valid Claim,1,CLM-00352.png,val/CLM-00352.png
CLM-00155,validation,Valid Claim,1,CLM-00155.png,val/CLM-00155.png
CLM-01281,validation,Manual Review,1,CLM-01281.png,val/CLM-01281.png
CLM-01299,validation,Manual Review,1,CLM-01299.png,val/CLM-01299.png
CLM-01119,validation,Manual Review,1,CLM-01119.png,val/CLM-01119.png
CLM-01093,validation,Manual Review,1,CLM-01093.png,val/CLM-01093.png
CLM-00612,validation,Invalid Claim,1,CLM-00612.png,val/CLM-00612.png
CLM-00311,validation,Valid Claim,1,CLM-00311.png,val/CLM-00311.png
CLM-01444,validation,Manual Review,1,CLM-01444.png,val/CLM-01444.png
CLM-01212,validation,Manual Review,1,CLM-01212.png,val/CLM-01212.png
CLM-00035,validation,Valid Claim,1,CLM-00035.png,val/CLM-00035.png
CLM-00376,validation,Valid Claim,1,CLM-00376.png,val/CLM-00376.png
CLM-00582,validation,Invalid Claim,1,CLM-00582.png,val/CLM-00582.png
CLM-00834,validation,Invalid Claim,1,CLM-00834.png,val/CLM-00834.png
CLM-01407,validation,Manual Review,1,CLM-01407.png,val/CLM-01407.png
CLM-00502,validation,Invalid Claim,1,CLM-00502.png,val/CLM-00502.png
CLM-00702,validation,Invalid Claim,1,CLM-00702.png,val/CLM-00702.png
CLM-00695,validation,Invalid Claim,1,CLM-00695.png,val/CLM-00695.png
CLM-00655,validation,Invalid Claim,1,CLM-00655.png,val/CLM-00655.png
CLM-01143,validation,Manual Review,1,CLM-01143.png,val/CLM-01143.png
CLM-00231,validation,Valid Claim,1,CLM-00231.png,val/CLM-00231.png
CLM-01158,validation,Manual Review,1,CLM-01158.png,val/CLM-01158.png
CLM-00919,validation,Invalid Claim,1,CLM-00919.png,val/CLM-00919.png
CLM-01049,validation,Manual Review,1,CLM-01049.png,val/CLM-01049.png
CLM-00329,validation,Valid Claim,1,CLM-00329.png,val/CLM-00329.png
CLM-01214,validation,Manual Review,1,CLM-01214.png,val/CLM-01214.png
CLM-00382,validation,Valid Claim,1,CLM-00382.png,val/CLM-00382.png
CLM-00971,validation,Invalid Claim,1,CLM-00971.png,val/CLM-00971.png
CLM-00052,validation,Valid Claim,1,CLM-00052.png,val/CLM-00052.png
CLM-00838,validation,Invalid Claim,1,CLM-00838.png,val/CLM-00838.png
CLM-01270,validation,Manual Review,1,CLM-01270.png,val/CLM-01270.png
CLM-00618,validation,Invalid Claim,1,CLM-00618.png,val/CLM-00618.png
CLM-00134,test,Valid Claim,1,CLM-00134.png,test/CLM-00134.png
CLM-01419,test,Manual Review,1,CLM-01419.png,test/CLM-01419.png
CLM-00805,test,Invalid Claim,1,CLM-00805.png,test/CLM-00805.png
CLM-01284,test,Manual Review,1,CLM-01284.png,test/CLM-01284.png
CLM-00672,test,Invalid Claim,1,CLM-00672.png,test/CLM-00672.png
CLM-01017,test,Manual Review,1,CLM-01017.png,test/CLM-01017.png
CLM-01148,test,Manual Review,1,CLM-01148.png,test/CLM-01148.png
CLM-00656,test,Invalid Claim,1,CLM-00656.png,test/CLM-00656.png
CLM-01043,test,Manual Review,1,CLM-01043.png,test/CLM-01043.png
CLM-01186,test,Manual Review,1,CLM-01186.png,test/CLM-01186.png
CLM-00278,test,Valid Claim,1,CLM-00278.png,test/CLM-00278.png
CLM-00403,test,Valid Claim,1,CLM-00403.png,test/CLM-00403.png
CLM-01440,test,Manual Review,1,CLM-01440.png,test/CLM-01440.png
CLM-00433,test,Valid Claim,1,CLM-00433.png,test/CLM-00433.png
CLM-00428,test,Valid Claim,1,CLM-00428.png,test/CLM-00428.png
CLM-00010,test,Valid Claim,1,CLM-00010.png,test/CLM-00010.png
CLM-00429,test,Valid Claim,1,CLM-00429.png,test/CLM-00429.png
CLM-01084,test,Manual Review,1,CLM-01084.png,test/CLM-01084.png
CLM-00541,test,Invalid Claim,1,CLM-00541.png,test/CLM-00541.png
CLM-01099,test,Manual Review,1,CLM-01099.png,test/CLM-01099.png
CLM-00625,test,Invalid Claim,1,CLM-00625.png,test/CLM-00625.png
CLM-00486,test,Valid Claim,1,CLM-00486.png,test/CLM-00486.png
CLM-01167,test,Manual Review,1,CLM-01167.png,test/CLM-01167.png
CLM-01039,test,Manual Review,1,CLM-01039.png,test/CLM-01039.png
CLM-00531,test,Invalid Claim,1,CLM-00531.png,test/CLM-00531.png
CLM-00545,test,Invalid Claim,1,CLM-00545.png,test/CLM-00545.png
CLM-01218,test,Manual Review,1,CLM-01218.png,test/CLM-01218.png
CLM-01178,test,Manual Review,1,CLM-01178.png,test/CLM-01178.png
CLM-01029,test,Manual Review,1,CLM-01029.png,test/CLM-01029.png
CLM-00839,test,Invalid Claim,1,CLM-00839.png,test/CLM-00839.png
CLM-00996,test,Invalid Claim,1,CLM-00996.png,test/CLM-00996.png
CLM-00829,test,Invalid Claim,1,CLM-00829.png,test/CLM-00829.png
CLM-00253,test,Valid Claim,1,CLM-00253.png,test/CLM-00253.png
CLM-01257,test,Manual Review,1,CLM-01257.png,test/CLM-01257.png
CLM-01460,test,Manual Review,1,CLM-01460.png,test/CLM-01460.png
CLM-00936,test,Invalid Claim,1,CLM-00936.png,test/CLM-00936.png
CLM-01041,test,Manual Review,1,CLM-01041.png,test/CLM-01041.png
CLM-00840,test,Invalid Claim,1,CLM-00840.png,test/CLM-00840.png
CLM-00774,test,Invalid Claim,1,CLM-00774.png,test/CLM-00774.png
CLM-00821,test,Invalid Claim,1,CLM-00821.png,test/CLM-00821.png
CLM-00824,test,Invalid Claim,1,CLM-00824.png,test/CLM-00824.png
CLM-01496,test,Manual Review,1,CLM-01496.png,test/CLM-01496.png
CLM-00703,test,Invalid Claim,1,CLM-00703.png,test/CLM-00703.png
CLM-01088,test,Manual Review,1,CLM-01088.png,test/CLM-01088.png
CLM-00777,test,Invalid Claim,1,CLM-00777.png,test/CLM-00777.png
CLM-01356,test,Manual Review,1,CLM-01356.png,test/CLM-01356.png
CLM-00435,test,Valid Claim,1,CLM-00435.png,test/CLM-00435.png
CLM-00177,test,Valid Claim,1,CLM-00177.png,test/CLM-00177.png
CLM-00732,test,Invalid Claim,1,CLM-00732.png,test/CLM-00732.png
CLM-00791,test,Invalid Claim,1,CLM-00791.png,test/CLM-00791.png
CLM-01268,test,Manual Review,1,CLM-01268.png,test/CLM-01268.png
CLM-00674,test,Invalid Claim,1,CLM-00674.png,test/CLM-00674.png
CLM-00650,test,Invalid Claim,1,CLM-00650.png,test/CLM-00650.png
CLM-00540,test,Invalid Claim,1,CLM-00540.png,test/CLM-00540.png
CLM-00775,test,Invalid Claim,1,CLM-00775.png,test/CLM-00775.png
CLM-00420,test,Valid Claim,1,CLM-00420.png,test/CLM-00420.png
CLM-00045,test,Valid Claim,1,CLM-00045.png,test/CLM-00045.png
CLM-00966,test,Invalid Claim,1,CLM-00966.png,test/CLM-00966.png
CLM-01371,test,Manual Review,1,CLM-01371.png,test/CLM-01371.png
CLM-01449,test,Manual Review,1,CLM-01449.png,test/CLM-01449.png
CLM-00427,test,Valid Claim,1,CLM-00427.png,test/CLM-00427.png
CLM-00125,test,Valid Claim,1,CLM-00125.png,test/CLM-00125.png
CLM-00276,test,Valid Claim,1,CLM-00276.png,test/CLM-00276.png
CLM-00230,test,Valid Claim,1,CLM-00230.png,test/CLM-00230.png
CLM-00845,test,Invalid Claim,1,CLM-00845.png,test/CLM-00845.png
CLM-00424,test,Valid Claim,1,CLM-00424.png,test/CLM-00424.png
CLM-00121,test,Valid Claim,1,CLM-00121.png,test/CLM-00121.png
CLM-00440,test,Valid Claim,1,CLM-00440.png,test/CLM-00440.png
CLM-00186,test,Valid Claim,1,CLM-00186.png,test/CLM-00186.png
CLM-00605,test,Invalid Claim,1,CLM-00605.png,test/CLM-00605.png
CLM-00503,test,Invalid Claim,1,CLM-00503.png,test/CLM-00503.png
CLM-00684,test,Invalid Claim,1,CLM-00684.png,test/CLM-00684.png
CLM-00143,test,Valid Claim,1,CLM-00143.png,test/CLM-00143.png
CLM-00901,test,Invalid Claim,1,CLM-00901.png,test/CLM-00901.png
CLM-01068,test,Manual Review,1,CLM-01068.png,test/CLM-01068.png
CLM-01414,test,Manual Review,1,CLM-01414.png,test/CLM-01414.png
CLM-00293,test,Valid Claim,1,CLM-00293.png,test/CLM-00293.png
CLM-00217,test,Valid Claim,1,CLM-00217.png,test/CLM-00217.png
CLM-00387,test,Valid Claim,1,CLM-00387.png,test/CLM-00387.png
CLM-00210,test,Valid Claim,1,CLM-00210.png,test/CLM-00210.png
CLM-00141,test,Valid Claim,1,CLM-00141.png,test/CLM-00141.png
CLM-00999,test,Invalid Claim,1,CLM-00999.png,test/CLM-00999.png
CLM-00511,test,Invalid Claim,1,CLM-00511.png,test/CLM-00511.png
CLM-01071,test,Manual Review,1,CLM-01071.png,test/CLM-01071.png
CLM-00208,test,Valid Claim,1,CLM-00208.png,test/CLM-00208.png
CLM-01120,test,Manual Review,1,CLM-01120.png,test/CLM-01120.png
CLM-01484,test,Manual Review,1,CLM-01484.png,test/CLM-01484.png
CLM-00736,test,Invalid Claim,1,CLM-00736.png,test/CLM-00736.png
CLM-00157,test,Valid Claim,1,CLM-00157.png,test/CLM-00157.png
CLM-00555,test,Invalid Claim,1,CLM-00555.png,test/CLM-00555.png
CLM-00822,test,Invalid Claim,1,CLM-00822.png,test/CLM-00822.png
CLM-00963,test,Invalid Claim,1,CLM-00963.png,test/CLM-00963.png
CLM-01389,test,Manual Review,1,CLM-01389.png,test/CLM-01389.png
CLM-00471,test,Valid Claim,1,CLM-00471.png,test/CLM-00471.png
CLM-01297,test,Manual Review,1,CLM-01297.png,test/CLM-01297.png
CLM-01277,test,Manual Review,1,CLM-01277.png,test/CLM-01277.png
CLM-00770,test,Invalid Claim,1,CLM-00770.png,test/CLM-00770.png
CLM-00026,test,Valid Claim,1,CLM-00026.png,test/CLM-00026.png
CLM-00477,test,Valid Claim,1,CLM-00477.png,test/CLM-00477.png
CLM-00908,test,Invalid Claim,1,CLM-00908.png,test/CLM-00908.png
CLM-00325,test,Valid Claim,1,CLM-00325.png,test/CLM-00325.png
CLM-00997,test,Invalid Claim,1,CLM-00997.png,test/CLM-00997.png
CLM-00526,test,Invalid Claim,1,CLM-00526.png,test/CLM-00526.png
CLM-00724,test,Invalid Claim,1,CLM-00724.png,test/CLM-00724.png
CLM-01102,test,Manual Review,1,CLM-01102.png,test/CLM-01102.png
CLM-00533,test,Invalid Claim,1,CLM-00533.png,test/CLM-00533.png
CLM-00719,test,Invalid Claim,1,CLM-00719.png,test/CLM-00719.png
CLM-01133,test,Manual Review,1,CLM-01133.png,test/CLM-01133.png
CLM-01124,test,Manual Review,1,CLM-01124.png,test/CLM-01124.png
CLM-00865,test,Invalid Claim,1,CLM-00865.png,test/CLM-00865.png
CLM-00077,test,Valid Claim,1,CLM-00077.png,test/CLM-00077.png
CLM-00752,test,Invalid Claim,1,CLM-00752.png,test/CLM-00752.png
CLM-00445,test,Valid Claim,1,CLM-00445.png,test/CLM-00445.png
CLM-00008,test,Valid Claim,1,CLM-00008.png,test/CLM-00008.png
CLM-00581,test,Invalid Claim,1,CLM-00581.png,test/CLM-00581.png
CLM-01147,test,Manual Review,1,CLM-01147.png,test/CLM-01147.png
CLM-00439,test,Valid Claim,1,CLM-00439.png,test/CLM-00439.png
CLM-00416,test,Valid Claim,1,CLM-00416.png,test/CLM-00416.png
CLM-01469,test,Manual Review,1,CLM-01469.png,test/CLM-01469.png
CLM-01298,test,Manual Review,1,CLM-01298.png,test/CLM-01298.png
CLM-00480,test,Valid Claim,1,CLM-00480.png,test/CLM-00480.png
CLM-00238,test,Valid Claim,1,CLM-00238.png,test/CLM-00238.png
CLM-00715,test,Invalid Claim,1,CLM-00715.png,test/CLM-00715.png
CLM-01495,test,Manual Review,1,CLM-01495.png,test/CLM-01495.png
CLM-01428,test,Manual Review,1,CLM-01428.png,test/CLM-01428.png
CLM-01032,test,Manual Review,1,CLM-01032.png,test/CLM-01032.png
CLM-00029,test,Valid Claim,1,CLM-00029.png,test/CLM-00029.png
CLM-00778,test,Invalid Claim,1,CLM-00778.png,test/CLM-00778.png
CLM-00017,test,Valid Claim,1,CLM-00017.png,test/CLM-00017.png
CLM-01006,test,Manual Review,1,CLM-01006.png,test/CLM-01006.png
CLM-00162,test,Valid Claim,1,CLM-00162.png,test/CLM-00162.png
CLM-00685,test,Invalid Claim,1,CLM-00685.png,test/CLM-00685.png
CLM-01044,test,Manual Review,1,CLM-01044.png,test/CLM-01044.png
CLM-01470,test,Manual Review,1,CLM-01470.png,test/CLM-01470.png
CLM-00088,test,Valid Claim,1,CLM-00088.png,test/CLM-00088.png
CLM-01179,test,Manual Review,1,CLM-01179.png,test/CLM-01179.png
CLM-00422,test,Valid Claim,1,CLM-00422.png,test/CLM-00422.png
CLM-00363,test,Valid Claim,1,CLM-00363.png,test/CLM-00363.png
CLM-00614,test,Invalid Claim,1,CLM-00614.png,test/CLM-00614.png
CLM-00072,test,Valid Claim,1,CLM-00072.png,test/CLM-00072.png
CLM-00711,test,Invalid Claim,1,CLM-00711.png,test/CLM-00711.png
CLM-00092,test,Valid Claim,1,CLM-00092.png,test/CLM-00092.png
CLM-01451,test,Manual Review,1,CLM-01451.png,test/CLM-01451.png
CLM-01420,test,Manual Review,1,CLM-01420.png,test/CLM-01420.png
CLM-00871,test,Invalid Claim,1,CLM-00871.png,test/CLM-00871.png
CLM-00215,test,Valid Claim,1,CLM-00215.png,test/CLM-00215.png
CLM-01494,test,Manual Review,1,CLM-01494.png,test/CLM-01494.png
CLM-00058,test,Valid Claim,1,CLM-00058.png,test/CLM-00058.png
CLM-00929,test,Invalid Claim,1,CLM-00929.png,test/CLM-00929.png
CLM-01015,test,Manual Review,1,CLM-01015.png,test/CLM-01015.png
CLM-00169,test,Valid Claim,1,CLM-00169.png,test/CLM-00169.png
CLM-00945,test,Invalid Claim,1,CLM-00945.png,test/CLM-00945.png
CLM-01210,test,Manual Review,1,CLM-01210.png,test/CLM-01210.png
CLM-00194,test,Valid Claim,1,CLM-00194.png,test/CLM-00194.png
CLM-00686,test,Invalid Claim,1,CLM-00686.png,test/CLM-00686.png
CLM-00381,test,Valid Claim,1,CLM-00381.png,test/CLM-00381.png
CLM-00882,test,Invalid Claim,1,CLM-00882.png,test/CLM-00882.png
CLM-01333,test,Manual Review,1,CLM-01333.png,test/CLM-01333.png
CLM-01301,test,Manual Review,1,CLM-01301.png,test/CLM-01301.png
CLM-01443,test,Manual Review,1,CLM-01443.png,test/CLM-01443.png
CLM-00492,test,Valid Claim,1,CLM-00492.png,test/CLM-00492.png
CLM-00786,test,Invalid Claim,1,CLM-00786.png,test/CLM-00786.png
CLM-00003,test,Valid Claim,1,CLM-00003.png,test/CLM-00003.png
CLM-00456,test,Valid Claim,1,CLM-00456.png,test/CLM-00456.png
CLM-00523,test,Invalid Claim,1,CLM-00523.png,test/CLM-00523.png
CLM-00857,test,Invalid Claim,1,CLM-00857.png,test/CLM-00857.png
CLM-00930,test,Invalid Claim,1,CLM-00930.png,test/CLM-00930.png
CLM-01391,test,Manual Review,1,CLM-01391.png,test/CLM-01391.png
CLM-01364,test,Manual Review,1,CLM-01364.png,test/CLM-01364.png
CLM-00570,test,Invalid Claim,1,CLM-00570.png,test/CLM-00570.png
CLM-00421,test,Valid Claim,1,CLM-00421.png,test/CLM-00421.png
CLM-00246,test,Valid Claim,1,CLM-00246.png,test/CLM-00246.png
CLM-00496,test,Valid Claim,1,CLM-00496.png,test/CLM-00496.png
CLM-01332,test,Manual Review,1,CLM-01332.png,test/CLM-01332.png
CLM-00598,test,Invalid Claim,1,CLM-00598.png,test/CLM-00598.png
CLM-00279,test,Valid Claim,1,CLM-00279.png,test/CLM-00279.png
CLM-01036,test,Manual Review,1,CLM-01036.png,test/CLM-01036.png
CLM-00207,test,Valid Claim,1,CLM-00207.png,test/CLM-00207.png
CLM-01352,test,Manual Review,1,CLM-01352.png,test/CLM-01352.png
CLM-00659,test,Invalid Claim,1,CLM-00659.png,test/CLM-00659.png
CLM-01483,test,Manual Review,1,CLM-01483.png,test/CLM-01483.png
CLM-01116,test,Manual Review,1,CLM-01116.png,test/CLM-01116.png
CLM-00287,test,Valid Claim,1,CLM-00287.png,test/CLM-00287.png
CLM-00491,test,Valid Claim,1,CLM-00491.png,test/CLM-00491.png
CLM-00946,test,Invalid Claim,1,CLM-00946.png,test/CLM-00946.png
CLM-00275,test,Valid Claim,1,CLM-00275.png,test/CLM-00275.png
CLM-01213,test,Manual Review,1,CLM-01213.png,test/CLM-01213.png
CLM-01096,test,Manual Review,1,CLM-01096.png,test/CLM-01096.png
CLM-01488,test,Manual Review,1,CLM-01488.png,test/CLM-01488.png
CLM-01243,test,Manual Review,1,CLM-01243.png,test/CLM-01243.png
CLM-00124,test,Valid Claim,1,CLM-00124.png,test/CLM-00124.png
CLM-00373,test,Valid Claim,1,CLM-00373.png,test/CLM-00373.png
CLM-00931,test,Invalid Claim,1,CLM-00931.png,test/CLM-00931.png
CLM-00356,test,Valid Claim,1,CLM-00356.png,test/CLM-00356.png
CLM-00015,test,Valid Claim,1,CLM-00015.png,test/CLM-00015.png
CLM-01350,test,Manual Review,1,CLM-01350.png,test/CLM-01350.png
CLM-01464,test,Manual Review,1,CLM-01464.png,test/CLM-01464.png
CLM-01097,test,Manual Review,1,CLM-01097.png,test/CLM-01097.png
CLM-01476,test,Manual Review,1,CLM-01476.png,test/CLM-01476.png
CLM-00505,test,Invalid Claim,1,CLM-00505.png,test/CLM-00505.png
CLM-00255,test,Valid Claim,1,CLM-00255.png,test/CLM-00255.png
CLM-01351,test,Manual Review,1,CLM-01351.png,test/CLM-01351.png
CLM-01228,test,Manual Review,1,CLM-01228.png,test/CLM-01228.png
CLM-00018,test,Valid Claim,1,CLM-00018.png,test/CLM-00018.png
CLM-00237,test,Valid Claim,1,CLM-00237.png,test/CLM-00237.png
CLM-00874,test,Invalid Claim,1,CLM-00874.png,test/CLM-00874.png
CLM-00923,test,Invalid Claim,1,CLM-00923.png,test/CLM-00923.png
CLM-01011,test,Manual Review,1,CLM-01011.png,test/CLM-01011.png
CLM-00544,test,Invalid Claim,1,CLM-00544.png,test/CLM-00544.png
CLM-00860,test,Invalid Claim,1,CLM-00860.png,test/CLM-00860.png
CLM-00864,test,Invalid Claim,1,CLM-00864.png,test/CLM-00864.png
CLM-00553,test,Invalid Claim,1,CLM-00553.png,test/CLM-00553.png
CLM-01198,test,Manual Review,1,CLM-01198.png,test/CLM-01198.png
CLM-00087,test,Valid Claim,1,CLM-00087.png,test/CLM-00087.png
CLM-01164,test,Manual Review,1,CLM-01164.png,test/CLM-01164.png
CLM-00595,test,Invalid Claim,1,CLM-00595.png,test/CLM-00595.png
CLM-01176,test,Manual Review,1,CLM-01176.png,test/CLM-01176.png
CLM-00355,test,Valid Claim,1,CLM-00355.png,test/CLM-00355.png
CLM-01300,test,Manual Review,1,CLM-01300.png,test/CLM-01300.png
CLM-00252,test,Valid Claim,1,CLM-00252.png,test/CLM-00252.png
CLM-00663,test,Invalid Claim,1,CLM-00663.png,test/CLM-00663.png
CLM-00044,test,Valid Claim,1,CLM-00044.png,test/CLM-00044.png
CLM-00844,test,Invalid Claim,1,CLM-00844.png,test/CLM-00844.png
CLM-01005,test,Manual Review,1,CLM-01005.png,test/CLM-01005.png
CLM-00765,test,Invalid Claim,1,CLM-00765.png,test/CLM-00765.png
