claim_id,product_id,product_category,product_brand,product_model,product_serial,purchase_date,purchase_price,retailer,invoice_number,warranty_start_date,warranty_expiry_date,warranty_duration_months,product_age_days,remaining_warranty_days,is_extended_warranty,fault_occurrence_date,fault_category,fault_description,damage_type,has_receipt,has_warranty_card,has_damage_photo,has_serial_photo,has_repair_report,missing_document_count,serial_number_match,previous_repairs_count,unauthorized_repair_flag,claim_date_conflict_flag,claim_class
CLM-00303,PRD-00303,Home Appliances,KitchenPro,ThermaCold 320L,SN-KIT-5588489,2025-07-30,1634.8,National Appliance Depot,INV-2026-81349,2025-07-30,2027-07-20,24,417,303,0,2026-09-07,Electronic PCB failure,Reported genuine hardware failure: Electronic PCB failure under regular domestic usage.,Hardware Defect,1,1,1,1,0,0,1,0,0,0,Valid Claim
CLM-01411,PRD-01411,Home Appliances,AeroBreeze,FrostGuard Side-by-Side 600L,SN-AER-7470249,2023-10-05,1723.84,Industrial Supply Direct,INV-2026-14426,2023-10-05,2026-09-19,36,1081,0,0,2026-09-16,Motor burnout,Fault occurred near warranty expiration boundary. Customer requests grace period evaluation.,Borderline Lifecycle,1,1,1,1,0,0,1,1,0,0,Manual Review
CLM-01105,PRD-01105,Consumer Electronics,NovaSound,ApexBook Pro 16,SN-NOV-1628491,2026-04-17,809.67,Industrial Supply Direct,INV-2024-38717,2026-04-17,2029-04-01,36,156,924,1,2026-09-17,Bluetooth/Wi-Fi failure,Diagnostic report inconclusive regarding whether component failure was thermal surge or defect.,Ambiguous Diagnostic,1,1,1,1,1,0,1,2,0,0,Manual Review
CLM-01163,PRD-01163,Home Appliances,AeroBreeze,ThermaAir Silent,SN-AER-3991546,2024-11-20,369.43,Industrial Supply Direct,INV-2024-28312,2024-11-20,2027-11-05,36,669,411,1,2026-09-11,Compressor failure,Claim submitted without primary proof of purchase receipt. Customer submitted affidavit instead.,Incomplete Documentation,0,1,1,0,0,2,1,0,0,0,Manual Review
CLM-00798,PRD-00798,Consumer Electronics,PixelCraft,VividTab 11 Max,SN-PIX-7674289,2026-04-08,1300.01,TechMegaStore Downtown,INV-2026-20066,2026-04-08,2027-04-03,12,165,195,0,2026-09-10,Bluetooth/Wi-Fi failure,Unit previously opened and tampered with at non-authorized workshop (Joe's Unofficial Fix Shop).,Tampering,1,1,1,1,1,0,1,1,1,0,Invalid Claim
CLM-01030,PRD-01030,Consumer Electronics,PixelCraft,VividTab 11 Max,SN-PIX-9236614,2025-11-12,1263.19,Official Brand Store,INV-2025-18772,2025-11-12,2027-11-02,24,312,408,0,2026-09-16,Battery failure to charge,Claim submitted without primary proof of purchase receipt. Customer submitted affidavit instead.,Incomplete Documentation,0,1,1,0,0,2,1,0,0,0,Manual Review
CLM-00753,PRD-00753,Home Appliances,AeroBreeze,CleanCycle QuickWash 7kg,SN-AER-2151576,2025-04-26,743.54,Electronics Hub Metro,INV-2026-50258,2025-04-26,2027-04-16,24,512,208,0,2026-09-15,Commercial heavy utilization,Physical inspection reveals clear Commercial heavy utilization violating warranty coverage terms.,Customer Induced Damage,1,1,1,1,0,0,1,0,0,0,Invalid Claim
CLM-00014,PRD-00014,Industrial & Automotive Tools,ApexIndustrial,IronGrind 9-inch Industrial,SN-APE-7829332,2025-06-27,367.97,TechMegaStore Downtown,INV-2026-66498,2025-06-27,2028-06-11,36,450,630,0,2026-09-04,Armature burning,Reported genuine hardware failure: Armature burning under regular domestic usage.,Hardware Defect,1,1,1,1,0,0,1,1,0,0,Valid Claim
CLM-00977,PRD-00977,Consumer Electronics,ApexTech,PixelSlate 12,SN-APE-6699558,2025-04-16,1237.97,TechMegaStore Downtown,INV-2026-43786,2025-04-16,2026-04-11,12,522,0,0,2026-09-14,Bluetooth/Wi-Fi failure,Failure: Bluetooth/Wi-Fi failure. Note: product warranty expired 162 days ago.,Hardware Wear,1,1,1,1,0,0,1,1,0,0,Invalid Claim
CLM-00691,PRD-00691,Home Appliances,FrostGuard,FrostGuard 450L Smart,SN-FRO-2724954,2024-07-15,1170.43,TechMegaStore Downtown,INV-2026-64432,2024-07-15,2026-07-05,24,797,0,0,2026-09-15,Motor burnout,Failure: Motor burnout. Note: product warranty expired 77 days ago.,Hardware Wear,1,1,1,1,0,0,1,1,0,0,Invalid Claim
CLM-00069,PRD-00069,Industrial & Automotive Tools,MegaWrench,IronForge TwinPiston 100L,SN-MEG-3401116,2024-01-12,416.02,Official Brand Store,INV-2025-70236,2024-01-12,2027-12-22,48,982,458,1,2026-09-09,Trigger switch failure,Reported genuine hardware failure: Trigger switch failure under regular domestic usage.,Hardware Defect,1,1,1,1,1,0,1,0,0,0,Valid Claim
CLM-00740,PRD-00740,Consumer Electronics,ApexTech,NovaPad Pro 10,SN-APE-8539737,2024-11-11,583.67,TechMegaStore Downtown,INV-2026-43169,2024-11-11,2026-11-01,24,678,42,0,2026-09-07,Unresponsive touch panel,Unit previously opened and tampered with at non-authorized workshop (Joe's Unofficial Fix Shop).,Tampering,1,1,1,1,1,0,1,2,1,0,Invalid Claim
CLM-00369,PRD-00369,Consumer Electronics,PixelCraft,ApexBook Pro 16,SN-PIX-6115834,2026-02-22,966.21,Industrial Supply Direct,INV-2026-30578,2026-02-22,2027-02-17,12,210,150,0,2026-09-07,Bluetooth/Wi-Fi failure,Reported genuine hardware failure: Bluetooth/Wi-Fi failure under regular domestic usage.,Hardware Defect,1,1,1,1,0,0,1,1,0,0,Valid Claim
CLM-00571,PRD-00571,Home Appliances,FrostGuard,FrostGuard 450L Smart,SN-FRO-8414160,2024-08-27,386.66,Prime Retail Express,INV-2026-66602,2024-08-27,2026-08-17,24,754,0,0,2026-09-14,Thermostat failure,Failure: Thermostat failure. Note: product warranty expired 34 days ago.,Hardware Wear,1,1,1,1,0,0,1,1,0,0,Invalid Claim
CLM-00820,PRD-00820,Industrial & Automotive Tools,IronForge,TorqueGrinder 1500W,SN-IRO-9004511,2026-08-04,954.13,Official Brand Store,INV-2024-87274,2026-08-04,2028-07-24,24,47,673,0,2026-08-31,Unlubricated operation,Physical inspection reveals clear Unlubricated operation violating warranty coverage terms.,Customer Induced Damage,1,1,1,1,0,0,1,0,0,0,Invalid Claim
CLM-01067,PRD-01067,Home Appliances,KitchenPro,KitchenPro Grill 25L,SN-KIT-5080755,2024-10-10,1749.59,Electronics Hub Metro,INV-2024-13160,2024-10-10,2027-09-25,36,710,370,1,2026-09-15,Drum spin malfunction,Claim submitted without primary proof of purchase receipt. Customer submitted affidavit instead.,Incomplete Documentation,0,1,1,0,0,2,1,0,0,0,Manual Review
CLM-00716,PRD-00716,Home Appliances,ThermaPure,FrostGuard Side-by-Side 600L,SN-THE-9158676,2026-07-13,639.22,Official Brand Store,INV-2025-24984,2026-07-13,2029-06-27,36,69,1011,0,2026-09-10,Motor burnout,Device submitted does not match registered unit. Serial on invoice differs from backplate.,Serial Mismatch,1,0,1,1,0,1,0,0,0,0,Invalid Claim
CLM-00728,PRD-00728,Home Appliances,CleanCycle,AeroBreeze DualCool 2.0T,SN-CLE-5052611,2025-07-24,305.65,Industrial Supply Direct,INV-2024-12035,2025-07-24,2027-07-14,24,423,297,0,2026-09-02,Third-party modifications,Physical inspection reveals clear Third-party modifications violating warranty coverage terms.,Customer Induced Damage,1,1,1,1,0,0,1,0,0,0,Invalid Claim
CLM-00610,PRD-00610,Consumer Electronics,PixelCraft,PixelSlate 12,SN-PIX-7190456,2024-04-26,300.06,Electronics Hub Metro,INV-2025-49522,2024-04-26,2026-04-16,24,877,0,0,2026-09-10,Battery failure to charge,Failure: Battery failure to charge. Note: product warranty expired 157 days ago.,Hardware Wear,1,1,1,1,0,0,1,0,0,0,Invalid Claim
CLM-00803,PRD-00803,Home Appliances,ThermaPure,ThermaCold 320L,SN-THE-1436075,2024-06-15,1755.09,National Appliance Depot,INV-2025-87458,2024-06-15,2026-06-05,24,827,0,0,2026-09-02,Drum spin malfunction,Failure: Drum spin malfunction. Note: product warranty expired 107 days ago.,Hardware Wear,1,1,1,1,0,0,1,2,0,0,Invalid Claim
CLM-01192,PRD-01192,Consumer Electronics,PixelCraft,PixelSlate 12,SN-PIX-2087833,2026-05-19,2046.56,National Appliance Depot,INV-2026-33826,2026-05-19,2027-05-14,12,124,236,0,2026-05-02,Unresponsive touch panel,Discrepancy detected: Claimed fault occurrence date predates registered purchase date.,Date Inconsistency,1,1,1,1,0,0,1,0,0,1,Manual Review
CLM-01169,PRD-01169,Industrial & Automotive Tools,ApexIndustrial,MegaWash Pro 2500PSI,SN-APE-7337109,2024-07-16,796.45,Electronics Hub Metro,INV-2025-29565,2024-07-16,2028-06-25,48,796,644,1,2024-07-10,Gearbox seizure,Discrepancy detected: Claimed fault occurrence date predates registered purchase date.,Date Inconsistency,1,1,1,1,0,0,1,0,0,1,Manual Review
CLM-01111,PRD-01111,Consumer Electronics,ApexTech,ApexBook Pro 16,SN-APE-3517358,2024-09-26,1441.85,Industrial Supply Direct,INV-2024-94930,2024-09-26,2026-09-16,24,724,0,1,2026-09-18,Screen flickering,Fault occurred near warranty expiration boundary. Customer requests grace period evaluation.,Borderline Lifecycle,1,1,1,1,0,0,1,1,0,0,Manual Review
CLM-00399,PRD-00399,Consumer Electronics,NovaSound,ApexFit Chrono 3,SN-NOV-8479891,2026-06-15,1616.53,National Appliance Depot,INV-2025-35971,2026-06-15,2027-06-10,12,97,263,0,2026-09-16,Bluetooth/Wi-Fi failure,Reported genuine hardware failure: Bluetooth/Wi-Fi failure under regular domestic usage.,Hardware Defect,1,1,1,1,0,0,1,0,0,0,Valid Claim
CLM-00710,PRD-00710,Home Appliances,CleanCycle,KitchenPro Convection 30L,SN-CLE-5011610,2026-05-14,633.11,Prime Retail Express,INV-2026-19830,2026-05-14,2028-05-03,24,129,591,0,2026-09-18,Motor burnout,Device submitted does not match registered unit. Serial on invoice differs from backplate.,Serial Mismatch,1,0,1,1,0,1,0,0,0,0,Invalid Claim
CLM-01007,PRD-01007,Consumer Electronics,PixelCraft,NovaWatch Ultra,SN-PIX-7873288,2023-10-04,563.04,Prime Retail Express,INV-2026-71547,2023-10-04,2026-09-18,36,1082,0,1,2026-09-16,Screen flickering,Fault occurred near warranty expiration boundary. Customer requests grace period evaluation.,Borderline Lifecycle,1,1,1,1,0,0,1,1,0,0,Manual Review
CLM-01398,PRD-01398,Consumer Electronics,VividDisplay,QuantumBook Ultra 15,SN-VIV-5257324,2025-08-24,2492.42,National Appliance Depot,INV-2026-97864,2025-08-24,2027-08-14,24,392,328,1,2026-09-12,Screen flickering,Claim submitted without primary proof of purchase receipt. Customer submitted affidavit instead.,Incomplete Documentation,0,1,1,0,0,2,1,0,0,0,Manual Review
CLM-01100,PRD-01100,Home Appliances,ThermaPure,ThermaCold 320L,SN-THE-6952126,2024-10-02,1612.75,Prime Retail Express,INV-2025-15311,2024-10-02,2028-09-11,48,718,722,1,2024-09-21,Thermostat failure,Discrepancy detected: Claimed fault occurrence date predates registered purchase date.,Date Inconsistency,1,1,1,1,0,0,1,0,0,1,Manual Review
CLM-00212,PRD-00212,Home Appliances,FrostGuard,CleanCycle FrontLoad 8kg,SN-FRO-8035849,2023-06-08,658.22,Electronics Hub Metro,INV-2025-51934,2023-06-08,2027-05-18,48,1200,240,1,2026-09-07,Compressor failure,Reported genuine hardware failure: Compressor failure under regular domestic usage.,Hardware Defect,1,1,1,1,0,0,1,0,0,0,Valid Claim
CLM-00917,PRD-00917,Industrial & Automotive Tools,TitanPower,TitanAir 50L Heavy Duty,SN-TIT-4889005,2023-07-02,394.2,Prime Retail Express,INV-2025-51945,2023-07-02,2026-06-16,36,1176,0,0,2026-09-09,Trigger switch failure,Failure: Trigger switch failure. Note: product warranty expired 96 days ago.,Hardware Wear,1,1,1,1,0,0,1,2,0,0,Invalid Claim
CLM-00547,PRD-00547,Home Appliances,CleanCycle,AeroBreeze DualCool 2.0T,SN-CLE-1469389,2025-10-05,1564.93,Electronics Hub Metro,INV-2026-65280,2025-10-05,2027-09-25,24,350,370,0,2026-09-14,Motor burnout,Unit previously opened and tampered with at non-authorized workshop (Corner Hardware & Mobile Repairs).,Tampering,1,1,1,1,1,0,1,1,1,0,Invalid Claim
CLM-00567,PRD-00567,Home Appliances,FrostGuard,KitchenPro Grill 25L,SN-FRO-9695551,2024-07-01,1045.54,National Appliance Depot,INV-2026-15697,2024-07-01,2026-06-21,24,811,0,0,2026-09-02,Electronic PCB failure,Failure: Electronic PCB failure. Note: product warranty expired 91 days ago.,Hardware Wear,1,1,1,1,0,0,1,1,0,0,Invalid Claim
CLM-00819,PRD-00819,Home Appliances,CleanCycle,AeroBreeze Inverter 1.5T,SN-CLE-5050605,2024-08-23,1438.17,TechMegaStore Downtown,INV-2025-54124,2024-08-23,2026-08-13,24,758,0,0,2026-09-04,Drum spin malfunction,Failure: Drum spin malfunction. Note: product warranty expired 38 days ago.,Hardware Wear,1,1,1,1,0,0,1,1,0,0,Invalid Claim
CLM-00074,PRD-00074,Consumer Electronics,NovaSound,NovaWatch Ultra,SN-NOV-4785186,2024-06-03,2177.32,Official Brand Store,INV-2026-62089,2024-06-03,2027-05-19,36,839,241,1,2026-09-06,Screen flickering,Reported genuine hardware failure: Screen flickering under regular domestic usage.,Hardware Defect,1,1,1,1,1,0,1,0,0,0,Valid Claim
CLM-00158,PRD-00158,Industrial & Automotive Tools,MegaWrench,TorqueGrinder 1500W,SN-MEG-9891787,2024-02-12,303.21,Electronics Hub Metro,INV-2025-36651,2024-02-12,2028-01-22,48,951,489,1,2026-09-07,Armature burning,Reported genuine hardware failure: Armature burning under regular domestic usage.,Hardware Defect,1,1,1,1,0,0,1,0,0,0,Valid Claim
CLM-00976,PRD-00976,Home Appliances,ThermaPure,CleanCycle FrontLoad 8kg,SN-THE-6958544,2025-11-18,582.86,Industrial Supply Direct,INV-2025-75494,2025-11-18,2027-11-08,24,306,414,0,2026-09-06,Pest infestation inside chassis,Physical inspection reveals clear Pest infestation inside chassis violating warranty coverage terms.,Customer Induced Damage,1,1,1,1,0,0,1,0,0,0,Invalid Claim
CLM-00987,PRD-00987,Consumer Electronics,NovaSound,VividTab 11 Max,SN-NOV-9309339,2026-05-08,674.49,Official Brand Store,INV-2026-12043,2026-05-08,2027-05-03,12,135,225,0,2026-09-17,Battery failure to charge,Device submitted does not match registered unit. Serial on invoice differs from backplate.,Serial Mismatch,1,0,1,1,0,1,0,0,0,0,Invalid Claim
CLM-00211,PRD-00211,Consumer Electronics,VividDisplay,VividTab 11 Max,SN-VIV-2726457,2026-07-07,2255.82,Official Brand Store,INV-2026-25117,2026-07-07,2028-06-26,24,75,645,1,2026-09-18,Motherboard failure,Reported genuine hardware failure: Motherboard failure under regular domestic usage.,Hardware Defect,1,1,1,1,1,0,1,0,0,0,Valid Claim
CLM-00176,PRD-00176,Industrial & Automotive Tools,TitanPower,IronForge TwinPiston 100L,SN-TIT-3273137,2025-05-28,499.36,Industrial Supply Direct,INV-2025-91289,2025-05-28,2028-05-12,36,480,600,0,2026-09-08,Chuck bearing breakdown,Reported genuine hardware failure: Chuck bearing breakdown under regular domestic usage.,Hardware Defect,1,1,1,1,0,0,1,1,0,0,Valid Claim
CLM-01349,PRD-01349,Home Appliances,KitchenPro,ThermaAir Silent,SN-KIT-4627767,2025-08-20,1850.74,Official Brand Store,INV-2024-36642,2025-08-20,2028-08-04,36,396,684,1,2025-08-11,Compressor failure,Discrepancy detected: Claimed fault occurrence date predates registered purchase date.,Date Inconsistency,1,1,1,1,0,0,1,0,0,1,Manual Review
CLM-00624,PRD-00624,Industrial & Automotive Tools,MegaWrench,TorqueGrinder 1500W,SN-MEG-2348021,2024-08-13,745.32,Electronics Hub Metro,INV-2025-31734,2024-08-13,2027-07-29,36,768,312,0,2026-09-13,Trigger switch failure,Unit previously opened and tampered with at non-authorized workshop (Corner Hardware & Mobile Repairs).,Tampering,1,1,1,1,1,0,1,3,1,0,Invalid Claim
CLM-00939,PRD-00939,Consumer Electronics,VividDisplay,NovaWatch Ultra,SN-VIV-7772195,2025-06-13,1637.22,National Appliance Depot,INV-2026-52083,2025-06-13,2026-06-08,12,464,0,0,2026-09-15,Speaker malfunction,Failure: Speaker malfunction. Note: product warranty expired 104 days ago.,Hardware Wear,1,1,1,1,0,0,1,0,0,0,Invalid Claim
CLM-00166,PRD-00166,Consumer Electronics,NovaSound,QuantumBook Ultra 15,SN-NOV-5042786,2026-06-02,640.44,Prime Retail Express,INV-2025-56457,2026-06-02,2028-05-22,24,110,610,0,2026-09-07,Speaker malfunction,Reported genuine hardware failure: Speaker malfunction under regular domestic usage.,Hardware Defect,1,1,1,1,0,0,1,0,0,0,Valid Claim
CLM-00928,PRD-00928,Consumer Electronics,NovaSound,QuantumBook Ultra 15,SN-NOV-9615106,2025-05-18,2145.49,TechMegaStore Downtown,INV-2026-71400,2025-05-18,2026-05-13,12,490,0,0,2026-09-07,Speaker malfunction,Failure: Speaker malfunction. Note: product warranty expired 130 days ago.,Hardware Wear,1,1,1,1,0,0,1,1,0,0,Invalid Claim
CLM-00947,PRD-00947,Industrial & Automotive Tools,IronForge,IronGrind 9-inch Industrial,SN-IRO-9708598,2026-05-07,451.29,National Appliance Depot,INV-2025-94186,2026-05-07,2028-04-26,24,136,584,0,2026-09-11,Use of non-spec hydraulic oil,Physical inspection reveals clear Use of non-spec hydraulic oil violating warranty coverage terms.,Customer Induced Damage,1,1,1,1,0,0,1,0,0,0,Invalid Claim
CLM-01316,PRD-01316,Industrial & Automotive Tools,TitanPower,TitanDrill 20V HD,SN-TIT-9388090,2026-03-03,183.6,Electronics Hub Metro,INV-2026-37536,2026-03-03,2029-02-15,36,201,879,1,2026-09-16,Armature burning,Claim submitted without primary proof of purchase receipt. Customer submitted affidavit instead.,Incomplete Documentation,0,1,1,0,0,2,1,0,0,0,Manual Review
CLM-00185,PRD-00185,Industrial & Automotive Tools,MegaWrench,IronForge TwinPiston 100L,SN-MEG-8206700,2023-05-27,596.16,Official Brand Store,INV-2024-36972,2023-05-27,2027-05-06,48,1212,228,1,2026-09-15,Trigger switch failure,Reported genuine hardware failure: Trigger switch failure under regular domestic usage.,Hardware Defect,1,1,1,1,1,0,1,0,0,0,Valid Claim
CLM-00105,PRD-00105,Consumer Electronics,PixelCraft,PixelSlate 12,SN-PIX-8391997,2024-05-07,1260.86,National Appliance Depot,INV-2025-75916,2024-05-07,2027-04-22,36,866,214,1,2026-09-12,Unresponsive touch panel,Reported genuine hardware failure: Unresponsive touch panel under regular domestic usage.,Hardware Defect,1,1,1,1,1,0,1,0,0,0,Valid Claim
CLM-01256,PRD-01256,Consumer Electronics,NovaSound,QuantumBook Ultra 15,SN-NOV-8639392,2026-02-12,1695.44,Official Brand Store,INV-2025-78287,2026-02-12,2028-02-02,24,220,500,1,2026-02-04,Screen flickering,Discrepancy detected: Claimed fault occurrence date predates registered purchase date.,Date Inconsistency,1,1,1,1,0,0,1,0,0,1,Manual Review
CLM-01197,PRD-01197,Home Appliances,CleanCycle,FrostGuard Side-by-Side 600L,SN-CLE-2976444,2023-10-01,1869.56,Official Brand Store,INV-2026-89954,2023-10-01,2026-09-15,36,1085,0,0,2026-09-18,Drum spin malfunction,Fault occurred near warranty expiration boundary. Customer requests grace period evaluation.,Borderline Lifecycle,1,1,1,1,0,0,1,1,0,0,Manual Review
CLM-01453,PRD-01453,Consumer Electronics,NovaSound,ApexBook Pro 16,SN-NOV-1287020,2026-06-25,901.97,TechMegaStore Downtown,INV-2024-47266,2026-06-25,2027-06-20,12,87,273,0,2026-09-14,Bluetooth/Wi-Fi failure,Claim submitted without primary proof of purchase receipt. Customer submitted affidavit instead.,Incomplete Documentation,0,1,1,0,0,2,1,0,0,0,Manual Review
CLM-00718,PRD-00718,Consumer Electronics,QuantumCompute,NovaPhone 12 Pro,SN-QUA-5527300,2025-12-27,778.76,Electronics Hub Metro,INV-2024-28577,2025-12-27,2026-12-22,12,267,93,0,2026-09-16,Battery failure to charge,Unit previously opened and tampered with at non-authorized workshop (Corner Hardware & Mobile Repairs).,Tampering,1,1,1,1,1,0,1,2,1,0,Invalid Claim
CLM-00490,PRD-00490,Home Appliances,AeroBreeze,CleanCycle FrontLoad 8kg,SN-AER-6037789,2025-11-21,1649.6,Industrial Supply Direct,INV-2025-18444,2025-11-21,2027-11-11,24,303,417,0,2026-09-09,Water pump leakage,Reported genuine hardware failure: Water pump leakage under regular domestic usage.,Hardware Defect,1,1,1,1,1,0,1,1,0,0,Valid Claim
CLM-00920,PRD-00920,Home Appliances,CleanCycle,KitchenPro Convection 30L,SN-CLE-1927904,2026-07-03,1848.89,National Appliance Depot,INV-2026-28340,2026-07-03,2029-06-17,36,79,1001,0,2026-09-06,Motor burnout,Unit previously opened and tampered with at non-authorized workshop (Downtown Third-Party Repair Stall).,Tampering,1,1,1,1,1,0,1,3,1,0,Invalid Claim
CLM-01253,PRD-01253,Industrial & Automotive Tools,ApexIndustrial,TitanDrill 20V HD,SN-APE-1812293,2023-10-02,877.28,Official Brand Store,INV-2024-25146,2023-10-02,2026-09-16,36,1084,0,1,2026-09-16,Chuck bearing breakdown,Fault occurred near warranty expiration boundary. Customer requests grace period evaluation.,Borderline Lifecycle,1,1,1,1,0,0,1,1,0,0,Manual Review
CLM-00613,PRD-00613,Consumer Electronics,VividDisplay,NovaPad Pro 10,SN-VIV-4389195,2026-03-06,547.84,Electronics Hub Metro,INV-2026-14968,2026-03-06,2027-03-01,12,198,162,0,2026-09-16,Battery failure to charge,Device submitted does not match registered unit. Serial on invoice differs from backplate.,Serial Mismatch,1,0,1,1,0,1,0,0,0,0,Invalid Claim
CLM-00667,PRD-00667,Home Appliances,ThermaPure,AeroBreeze DualCool 2.0T,SN-THE-8186377,2026-03-09,1726.51,Prime Retail Express,INV-2025-24246,2026-03-09,2029-02-21,36,195,885,0,2026-09-16,Thermostat failure,Device submitted does not match registered unit. Serial on invoice differs from backplate.,Serial Mismatch,1,0,1,1,0,1,0,0,0,0,Invalid Claim
CLM-01063,PRD-01063,Home Appliances,KitchenPro,FrostGuard Side-by-Side 600L,SN-KIT-2974150,2022-10-08,1416.15,Industrial Supply Direct,INV-2024-69208,2022-10-08,2026-09-17,48,1443,0,1,2026-09-17,Drum spin malfunction,Fault occurred near warranty expiration boundary. Customer requests grace period evaluation.,Borderline Lifecycle,1,1,1,1,0,0,1,1,0,0,Manual Review
CLM-00264,PRD-00264,Consumer Electronics,PixelCraft,NovaWatch Ultra,SN-PIX-4351238,2026-03-10,1988.31,Prime Retail Express,INV-2024-56913,2026-03-10,2028-02-28,24,194,526,0,2026-09-17,Unresponsive touch panel,Reported genuine hardware failure: Unresponsive touch panel under regular domestic usage.,Hardware Defect,1,1,1,1,0,0,1,0,0,0,Valid Claim
CLM-00785,PRD-00785,Industrial & Automotive Tools,TitanPower,MegaWash Pro 2500PSI,SN-TIT-2222751,2025-09-17,656.76,National Appliance Depot,INV-2026-92744,2025-09-17,2027-09-07,24,368,352,0,2026-09-15,Use of non-spec hydraulic oil,Physical inspection reveals clear Use of non-spec hydraulic oil violating warranty coverage terms.,Customer Induced Damage,1,1,1,1,0,0,1,0,0,0,Invalid Claim
CLM-00223,PRD-00223,Consumer Electronics,VividDisplay,QuantumPixel 8,SN-VIV-9370012,2026-02-06,1146.58,Prime Retail Express,INV-2025-17992,2026-02-06,2027-02-01,12,226,134,0,2026-09-14,Speaker malfunction,Reported genuine hardware failure: Speaker malfunction under regular domestic usage.,Hardware Defect,1,1,1,1,1,0,1,1,0,0,Valid Claim
CLM-01174,PRD-01174,Home Appliances,KitchenPro,CleanCycle QuickWash 7kg,SN-KIT-8229118,2024-12-22,641.2,National Appliance Depot,INV-2025-20769,2024-12-22,2028-12-01,48,637,803,1,2026-09-08,Drum spin malfunction,Diagnostic report inconclusive regarding whether component failure was thermal surge or defect.,Ambiguous Diagnostic,1,1,1,1,1,0,1,1,0,0,Manual Review
CLM-01248,PRD-01248,Consumer Electronics,NovaSound,NovaPhone 12 Pro,SN-NOV-1471076,2026-02-25,2067.34,TechMegaStore Downtown,INV-2024-57750,2026-02-25,2029-02-09,36,207,873,1,2026-09-18,Screen flickering,Claim submitted without primary proof of purchase receipt. Customer submitted affidavit instead.,Incomplete Documentation,0,1,1,0,0,2,1,0,0,0,Manual Review
CLM-00138,PRD-00138,Home Appliances,AeroBreeze,ThermaAir Silent,SN-AER-9204110,2023-06-04,806.27,National Appliance Depot,INV-2026-45842,2023-06-04,2027-05-14,48,1204,236,1,2026-08-28,Electronic PCB failure,Reported genuine hardware failure: Electronic PCB failure under regular domestic usage.,Hardware Defect,1,1,1,1,0,0,1,0,0,0,Valid Claim
CLM-00324,PRD-00324,Industrial & Automotive Tools,MegaWrench,TitanPressure 3000PSI Commercial,SN-MEG-5609255,2026-06-27,713.43,Prime Retail Express,INV-2025-62150,2026-06-27,2029-06-11,36,85,995,1,2026-09-02,Chuck bearing breakdown,Reported genuine hardware failure: Chuck bearing breakdown under regular domestic usage.,Hardware Defect,1,1,1,1,0,0,1,1,0,0,Valid Claim
CLM-01131,PRD-01131,Consumer Electronics,QuantumCompute,ApexBook Pro 16,SN-QUA-4155467,2026-08-04,207.56,National Appliance Depot,INV-2024-97107,2026-08-04,2028-07-24,24,47,673,0,2026-09-13,Speaker malfunction,Diagnostic report inconclusive regarding whether component failure was thermal surge or defect.,Ambiguous Diagnostic,1,1,1,1,1,0,1,1,0,0,Manual Review
CLM-00776,PRD-00776,Home Appliances,FrostGuard,CleanCycle FrontLoad 8kg,SN-FRO-1000599,2026-04-27,543.84,TechMegaStore Downtown,INV-2026-22696,2026-04-27,2028-04-16,24,146,574,0,2026-09-03,Commercial heavy utilization,Physical inspection reveals clear Commercial heavy utilization violating warranty coverage terms.,Customer Induced Damage,1,1,1,1,0,0,1,0,0,0,Invalid Claim
CLM-00654,PRD-00654,Consumer Electronics,QuantumCompute,PixelSlate 12,SN-QUA-3403234,2025-11-03,1431.58,TechMegaStore Downtown,INV-2026-45310,2025-11-03,2026-10-29,12,321,39,0,2026-09-08,Motherboard failure,Unit previously opened and tampered with at non-authorized workshop (Corner Hardware & Mobile Repairs).,Tampering,1,1,1,1,1,0,1,1,1,0,Invalid Claim
CLM-00167,PRD-00167,Industrial & Automotive Tools,TitanPower,IronForge TwinPiston 100L,SN-TIT-1531577,2023-01-25,256.53,Industrial Supply Direct,INV-2025-82443,2023-01-25,2027-01-04,48,1334,106,1,2026-09-18,Hydraulic pressure seal failure,Reported genuine hardware failure: Hydraulic pressure seal failure under regular domestic usage.,Hardware Defect,1,1,1,1,1,0,1,0,0,0,Valid Claim
CLM-00587,PRD-00587,Industrial & Automotive Tools,MegaWrench,MegaWash Pro 2500PSI,SN-MEG-1690263,2025-06-05,684.04,Prime Retail Express,INV-2025-65850,2025-06-05,2028-05-20,36,472,608,0,2026-09-12,Gearbox seizure,Device submitted does not match registered unit. Serial on invoice differs from backplate.,Serial Mismatch,1,0,1,1,0,1,0,0,0,0,Invalid Claim
CLM-00426,PRD-00426,Home Appliances,KitchenPro,KitchenPro Convection 30L,SN-KIT-9980912,2026-06-26,1795.07,National Appliance Depot,INV-2025-99369,2026-06-26,2029-06-10,36,86,994,0,2026-08-29,Water pump leakage,Reported genuine hardware failure: Water pump leakage under regular domestic usage.,Hardware Defect,1,1,1,1,1,0,1,1,0,0,Valid Claim
CLM-01204,PRD-01204,Industrial & Automotive Tools,TorqueMaster,TitanPressure 3000PSI Commercial,SN-TOR-1976131,2024-09-15,970.46,Industrial Supply Direct,INV-2024-62850,2024-09-15,2028-08-25,48,735,705,1,2026-09-18,Trigger switch failure,Claim submitted without primary proof of purchase receipt. Customer submitted affidavit instead.,Incomplete Documentation,0,1,1,0,0,2,1,0,0,0,Manual Review
CLM-00519,PRD-00519,Consumer Electronics,PixelCraft,ApexBook Pro 16,SN-PIX-2805768,2025-11-04,1373.5,Industrial Supply Direct,INV-2024-70903,2025-11-04,2027-10-25,24,320,400,0,2026-09-08,Screen flickering,Unit previously opened and tampered with at non-authorized workshop (Local QuickFix Electronics).,Tampering,1,1,1,1,1,0,1,1,1,0,Invalid Claim
CLM-01206,PRD-01206,Consumer Electronics,QuantumCompute,NovaPhone 12 Pro,SN-QUA-4894211,2025-06-27,404.13,Electronics Hub Metro,INV-2025-56907,2025-06-27,2027-06-17,24,450,270,1,2025-06-19,Speaker malfunction,Discrepancy detected: Claimed fault occurrence date predates registered purchase date.,Date Inconsistency,1,1,1,1,0,0,1,0,0,1,Manual Review
CLM-00250,PRD-00250,Consumer Electronics,NovaSound,NovaWatch Ultra,SN-NOV-1141997,2025-08-01,713.67,Prime Retail Express,INV-2025-94245,2025-08-01,2027-07-22,24,415,305,0,2026-09-07,Speaker malfunction,Reported genuine hardware failure: Speaker malfunction under regular domestic usage.,Hardware Defect,1,1,1,1,1,0,1,0,0,0,Valid Claim
CLM-00958,PRD-00958,Consumer Electronics,QuantumCompute,ApexBook Pro 16,SN-QUA-5072572,2024-05-09,1546.3,Electronics Hub Metro,INV-2026-66854,2024-05-09,2026-04-29,24,864,0,0,2026-09-03,Unresponsive touch panel,Failure: Unresponsive touch panel. Note: product warranty expired 144 days ago.,Hardware Wear,1,1,1,1,0,0,1,2,0,0,Invalid Claim
CLM-00043,PRD-00043,Consumer Electronics,PixelCraft,PixelSlate 12,SN-PIX-3030966,2026-06-12,2030.32,Prime Retail Express,INV-2024-55508,2026-06-12,2028-06-01,24,100,620,0,2026-09-02,Bluetooth/Wi-Fi failure,Reported genuine hardware failure: Bluetooth/Wi-Fi failure under regular domestic usage.,Hardware Defect,1,1,1,1,0,0,1,0,0,0,Valid Claim
CLM-01326,PRD-01326,Consumer Electronics,NovaSound,ApexBook Pro 16,SN-NOV-8241263,2025-09-22,2225.71,National Appliance Depot,INV-2025-92714,2025-09-22,2026-09-17,12,363,0,0,2026-09-19,Unresponsive touch panel,Fault occurred near warranty expiration boundary. Customer requests grace period evaluation.,Borderline Lifecycle,1,1,1,1,0,0,1,1,0,0,Manual Review
CLM-00023,PRD-00023,Consumer Electronics,VividDisplay,VividTab 11 Max,SN-VIV-9479356,2026-07-07,1322.62,TechMegaStore Downtown,INV-2024-93136,2026-07-07,2028-06-26,24,75,645,0,2026-09-18,Battery failure to charge,Reported genuine hardware failure: Battery failure to charge under regular domestic usage.,Hardware Defect,1,1,1,1,0,0,1,1,0,0,Valid Claim
CLM-00498,PRD-00498,Home Appliances,ThermaPure,KitchenPro Convection 30L,SN-THE-2343763,2024-03-07,1616.12,Industrial Supply Direct,INV-2025-64127,2024-03-07,2027-02-20,36,927,153,0,2026-09-15,Motor burnout,Reported genuine hardware failure: Motor burnout under regular domestic usage.,Hardware Defect,1,1,1,1,0,0,1,1,0,0,Valid Claim
CLM-01153,PRD-01153,Home Appliances,ThermaPure,FrostGuard 450L Smart,SN-THE-1196256,2022-10-08,1768.13,Industrial Supply Direct,INV-2024-46754,2022-10-08,2026-09-17,48,1443,0,1,2026-09-18,Electronic PCB failure,Fault occurred near warranty expiration boundary. Customer requests grace period evaluation.,Borderline Lifecycle,1,1,1,1,0,0,1,1,0,0,Manual Review
CLM-01168,PRD-01168,Industrial & Automotive Tools,TitanPower,TorqueGrinder 1500W,SN-TIT-1740653,2025-08-27,838.09,TechMegaStore Downtown,INV-2026-44247,2025-08-27,2027-08-17,24,389,331,0,2025-08-20,Gearbox seizure,Discrepancy detected: Claimed fault occurrence date predates registered purchase date.,Date Inconsistency,1,1,1,1,0,0,1,0,0,1,Manual Review
CLM-00179,PRD-00179,Home Appliances,ThermaPure,KitchenPro Convection 30L,SN-THE-5060441,2024-02-14,703.29,Electronics Hub Metro,INV-2026-65460,2024-02-14,2028-01-24,48,949,491,1,2026-08-30,Drum spin malfunction,Reported genuine hardware failure: Drum spin malfunction under regular domestic usage.,Hardware Defect,1,1,1,1,0,0,1,1,0,0,Valid Claim
CLM-00135,PRD-00135,Consumer Electronics,PixelCraft,NovaWatch Ultra,SN-PIX-7378535,2026-08-02,538.88,Official Brand Store,INV-2024-14138,2026-08-02,2028-07-22,24,49,671,1,2026-09-04,Battery failure to charge,Reported genuine hardware failure: Battery failure to charge under regular domestic usage.,Hardware Defect,1,1,1,1,0,0,1,0,0,0,Valid Claim
CLM-00806,PRD-00806,Industrial & Automotive Tools,MegaWrench,IronGrind 9-inch Industrial,SN-MEG-5601485,2024-06-24,564.95,Official Brand Store,INV-2025-95594,2024-06-24,2026-06-14,24,818,0,0,2026-09-05,Gearbox seizure,Failure: Gearbox seizure. Note: product warranty expired 98 days ago.,Hardware Wear,1,1,1,1,0,0,1,0,0,0,Invalid Claim
CLM-00361,PRD-00361,Industrial & Automotive Tools,MegaWrench,TorqueGrinder 1500W,SN-MEG-9467953,2025-09-11,252.6,Industrial Supply Direct,INV-2025-61684,2025-09-11,2028-08-26,36,374,706,1,2026-09-16,Chuck bearing breakdown,Reported genuine hardware failure: Chuck bearing breakdown under regular domestic usage.,Hardware Defect,1,1,1,1,0,0,1,0,0,0,Valid Claim
CLM-00344,PRD-00344,Home Appliances,AeroBreeze,AeroBreeze DualCool 2.0T,SN-AER-1707762,2024-11-06,1490.56,Prime Retail Express,INV-2026-26009,2024-11-06,2027-10-22,36,683,397,0,2026-09-09,Motor burnout,Reported genuine hardware failure: Motor burnout under regular domestic usage.,Hardware Defect,1,1,1,1,0,0,1,0,0,0,Valid Claim
CLM-00170,PRD-00170,Industrial & Automotive Tools,TorqueMaster,TitanPressure 3000PSI Commercial,SN-TOR-2315798,2026-03-19,724.91,National Appliance Depot,INV-2024-22803,2026-03-19,2030-02-26,48,185,1255,1,2026-09-08,Trigger switch failure,Reported genuine hardware failure: Trigger switch failure under regular domestic usage.,Hardware Defect,1,1,1,1,0,0,1,1,0,0,Valid Claim
CLM-00248,PRD-00248,Consumer Electronics,QuantumCompute,NovaPhone 12 Lite,SN-QUA-8484373,2026-03-07,607.44,Industrial Supply Direct,INV-2026-82264,2026-03-07,2028-02-25,24,197,523,0,2026-09-10,Bluetooth/Wi-Fi failure,Reported genuine hardware failure: Bluetooth/Wi-Fi failure under regular domestic usage.,Hardware Defect,1,1,1,1,0,0,1,0,0,0,Valid Claim
CLM-00790,PRD-00790,Industrial & Automotive Tools,TorqueMaster,MegaWash Pro 2500PSI,SN-TOR-5863655,2025-10-21,1209.61,National Appliance Depot,INV-2025-56911,2025-10-21,2027-10-11,24,334,386,0,2026-09-16,"Normal consumable wear (brushes, chuck teeth)","Physical inspection reveals clear Normal consumable wear (brushes, chuck teeth) violating warranty coverage terms.",Customer Induced Damage,1,1,1,1,0,0,1,0,0,0,Invalid Claim
CLM-01180,PRD-01180,Industrial & Automotive Tools,TorqueMaster,IronForge TwinPiston 100L,SN-TOR-3260007,2022-10-10,614.74,National Appliance Depot,INV-2024-15139,2022-10-10,2026-09-19,48,1441,0,1,2026-09-16,Gearbox seizure,Fault occurred near warranty expiration boundary. Customer requests grace period evaluation.,Borderline Lifecycle,1,1,1,1,0,0,1,1,0,0,Manual Review
CLM-00065,PRD-00065,Consumer Electronics,PixelCraft,QuantumPixel 8,SN-PIX-6569946,2024-08-12,2199.31,Industrial Supply Direct,INV-2024-78937,2024-08-12,2027-07-28,36,769,311,1,2026-09-14,Speaker malfunction,Reported genuine hardware failure: Speaker malfunction under regular domestic usage.,Hardware Defect,1,1,1,1,0,0,1,0,0,0,Valid Claim
CLM-01424,PRD-01424,Industrial & Automotive Tools,TorqueMaster,MegaWash Pro 2500PSI,SN-TOR-5976514,2026-02-03,1172.79,Electronics Hub Metro,INV-2025-30653,2026-02-03,2029-01-18,36,229,851,1,2026-09-14,Chuck bearing breakdown,Claim submitted without primary proof of purchase receipt. Customer submitted affidavit instead.,Incomplete Documentation,0,1,1,0,0,2,1,0,0,0,Manual Review
CLM-00578,PRD-00578,Industrial & Automotive Tools,MegaWrench,IronForge TwinPiston 100L,SN-MEG-4575870,2026-02-14,423.87,Official Brand Store,INV-2025-59271,2026-02-14,2028-02-04,24,218,502,0,2026-09-18,Gearbox seizure,Device submitted does not match registered unit. Serial on invoice differs from backplate.,Serial Mismatch,1,0,1,1,0,1,0,0,0,0,Invalid Claim
CLM-00163,PRD-00163,Home Appliances,CleanCycle,AeroBreeze DualCool 2.0T,SN-CLE-9230828,2026-02-14,1036.33,Official Brand Store,INV-2025-32185,2026-02-14,2028-02-04,24,218,502,0,2026-09-01,Water pump leakage,Reported genuine hardware failure: Water pump leakage under regular domestic usage.,Hardware Defect,1,1,1,1,0,0,1,1,0,0,Valid Claim
CLM-01370,PRD-01370,Industrial & Automotive Tools,TitanPower,TitanAir 50L Heavy Duty,SN-TIT-1384496,2025-07-20,898.53,Prime Retail Express,INV-2024-64488,2025-07-20,2027-07-10,24,427,293,0,2025-07-14,Hydraulic pressure seal failure,Discrepancy detected: Claimed fault occurrence date predates registered purchase date.,Date Inconsistency,1,1,1,1,0,0,1,0,0,1,Manual Review
CLM-00431,PRD-00431,Consumer Electronics,QuantumCompute,VividTab 11 Max,SN-QUA-3863692,2026-06-18,2120.31,TechMegaStore Downtown,INV-2024-24965,2026-06-18,2029-06-02,36,94,986,1,2026-09-12,Speaker malfunction,Reported genuine hardware failure: Speaker malfunction under regular domestic usage.,Hardware Defect,1,1,1,1,0,0,1,1,0,0,Valid Claim
CLM-00944,PRD-00944,Industrial & Automotive Tools,TorqueMaster,TorqueGrinder 1500W,SN-TOR-6501987,2024-11-12,634.32,Official Brand Store,INV-2024-85938,2024-11-12,2026-11-02,24,677,43,0,2026-09-18,Hydraulic pressure seal failure,Device submitted does not match registered unit. Serial on invoice differs from backplate.,Serial Mismatch,1,0,1,1,0,1,0,0,0,0,Invalid Claim
CLM-00312,PRD-00312,Industrial & Automotive Tools,MegaWrench,IronForge Impact 24V,SN-MEG-2976835,2025-08-16,746.73,Industrial Supply Direct,INV-2026-36924,2025-08-16,2028-07-31,36,400,680,0,2026-09-15,Hydraulic pressure seal failure,Reported genuine hardware failure: Hydraulic pressure seal failure under regular domestic usage.,Hardware Defect,1,1,1,1,0,0,1,1,0,0,Valid Claim
CLM-00759,PRD-00759,Industrial & Automotive Tools,TorqueMaster,TorqueGrinder 1500W,SN-TOR-3856028,2026-03-29,511.38,TechMegaStore Downtown,INV-2024-34555,2026-03-29,2029-03-13,36,175,905,0,2026-09-18,Chuck bearing breakdown,Device submitted does not match registered unit. Serial on invoice differs from backplate.,Serial Mismatch,1,0,1,1,0,1,0,0,0,0,Invalid Claim
CLM-00575,PRD-00575,Home Appliances,ThermaPure,KitchenPro Grill 25L,SN-THE-3443176,2026-07-14,534.85,National Appliance Depot,INV-2026-54944,2026-07-14,2029-06-28,36,68,1012,0,2026-09-09,Electronic PCB failure,Unit previously opened and tampered with at non-authorized workshop (Downtown Third-Party Repair Stall).,Tampering,1,1,1,1,1,0,1,1,1,0,Invalid Claim
CLM-01188,PRD-01188,Consumer Electronics,NovaSound,QuantumBook Ultra 15,SN-NOV-7061978,2026-05-29,1097.36,Prime Retail Express,INV-2024-13574,2026-05-29,2029-05-13,36,114,966,1,2026-09-13,Bluetooth/Wi-Fi failure,Diagnostic report inconclusive regarding whether component failure was thermal surge or defect.,Ambiguous Diagnostic,1,1,1,1,1,0,1,1,0,0,Manual Review
CLM-00723,PRD-00723,Consumer Electronics,VividDisplay,ApexBook Air 14,SN-VIV-1271644,2025-06-24,893.47,National Appliance Depot,INV-2026-26350,2025-06-24,2027-06-14,24,453,267,0,2026-09-12,Battery failure to charge,Device submitted does not match registered unit. Serial on invoice differs from backplate.,Serial Mismatch,1,0,1,1,0,1,0,0,0,0,Invalid Claim
CLM-01054,PRD-01054,Industrial & Automotive Tools,MegaWrench,IronForge TwinPiston 100L,SN-MEG-3674757,2025-12-25,1127.76,Prime Retail Express,INV-2024-36976,2025-12-25,2029-12-04,48,269,1171,1,2026-09-10,Trigger switch failure,Diagnostic report inconclusive regarding whether component failure was thermal surge or defect.,Ambiguous Diagnostic,1,1,1,1,1,0,1,1,0,0,Manual Review
CLM-00646,PRD-00646,Home Appliances,CleanCycle,ThermaWash Eco,SN-CLE-2503425,2026-07-11,1543.37,Official Brand Store,INV-2025-46073,2026-07-11,2029-06-25,36,71,1009,0,2026-09-16,Compressor failure,Unit previously opened and tampered with at non-authorized workshop (Local QuickFix Electronics).,Tampering,1,1,1,1,1,0,1,1,1,0,Invalid Claim
CLM-00621,PRD-00621,Industrial & Automotive Tools,ApexIndustrial,TitanPressure 3000PSI Commercial,SN-APE-6164208,2024-06-04,886.21,Prime Retail Express,INV-2024-63580,2024-06-04,2026-05-25,24,838,0,0,2026-09-10,Hydraulic pressure seal failure,Failure: Hydraulic pressure seal failure. Note: product warranty expired 118 days ago.,Hardware Wear,1,1,1,1,0,0,1,1,0,0,Invalid Claim
CLM-00638,PRD-00638,Home Appliances,FrostGuard,FrostGuard Side-by-Side 600L,SN-FRO-9985927,2025-02-25,602.77,Industrial Supply Direct,INV-2025-51896,2025-02-25,2028-02-10,36,572,508,0,2026-08-31,Pest infestation inside chassis,Physical inspection reveals clear Pest infestation inside chassis violating warranty coverage terms.,Customer Induced Damage,1,1,1,1,0,0,1,0,0,0,Invalid Claim
CLM-01307,PRD-01307,Home Appliances,AeroBreeze,KitchenPro Grill 25L,SN-AER-4301912,2025-10-23,1651.82,TechMegaStore Downtown,INV-2024-28342,2025-10-23,2028-10-07,36,332,748,1,2026-09-06,Electronic PCB failure,Diagnostic report inconclusive regarding whether component failure was thermal surge or defect.,Ambiguous Diagnostic,1,1,1,1,1,0,1,2,0,0,Manual Review
CLM-00887,PRD-00887,Industrial & Automotive Tools,ApexIndustrial,MegaWash Pro 2500PSI,SN-APE-2953294,2024-06-07,1061.69,Prime Retail Express,INV-2025-49741,2024-06-07,2026-05-28,24,835,0,0,2026-08-31,Hydraulic pressure seal failure,Failure: Hydraulic pressure seal failure. Note: product warranty expired 115 days ago.,Hardware Wear,1,1,1,1,0,0,1,1,0,0,Invalid Claim
CLM-00937,PRD-00937,Industrial & Automotive Tools,TorqueMaster,MegaWash Pro 2500PSI,SN-TOR-5177495,2025-04-17,352.96,TechMegaStore Downtown,INV-2024-77976,2025-04-17,2027-04-07,24,521,199,0,2026-09-17,Abnormal overload beyond specified torque limits,Physical inspection reveals clear Abnormal overload beyond specified torque limits violating warranty coverage terms.,Customer Induced Damage,1,1,1,1,0,0,1,0,0,0,Invalid Claim
CLM-00107,PRD-00107,Consumer Electronics,VividDisplay,NovaPhone 12 Lite,SN-VIV-1447451,2026-07-11,1153.26,Industrial Supply Direct,INV-2026-59015,2026-07-11,2027-07-06,12,71,289,0,2026-09-07,Motherboard failure,Reported genuine hardware failure: Motherboard failure under regular domestic usage.,Hardware Defect,1,1,1,1,1,0,1,0,0,0,Valid Claim
CLM-01103,PRD-01103,Industrial & Automotive Tools,ApexIndustrial,TitanDrill 20V HD,SN-APE-6539032,2025-07-15,908.71,Industrial Supply Direct,INV-2026-93257,2025-07-15,2029-06-24,48,432,1008,1,2026-09-17,Trigger switch failure,Claim submitted without primary proof of purchase receipt. Customer submitted affidavit instead.,Incomplete Documentation,0,1,1,0,0,2,1,0,0,0,Manual Review
CLM-00742,PRD-00742,Home Appliances,ThermaPure,ThermaCold 320L,SN-THE-4586506,2025-11-04,1043.6,National Appliance Depot,INV-2024-83615,2025-11-04,2027-10-25,24,320,400,0,2026-09-15,Electronic PCB failure,Device submitted does not match registered unit. Serial on invoice differs from backplate.,Serial Mismatch,1,0,1,1,0,1,0,0,0,0,Invalid Claim
CLM-00816,PRD-00816,Home Appliances,KitchenPro,KitchenPro Convection 30L,SN-KIT-3101870,2025-10-02,1780.15,Electronics Hub Metro,INV-2025-98356,2025-10-02,2027-09-22,24,353,367,0,2026-09-12,Thermostat failure,Unit previously opened and tampered with at non-authorized workshop (Local QuickFix Electronics).,Tampering,1,1,1,1,1,0,1,1,1,0,Invalid Claim
CLM-00886,PRD-00886,Home Appliances,KitchenPro,FrostGuard 450L Smart,SN-KIT-2696557,2025-07-07,910.06,Official Brand Store,INV-2024-54272,2025-07-07,2028-06-21,36,440,640,0,2026-09-18,Motor burnout,Device submitted does not match registered unit. Serial on invoice differs from backplate.,Serial Mismatch,1,0,1,1,0,1,0,0,0,0,Invalid Claim
CLM-01379,PRD-01379,Consumer Electronics,VividDisplay,PixelSlate 12,SN-VIV-7204129,2025-05-04,2185.2,Official Brand Store,INV-2025-83887,2025-05-04,2027-04-24,24,504,216,0,2025-04-17,Unresponsive touch panel,Discrepancy detected: Claimed fault occurrence date predates registered purchase date.,Date Inconsistency,1,1,1,1,0,0,1,0,0,1,Manual Review
CLM-01314,PRD-01314,Industrial & Automotive Tools,IronForge,TitanAir 50L Heavy Duty,SN-IRO-6276469,2026-03-24,702.43,Official Brand Store,INV-2024-72828,2026-03-24,2028-03-13,24,180,540,0,2026-09-14,Chuck bearing breakdown,Diagnostic report inconclusive regarding whether component failure was thermal surge or defect.,Ambiguous Diagnostic,1,1,1,1,1,0,1,1,0,0,Manual Review
CLM-01028,PRD-01028,Consumer Electronics,QuantumCompute,ApexFit Chrono 3,SN-QUA-5129038,2025-01-20,680.75,National Appliance Depot,INV-2026-40597,2025-01-20,2027-01-10,24,608,112,0,2025-01-05,Unresponsive touch panel,Discrepancy detected: Claimed fault occurrence date predates registered purchase date.,Date Inconsistency,1,1,1,1,0,0,1,0,0,1,Manual Review
CLM-01053,PRD-01053,Home Appliances,FrostGuard,AeroBreeze DualCool 2.0T,SN-FRO-5247996,2024-02-22,1714.64,National Appliance Depot,INV-2025-94602,2024-02-22,2027-02-06,36,941,139,0,2026-09-18,Thermostat failure,Claim submitted without primary proof of purchase receipt. Customer submitted affidavit instead.,Incomplete Documentation,0,1,1,0,0,2,1,0,0,0,Manual Review
CLM-00735,PRD-00735,Industrial & Automotive Tools,TorqueMaster,IronGrind 9-inch Industrial,SN-TOR-6012276,2024-06-15,160.66,Electronics Hub Metro,INV-2026-84356,2024-06-15,2026-06-05,24,827,0,0,2026-09-04,Chuck bearing breakdown,Failure: Chuck bearing breakdown. Note: product warranty expired 107 days ago.,Hardware Wear,1,1,1,1,0,0,1,2,0,0,Invalid Claim
CLM-00216,PRD-00216,Industrial & Automotive Tools,TitanPower,MegaWash Pro 2500PSI,SN-TIT-4883465,2023-05-20,1180.88,Prime Retail Express,INV-2025-58823,2023-05-20,2027-04-29,48,1219,221,1,2026-09-15,Trigger switch failure,Reported genuine hardware failure: Trigger switch failure under regular domestic usage.,Hardware Defect,1,1,1,1,1,0,1,0,0,0,Valid Claim
CLM-00405,PRD-00405,Consumer Electronics,NovaSound,ApexBook Pro 16,SN-NOV-8599649,2026-01-23,1420.89,Industrial Supply Direct,INV-2026-85750,2026-01-23,2029-01-07,36,240,840,1,2026-08-28,Battery failure to charge,Reported genuine hardware failure: Battery failure to charge under regular domestic usage.,Hardware Defect,1,1,1,1,1,0,1,1,0,0,Valid Claim
CLM-00566,PRD-00566,Consumer Electronics,NovaSound,PixelSlate 12,SN-NOV-9775825,2025-12-02,1875.47,National Appliance Depot,INV-2024-98864,2025-12-02,2026-11-27,12,292,68,0,2026-09-17,Speaker malfunction,Unit previously opened and tampered with at non-authorized workshop (Local QuickFix Electronics).,Tampering,1,1,1,1,1,0,1,2,1,0,Invalid Claim
CLM-00714,PRD-00714,Industrial & Automotive Tools,TorqueMaster,IronForge Impact 24V,SN-TOR-1133260,2026-06-08,326.75,TechMegaStore Downtown,INV-2025-59259,2026-06-08,2028-05-28,24,104,616,0,2026-09-15,Chuck bearing breakdown,Device submitted does not match registered unit. Serial on invoice differs from backplate.,Serial Mismatch,1,0,1,1,0,1,0,0,0,0,Invalid Claim
CLM-00411,PRD-00411,Industrial & Automotive Tools,TitanPower,TorqueGrinder 1500W,SN-TIT-9078781,2025-03-10,1255.0,TechMegaStore Downtown,INV-2024-78997,2025-03-10,2028-02-23,36,559,521,0,2026-09-16,Trigger switch failure,Reported genuine hardware failure: Trigger switch failure under regular domestic usage.,Hardware Defect,1,1,1,1,0,0,1,0,0,0,Valid Claim
CLM-00802,PRD-00802,Home Appliances,CleanCycle,KitchenPro Convection 30L,SN-CLE-7453578,2025-02-22,1009.43,Electronics Hub Metro,INV-2024-59719,2025-02-22,2027-02-12,24,575,145,0,2026-09-18,Water pump leakage,Device submitted does not match registered unit. Serial on invoice differs from backplate.,Serial Mismatch,1,0,1,1,0,1,0,0,0,0,Invalid Claim
CLM-00800,PRD-00800,Industrial & Automotive Tools,TitanPower,TorqueGrinder 1500W,SN-TIT-4415085,2024-06-07,1197.86,Prime Retail Express,INV-2024-49968,2024-06-07,2026-05-28,24,835,0,0,2026-09-11,Armature burning,Failure: Armature burning. Note: product warranty expired 115 days ago.,Hardware Wear,1,1,1,1,0,0,1,0,0,0,Invalid Claim
CLM-01381,PRD-01381,Consumer Electronics,VividDisplay,NovaWatch Ultra,SN-VIV-3121867,2024-11-16,380.88,National Appliance Depot,INV-2025-58488,2024-11-16,2026-11-06,24,673,47,1,2024-11-02,Unresponsive touch panel,Discrepancy detected: Claimed fault occurrence date predates registered purchase date.,Date Inconsistency,1,1,1,1,0,0,1,0,0,1,Manual Review
CLM-01373,PRD-01373,Consumer Electronics,ApexTech,NovaWatch Ultra,SN-APE-9592367,2025-10-08,2048.62,National Appliance Depot,INV-2025-17922,2025-10-08,2027-09-28,24,347,373,0,2025-10-02,Speaker malfunction,Discrepancy detected: Claimed fault occurrence date predates registered purchase date.,Date Inconsistency,1,1,1,1,0,0,1,0,0,1,Manual Review
CLM-01372,PRD-01372,Consumer Electronics,QuantumCompute,ApexBook Air 14,SN-QUA-1234748,2025-04-27,1351.5,National Appliance Depot,INV-2025-83030,2025-04-27,2027-04-17,24,511,209,0,2026-09-06,Screen flickering,Diagnostic report inconclusive regarding whether component failure was thermal surge or defect.,Ambiguous Diagnostic,1,1,1,1,1,0,1,2,0,0,Manual Review
CLM-01239,PRD-01239,Industrial & Automotive Tools,TorqueMaster,IronForge Impact 24V,SN-TOR-4194779,2024-11-10,1110.79,Electronics Hub Metro,INV-2024-89505,2024-11-10,2027-10-26,36,679,401,1,2024-11-03,Armature burning,Discrepancy detected: Claimed fault occurrence date predates registered purchase date.,Date Inconsistency,1,1,1,1,0,0,1,0,0,1,Manual Review
CLM-00487,PRD-00487,Home Appliances,KitchenPro,KitchenPro Convection 30L,SN-KIT-2542796,2026-06-14,1447.33,Prime Retail Express,INV-2024-87576,2026-06-14,2029-05-29,36,98,982,0,2026-08-31,Electronic PCB failure,Reported genuine hardware failure: Electronic PCB failure under regular domestic usage.,Hardware Defect,1,1,1,1,0,0,1,0,0,0,Valid Claim
CLM-01122,PRD-01122,Home Appliances,CleanCycle,FrostGuard Side-by-Side 600L,SN-CLE-8776962,2025-02-15,1761.57,Prime Retail Express,INV-2026-40270,2025-02-15,2029-01-25,48,582,858,1,2026-09-14,Water pump leakage,Diagnostic report inconclusive regarding whether component failure was thermal surge or defect.,Ambiguous Diagnostic,1,1,1,1,1,0,1,1,0,0,Manual Review
CLM-01491,PRD-01491,Industrial & Automotive Tools,TitanPower,IronForge Impact 24V,SN-TIT-2881825,2022-10-06,204.46,Prime Retail Express,INV-2026-54601,2022-10-06,2026-09-15,48,1445,0,1,2026-09-18,Gearbox seizure,Fault occurred near warranty expiration boundary. Customer requests grace period evaluation.,Borderline Lifecycle,1,1,1,1,0,0,1,1,0,0,Manual Review
CLM-00722,PRD-00722,Industrial & Automotive Tools,TitanPower,IronGrind 9-inch Industrial,SN-TIT-4667881,2026-01-12,1006.56,Electronics Hub Metro,INV-2025-81576,2026-01-12,2028-01-02,24,251,469,0,2026-09-13,Hydraulic pressure seal failure,Device submitted does not match registered unit. Serial on invoice differs from backplate.,Serial Mismatch,1,0,1,1,0,1,0,0,0,0,Invalid Claim
CLM-00516,PRD-00516,Home Appliances,FrostGuard,CleanCycle QuickWash 7kg,SN-FRO-7164902,2024-12-23,1119.25,Industrial Supply Direct,INV-2025-60867,2024-12-23,2027-12-08,36,636,444,0,2026-09-08,Drum spin malfunction,Unit previously opened and tampered with at non-authorized workshop (Local QuickFix Electronics).,Tampering,1,1,1,1,1,0,1,2,1,0,Invalid Claim
CLM-01387,PRD-01387,Home Appliances,FrostGuard,KitchenPro Convection 30L,SN-FRO-9341968,2026-03-13,609.39,Electronics Hub Metro,INV-2026-98697,2026-03-13,2028-03-02,24,191,529,0,2026-03-01,Drum spin malfunction,Discrepancy detected: Claimed fault occurrence date predates registered purchase date.,Date Inconsistency,1,1,1,1,0,0,1,0,0,1,Manual Review
CLM-01000,PRD-01000,Home Appliances,CleanCycle,CleanCycle FrontLoad 8kg,SN-CLE-7884890,2025-12-21,1436.1,Prime Retail Express,INV-2024-62721,2025-12-21,2027-12-11,24,273,447,0,2026-09-11,Drum spin malfunction,Unit previously opened and tampered with at non-authorized workshop (Corner Hardware & Mobile Repairs).,Tampering,1,1,1,1,1,0,1,2,1,0,Invalid Claim
CLM-00494,PRD-00494,Industrial & Automotive Tools,TitanPower,TitanPressure 3000PSI Commercial,SN-TIT-4994266,2024-04-07,838.79,National Appliance Depot,INV-2025-86588,2024-04-07,2028-03-17,48,896,544,1,2026-09-12,Hydraulic pressure seal failure,Reported genuine hardware failure: Hydraulic pressure seal failure under regular domestic usage.,Hardware Defect,1,1,1,1,1,0,1,0,0,0,Valid Claim
CLM-00980,PRD-00980,Industrial & Automotive Tools,TitanPower,IronForge TwinPiston 100L,SN-TIT-1650524,2026-01-19,1224.59,TechMegaStore Downtown,INV-2025-48198,2026-01-19,2028-01-09,24,244,476,0,2026-09-08,Trigger switch failure,Unit previously opened and tampered with at non-authorized workshop (Downtown Third-Party Repair Stall).,Tampering,1,1,1,1,1,0,1,1,1,0,Invalid Claim
CLM-00943,PRD-00943,Industrial & Automotive Tools,ApexIndustrial,IronForge Impact 24V,SN-APE-5736204,2024-07-25,1168.96,TechMegaStore Downtown,INV-2024-39651,2024-07-25,2027-07-10,36,787,293,0,2026-09-09,Unlubricated operation,Physical inspection reveals clear Unlubricated operation violating warranty coverage terms.,Customer Induced Damage,1,1,1,1,0,0,1,0,0,0,Invalid Claim
CLM-00959,PRD-00959,Industrial & Automotive Tools,MegaWrench,IronGrind 9-inch Industrial,SN-MEG-2808544,2024-07-11,827.89,Official Brand Store,INV-2024-85448,2024-07-11,2026-07-01,24,801,0,0,2026-09-04,Trigger switch failure,Failure: Trigger switch failure. Note: product warranty expired 81 days ago.,Hardware Wear,1,1,1,1,0,0,1,2,0,0,Invalid Claim
CLM-01311,PRD-01311,Consumer Electronics,ApexTech,QuantumBook Ultra 15,SN-APE-7649465,2026-05-15,1212.25,Prime Retail Express,INV-2025-77395,2026-05-15,2027-05-10,12,128,232,0,2026-05-02,Battery failure to charge,Discrepancy detected: Claimed fault occurrence date predates registered purchase date.,Date Inconsistency,1,1,1,1,0,0,1,0,0,1,Manual Review
CLM-01325,PRD-01325,Industrial & Automotive Tools,TitanPower,TorqueMaster Brushless 18V,SN-TIT-7224275,2024-06-30,1072.28,Industrial Supply Direct,INV-2024-57581,2024-06-30,2028-06-09,48,812,628,1,2026-09-18,Trigger switch failure,Diagnostic report inconclusive regarding whether component failure was thermal surge or defect.,Ambiguous Diagnostic,1,1,1,1,1,0,1,1,0,0,Manual Review
CLM-00078,PRD-00078,Home Appliances,ThermaPure,KitchenPro Convection 30L,SN-THE-2666893,2024-05-28,1868.48,National Appliance Depot,INV-2026-94518,2024-05-28,2028-05-07,48,845,595,1,2026-09-10,Motor burnout,Reported genuine hardware failure: Motor burnout under regular domestic usage.,Hardware Defect,1,1,1,1,0,0,1,0,0,0,Valid Claim
CLM-01334,PRD-01334,Home Appliances,FrostGuard,FrostGuard 450L Smart,SN-FRO-7237794,2026-02-02,1858.56,Prime Retail Express,INV-2024-70794,2026-02-02,2029-01-17,36,230,850,1,2026-01-15,Compressor failure,Discrepancy detected: Claimed fault occurrence date predates registered purchase date.,Date Inconsistency,1,1,1,1,0,0,1,0,0,1,Manual Review
CLM-01446,PRD-01446,Home Appliances,KitchenPro,ThermaAir Silent,SN-KIT-7748185,2025-10-22,671.15,Electronics Hub Metro,INV-2025-97605,2025-10-22,2027-10-12,24,333,387,0,2026-09-16,Compressor failure,Claim submitted without primary proof of purchase receipt. Customer submitted affidavit instead.,Incomplete Documentation,0,1,1,0,0,2,1,0,0,0,Manual Review
CLM-01445,PRD-01445,Industrial & Automotive Tools,IronForge,TitanAir 50L Heavy Duty,SN-IRO-3645228,2026-07-09,322.55,National Appliance Depot,INV-2024-19350,2026-07-09,2029-06-23,36,73,1007,0,2026-09-16,Trigger switch failure,Claim submitted without primary proof of purchase receipt. Customer submitted affidavit instead.,Incomplete Documentation,0,1,1,0,0,2,1,0,0,0,Manual Review
CLM-00668,PRD-00668,Industrial & Automotive Tools,IronForge,IronGrind 9-inch Industrial,SN-IRO-4329683,2024-07-21,276.27,National Appliance Depot,INV-2024-27521,2024-07-21,2027-07-06,36,791,289,0,2026-09-13,Armature burning,Device submitted does not match registered unit. Serial on invoice differs from backplate.,Serial Mismatch,1,0,1,1,0,1,0,0,0,0,Invalid Claim
CLM-00190,PRD-00190,Home Appliances,KitchenPro,CleanCycle FrontLoad 8kg,SN-KIT-1517756,2023-08-16,1572.41,Electronics Hub Metro,INV-2025-14285,2023-08-16,2027-07-26,48,1131,309,1,2026-09-09,Motor burnout,Reported genuine hardware failure: Motor burnout under regular domestic usage.,Hardware Defect,1,1,1,1,0,0,1,1,0,0,Valid Claim
CLM-01241,PRD-01241,Home Appliances,CleanCycle,ThermaCold 320L,SN-CLE-3968580,2025-01-13,1558.08,National Appliance Depot,INV-2025-70851,2025-01-13,2027-12-29,36,615,465,0,2024-12-31,Drum spin malfunction,Discrepancy detected: Claimed fault occurrence date predates registered purchase date.,Date Inconsistency,1,1,1,1,0,0,1,0,0,1,Manual Review
CLM-00160,PRD-00160,Consumer Electronics,ApexTech,QuantumPixel 8,SN-APE-9034958,2025-02-02,2302.21,Official Brand Store,INV-2026-36805,2025-02-02,2028-01-18,36,595,485,1,2026-09-08,Battery failure to charge,Reported genuine hardware failure: Battery failure to charge under regular domestic usage.,Hardware Defect,1,1,1,1,0,0,1,1,0,0,Valid Claim
CLM-00616,PRD-00616,Industrial & Automotive Tools,TorqueMaster,TitanAir 50L Heavy Duty,SN-TOR-2539467,2025-04-30,348.73,Prime Retail Express,INV-2024-40973,2025-04-30,2027-04-20,24,508,212,0,2026-09-14,Hydraulic pressure seal failure,Device submitted does not match registered unit. Serial on invoice differs from backplate.,Serial Mismatch,1,0,1,1,0,1,0,0,0,0,Invalid Claim
CLM-00636,PRD-00636,Industrial & Automotive Tools,IronForge,IronGrind 9-inch Industrial,SN-IRO-4754845,2024-02-01,1220.55,Prime Retail Express,INV-2024-94408,2024-02-01,2027-01-16,36,962,118,0,2026-09-12,Trigger switch failure,Device submitted does not match registered unit. Serial on invoice differs from backplate.,Serial Mismatch,1,0,1,1,0,1,0,0,0,0,Invalid Claim
CLM-01081,PRD-01081,Industrial & Automotive Tools,TitanPower,MegaWash Pro 2500PSI,SN-TIT-8101189,2023-11-15,384.63,Official Brand Store,INV-2026-17848,2023-11-15,2026-10-30,36,1040,40,1,2023-11-02,Gearbox seizure,Discrepancy detected: Claimed fault occurrence date predates registered purchase date.,Date Inconsistency,1,1,1,1,0,0,1,0,0,1,Manual Review
CLM-00434,PRD-00434,Consumer Electronics,PixelCraft,QuantumBook Ultra 15,SN-PIX-5760225,2025-11-17,1156.31,Industrial Supply Direct,INV-2026-26632,2025-11-17,2027-11-07,24,307,413,1,2026-09-02,Speaker malfunction,Reported genuine hardware failure: Speaker malfunction under regular domestic usage.,Hardware Defect,1,1,1,1,0,0,1,0,0,0,Valid Claim
CLM-01065,PRD-01065,Home Appliances,CleanCycle,KitchenPro Convection 30L,SN-CLE-2947659,2025-08-01,461.46,Electronics Hub Metro,INV-2024-89325,2025-08-01,2027-07-22,24,415,305,0,2026-09-06,Water pump leakage,Diagnostic report inconclusive regarding whether component failure was thermal surge or defect.,Ambiguous Diagnostic,1,1,1,1,1,0,1,2,0,0,Manual Review
CLM-00501,PRD-00501,Industrial & Automotive Tools,TorqueMaster,TitanPressure 3000PSI Commercial,SN-TOR-2415979,2024-09-05,625.67,Electronics Hub Metro,INV-2025-59456,2024-09-05,2026-08-26,24,745,0,0,2026-09-08,Armature burning,Failure: Armature burning. Note: product warranty expired 25 days ago.,Hardware Wear,1,1,1,1,0,0,1,1,0,0,Invalid Claim
CLM-01380,PRD-01380,Industrial & Automotive Tools,TorqueMaster,TitanPressure 3000PSI Commercial,SN-TOR-7048062,2025-07-12,1261.11,Industrial Supply Direct,INV-2025-83966,2025-07-12,2028-06-26,36,435,645,0,2026-09-07,Trigger switch failure,Diagnostic report inconclusive regarding whether component failure was thermal surge or defect.,Ambiguous Diagnostic,1,1,1,1,1,0,1,2,0,0,Manual Review
CLM-01101,PRD-01101,Industrial & Automotive Tools,TitanPower,TitanAir 50L Heavy Duty,SN-TIT-3448450,2026-07-18,1004.99,Prime Retail Express,INV-2025-17849,2026-07-18,2029-07-02,36,64,1016,1,2026-06-29,Chuck bearing breakdown,Discrepancy detected: Claimed fault occurrence date predates registered purchase date.,Date Inconsistency,1,1,1,1,0,0,1,0,0,1,Manual Review
CLM-00137,PRD-00137,Consumer Electronics,PixelCraft,ApexFit Chrono 3,SN-PIX-6943949,2026-02-06,1753.5,Official Brand Store,INV-2026-94319,2026-02-06,2028-01-27,24,226,494,0,2026-09-11,Battery failure to charge,Reported genuine hardware failure: Battery failure to charge under regular domestic usage.,Hardware Defect,1,1,1,1,0,0,1,0,0,0,Valid Claim
CLM-00630,PRD-00630,Home Appliances,ThermaPure,AeroBreeze DualCool 2.0T,SN-THE-6288577,2023-06-17,1605.96,National Appliance Depot,INV-2026-62228,2023-06-17,2026-06-01,36,1191,0,0,2026-09-05,Compressor failure,Failure: Compressor failure. Note: product warranty expired 111 days ago.,Hardware Wear,1,1,1,1,0,0,1,0,0,0,Invalid Claim
CLM-00960,PRD-00960,Industrial & Automotive Tools,TitanPower,TorqueGrinder 1500W,SN-TIT-6826801,2024-11-16,893.15,Industrial Supply Direct,INV-2025-85149,2024-11-16,2026-11-06,24,673,47,0,2026-09-12,Armature burning,Device submitted does not match registered unit. Serial on invoice differs from backplate.,Serial Mismatch,1,0,1,1,0,1,0,0,0,0,Invalid Claim
CLM-00538,PRD-00538,Industrial & Automotive Tools,TitanPower,TitanPressure 3000PSI Commercial,SN-TIT-5693941,2024-02-15,1184.24,Prime Retail Express,INV-2024-62944,2024-02-15,2027-01-30,36,948,132,0,2026-09-01,Use of non-spec hydraulic oil,Physical inspection reveals clear Use of non-spec hydraulic oil violating warranty coverage terms.,Customer Induced Damage,1,1,1,1,0,0,1,0,0,0,Invalid Claim
CLM-00235,PRD-00235,Home Appliances,CleanCycle,KitchenPro Convection 30L,SN-CLE-3768193,2026-01-23,1270.71,Industrial Supply Direct,INV-2024-17019,2026-01-23,2028-01-13,24,240,480,0,2026-09-12,Drum spin malfunction,Reported genuine hardware failure: Drum spin malfunction under regular domestic usage.,Hardware Defect,1,1,1,1,0,0,1,1,0,0,Valid Claim
CLM-00232,PRD-00232,Consumer Electronics,VividDisplay,QuantumBook Ultra 15,SN-VIV-8493206,2026-05-03,225.21,Electronics Hub Metro,INV-2024-18885,2026-05-03,2028-04-22,24,140,580,0,2026-08-26,Screen flickering,Reported genuine hardware failure: Screen flickering under regular domestic usage.,Hardware Defect,1,1,1,1,1,0,1,0,0,0,Valid Claim
CLM-00692,PRD-00692,Home Appliances,ThermaPure,CleanCycle QuickWash 7kg,SN-THE-4789711,2026-04-21,1773.71,Official Brand Store,INV-2025-24733,2026-04-21,2029-04-05,36,152,928,0,2026-09-11,Commercial heavy utilization,Physical inspection reveals clear Commercial heavy utilization violating warranty coverage terms.,Customer Induced Damage,1,1,1,1,0,0,1,0,0,0,Invalid Claim
CLM-00651,PRD-00651,Consumer Electronics,NovaSound,NovaWatch Ultra,SN-NOV-6043230,2024-12-29,305.18,Prime Retail Express,INV-2025-96397,2024-12-29,2026-12-19,24,630,90,0,2026-09-03,Rooted firmware malfunction,Physical inspection reveals clear Rooted firmware malfunction violating warranty coverage terms.,Customer Induced Damage,1,1,1,1,0,0,1,0,0,0,Invalid Claim
CLM-00600,PRD-00600,Industrial & Automotive Tools,ApexIndustrial,TorqueGrinder 1500W,SN-APE-4077684,2025-11-04,952.3,TechMegaStore Downtown,INV-2025-15723,2025-11-04,2027-10-25,24,320,400,0,2026-09-01,Unlubricated operation,Physical inspection reveals clear Unlubricated operation violating warranty coverage terms.,Customer Induced Damage,1,1,1,1,0,0,1,0,0,0,Invalid Claim
CLM-00556,PRD-00556,Consumer Electronics,PixelCraft,NovaPad Pro 10,SN-PIX-7829609,2025-06-29,349.55,TechMegaStore Downtown,INV-2025-93039,2025-06-29,2026-06-24,12,448,0,0,2026-09-12,Motherboard failure,Failure: Motherboard failure. Note: product warranty expired 88 days ago.,Hardware Wear,1,1,1,1,0,0,1,2,0,0,Invalid Claim
CLM-01259,PRD-01259,Industrial & Automotive Tools,TitanPower,IronGrind 9-inch Industrial,SN-TIT-4839687,2025-01-26,1263.22,TechMegaStore Downtown,INV-2024-46105,2025-01-26,2027-01-16,24,602,118,0,2025-01-11,Trigger switch failure,Discrepancy detected: Claimed fault occurrence date predates registered purchase date.,Date Inconsistency,1,1,1,1,0,0,1,0,0,1,Manual Review
CLM-01251,PRD-01251,Consumer Electronics,PixelCraft,QuantumPixel 8,SN-PIX-2569831,2025-09-24,251.53,Electronics Hub Metro,INV-2026-85653,2025-09-24,2026-09-19,12,361,0,0,2026-09-17,Motherboard failure,Fault occurred near warranty expiration boundary. Customer requests grace period evaluation.,Borderline Lifecycle,1,1,1,1,0,0,1,1,0,0,Manual Review
CLM-00442,PRD-00442,Home Appliances,CleanCycle,ThermaWash Eco,SN-CLE-8763873,2025-06-03,745.67,Official Brand Store,INV-2025-42329,2025-06-03,2027-05-24,24,474,246,0,2026-08-31,Motor burnout,Reported genuine hardware failure: Motor burnout under regular domestic usage.,Hardware Defect,1,1,1,1,0,0,1,1,0,0,Valid Claim
CLM-00289,PRD-00289,Home Appliances,ThermaPure,KitchenPro Convection 30L,SN-THE-4229821,2026-01-18,811.5,TechMegaStore Downtown,INV-2024-31940,2026-01-18,2029-01-02,36,245,835,1,2026-08-28,Water pump leakage,Reported genuine hardware failure: Water pump leakage under regular domestic usage.,Hardware Defect,1,1,1,1,0,0,1,1,0,0,Valid Claim
CLM-01048,PRD-01048,Consumer Electronics,NovaSound,ApexBook Pro 16,SN-NOV-8637736,2024-09-25,2199.52,Prime Retail Express,INV-2026-83065,2024-09-25,2026-09-15,24,725,0,0,2026-09-16,Screen flickering,Fault occurred near warranty expiration boundary. Customer requests grace period evaluation.,Borderline Lifecycle,1,1,1,1,0,0,1,1,0,0,Manual Review
CLM-01146,PRD-01146,Consumer Electronics,PixelCraft,NovaWatch Ultra,SN-PIX-8624054,2026-01-24,999.04,Official Brand Store,INV-2024-68896,2026-01-24,2027-01-19,12,239,121,0,2026-09-14,Motherboard failure,Diagnostic report inconclusive regarding whether component failure was thermal surge or defect.,Ambiguous Diagnostic,1,1,1,1,1,0,1,2,0,0,Manual Review
CLM-00876,PRD-00876,Home Appliances,CleanCycle,ThermaAir Silent,SN-CLE-7607712,2024-11-26,1153.58,National Appliance Depot,INV-2025-97802,2024-11-26,2026-11-16,24,663,57,0,2026-09-13,Pest infestation inside chassis,Physical inspection reveals clear Pest infestation inside chassis violating warranty coverage terms.,Customer Induced Damage,1,1,1,1,0,0,1,0,0,0,Invalid Claim
CLM-00549,PRD-00549,Industrial & Automotive Tools,ApexIndustrial,TorqueGrinder 1500W,SN-APE-3499513,2025-12-26,1145.3,National Appliance Depot,INV-2024-91889,2025-12-26,2028-12-10,36,268,812,0,2026-09-12,Gearbox seizure,Device submitted does not match registered unit. Serial on invoice differs from backplate.,Serial Mismatch,1,0,1,1,0,1,0,0,0,0,Invalid Claim
CLM-00539,PRD-00539,Industrial & Automotive Tools,TorqueMaster,TitanPressure 3000PSI Commercial,SN-TOR-6058857,2025-12-16,245.92,Prime Retail Express,INV-2025-61117,2025-12-16,2027-12-06,24,278,442,0,2026-09-16,Trigger switch failure,Unit previously opened and tampered with at non-authorized workshop (Joe's Unofficial Fix Shop).,Tampering,1,1,1,1,1,0,1,3,1,0,Invalid Claim
CLM-00193,PRD-00193,Industrial & Automotive Tools,MegaWrench,IronGrind 9-inch Industrial,SN-MEG-3335975,2024-12-18,1051.58,Electronics Hub Metro,INV-2024-84720,2024-12-18,2027-12-03,36,641,439,0,2026-09-01,Hydraulic pressure seal failure,Reported genuine hardware failure: Hydraulic pressure seal failure under regular domestic usage.,Hardware Defect,1,1,1,1,0,0,1,1,0,0,Valid Claim
CLM-00378,PRD-00378,Consumer Electronics,QuantumCompute,NovaPad Pro 10,SN-QUA-6109570,2024-12-02,1978.46,National Appliance Depot,INV-2025-31821,2024-12-02,2026-11-22,24,657,63,0,2026-09-17,Bluetooth/Wi-Fi failure,Reported genuine hardware failure: Bluetooth/Wi-Fi failure under regular domestic usage.,Hardware Defect,1,1,1,1,0,0,1,0,0,0,Valid Claim
CLM-00726,PRD-00726,Industrial & Automotive Tools,ApexIndustrial,IronForge Impact 24V,SN-APE-9445004,2025-12-26,817.42,TechMegaStore Downtown,INV-2026-47998,2025-12-26,2028-12-10,36,268,812,0,2026-09-04,Use of non-spec hydraulic oil,Physical inspection reveals clear Use of non-spec hydraulic oil violating warranty coverage terms.,Customer Induced Damage,1,1,1,1,0,0,1,0,0,0,Invalid Claim
CLM-01160,PRD-01160,Industrial & Automotive Tools,ApexIndustrial,IronForge TwinPiston 100L,SN-APE-3887946,2022-10-09,851.59,Industrial Supply Direct,INV-2025-51383,2022-10-09,2026-09-18,48,1442,0,1,2026-09-16,Gearbox seizure,Fault occurred near warranty expiration boundary. Customer requests grace period evaluation.,Borderline Lifecycle,1,1,1,1,0,0,1,1,0,0,Manual Review
CLM-00335,PRD-00335,Home Appliances,AeroBreeze,KitchenPro Convection 30L,SN-AER-9837269,2024-03-20,1640.63,TechMegaStore Downtown,INV-2024-96972,2024-03-20,2027-03-05,36,914,166,0,2026-09-03,Drum spin malfunction,Reported genuine hardware failure: Drum spin malfunction under regular domestic usage.,Hardware Defect,1,1,1,1,0,0,1,1,0,0,Valid Claim
CLM-01104,PRD-01104,Home Appliances,AeroBreeze,AeroBreeze DualCool 2.0T,SN-AER-1702825,2025-10-05,369.42,TechMegaStore Downtown,INV-2024-35492,2025-10-05,2029-09-14,48,350,1090,1,2026-09-12,Electronic PCB failure,Diagnostic report inconclusive regarding whether component failure was thermal surge or defect.,Ambiguous Diagnostic,1,1,1,1,1,0,1,2,0,0,Manual Review
CLM-00885,PRD-00885,Consumer Electronics,QuantumCompute,QuantumPixel 8,SN-QUA-8232666,2026-08-01,2252.25,National Appliance Depot,INV-2025-90903,2026-08-01,2027-07-27,12,50,310,0,2026-09-17,Battery failure to charge,Device submitted does not match registered unit. Serial on invoice differs from backplate.,Serial Mismatch,1,0,1,1,0,1,0,0,0,0,Invalid Claim
CLM-00452,PRD-00452,Home Appliances,ThermaPure,KitchenPro Grill 25L,SN-THE-3213824,2025-08-06,1736.25,National Appliance Depot,INV-2024-44079,2025-08-06,2027-07-27,24,410,310,0,2026-09-09,Compressor failure,Reported genuine hardware failure: Compressor failure under regular domestic usage.,Hardware Defect,1,1,1,1,1,0,1,0,0,0,Valid Claim
CLM-01412,PRD-01412,Home Appliances,AeroBreeze,ThermaAir Silent,SN-AER-8889649,2023-12-10,617.69,Prime Retail Express,INV-2026-60609,2023-12-10,2026-11-24,36,1015,65,0,2026-09-11,Drum spin malfunction,Claim submitted without primary proof of purchase receipt. Customer submitted affidavit instead.,Incomplete Documentation,0,1,1,0,0,2,1,0,0,0,Manual Review
CLM-00843,PRD-00843,Industrial & Automotive Tools,ApexIndustrial,TitanAir 50L Heavy Duty,SN-APE-5228258,2024-12-21,622.64,Official Brand Store,INV-2025-29741,2024-12-21,2026-12-11,24,638,82,0,2026-09-08,Chuck bearing breakdown,Unit previously opened and tampered with at non-authorized workshop (Local QuickFix Electronics).,Tampering,1,1,1,1,1,0,1,2,1,0,Invalid Claim
CLM-00664,PRD-00664,Home Appliances,KitchenPro,CleanCycle FrontLoad 8kg,SN-KIT-7603872,2024-11-27,646.94,National Appliance Depot,INV-2026-77571,2024-11-27,2026-11-17,24,662,58,0,2026-09-11,Compressor failure,Device submitted does not match registered unit. Serial on invoice differs from backplate.,Serial Mismatch,1,0,1,1,0,1,0,0,0,0,Invalid Claim
CLM-00059,PRD-00059,Consumer Electronics,VividDisplay,NovaWatch Ultra,SN-VIV-5234550,2026-06-27,942.53,Industrial Supply Direct,INV-2026-10150,2026-06-27,2028-06-16,24,85,635,0,2026-09-12,Unresponsive touch panel,Reported genuine hardware failure: Unresponsive touch panel under regular domestic usage.,Hardware Defect,1,1,1,1,0,0,1,0,0,0,Valid Claim
CLM-00482,PRD-00482,Industrial & Automotive Tools,MegaWrench,TorqueGrinder 1500W,SN-MEG-3622462,2024-06-28,731.69,Industrial Supply Direct,INV-2025-74840,2024-06-28,2027-06-13,36,814,266,0,2026-09-09,Gearbox seizure,Reported genuine hardware failure: Gearbox seizure under regular domestic usage.,Hardware Defect,1,1,1,1,1,0,1,1,0,0,Valid Claim
CLM-00551,PRD-00551,Industrial & Automotive Tools,MegaWrench,IronForge Impact 24V,SN-MEG-4177535,2024-07-02,1012.14,Prime Retail Express,INV-2024-25765,2024-07-02,2026-06-22,24,810,0,0,2026-09-09,Hydraulic pressure seal failure,Failure: Hydraulic pressure seal failure. Note: product warranty expired 90 days ago.,Hardware Wear,1,1,1,1,0,0,1,2,0,0,Invalid Claim
CLM-01335,PRD-01335,Industrial & Automotive Tools,IronForge,IronForge Impact 24V,SN-IRO-4815353,2023-10-05,1238.05,Industrial Supply Direct,INV-2024-84647,2023-10-05,2026-09-19,36,1081,0,1,2026-09-16,Armature burning,Fault occurred near warranty expiration boundary. Customer requests grace period evaluation.,Borderline Lifecycle,1,1,1,1,0,0,1,1,0,0,Manual Review
CLM-00172,PRD-00172,Home Appliances,FrostGuard,ThermaWash Eco,SN-FRO-2376369,2025-10-01,727.76,Industrial Supply Direct,INV-2026-93086,2025-10-01,2027-09-21,24,354,366,0,2026-09-07,Compressor failure,Reported genuine hardware failure: Compressor failure under regular domestic usage.,Hardware Defect,1,1,1,1,1,0,1,0,0,0,Valid Claim
CLM-01426,PRD-01426,Consumer Electronics,NovaSound,PixelSlate 12,SN-NOV-5707347,2026-03-18,1076.29,Prime Retail Express,INV-2024-30052,2026-03-18,2027-03-13,12,186,174,0,2026-09-17,Speaker malfunction,Diagnostic report inconclusive regarding whether component failure was thermal surge or defect.,Ambiguous Diagnostic,1,1,1,1,1,0,1,2,0,0,Manual Review
CLM-01282,PRD-01282,Industrial & Automotive Tools,TitanPower,TorqueGrinder 1500W,SN-TIT-5481772,2025-12-24,198.6,National Appliance Depot,INV-2024-25455,2025-12-24,2029-12-03,48,270,1170,1,2026-09-13,Chuck bearing breakdown,Diagnostic report inconclusive regarding whether component failure was thermal surge or defect.,Ambiguous Diagnostic,1,1,1,1,1,0,1,1,0,0,Manual Review
CLM-01399,PRD-01399,Home Appliances,ThermaPure,ThermaWash Eco,SN-THE-4541058,2022-10-10,893.55,TechMegaStore Downtown,INV-2025-41751,2022-10-10,2026-09-19,48,1441,0,1,2026-09-19,Thermostat failure,Fault occurred near warranty expiration boundary. Customer requests grace period evaluation.,Borderline Lifecycle,1,1,1,1,0,0,1,1,0,0,Manual Review
CLM-00737,PRD-00737,Consumer Electronics,NovaSound,ApexBook Air 14,SN-NOV-4686979,2026-01-29,390.92,Official Brand Store,INV-2024-45073,2026-01-29,2028-01-19,24,234,486,0,2026-09-17,Battery failure to charge,Device submitted does not match registered unit. Serial on invoice differs from backplate.,Serial Mismatch,1,0,1,1,0,1,0,0,0,0,Invalid Claim
CLM-00454,PRD-00454,Consumer Electronics,VividDisplay,ApexFit Chrono 3,SN-VIV-4095339,2026-03-23,670.86,Official Brand Store,INV-2024-97235,2026-03-23,2028-03-12,24,181,539,0,2026-09-07,Speaker malfunction,Reported genuine hardware failure: Speaker malfunction under regular domestic usage.,Hardware Defect,1,1,1,1,0,0,1,0,0,0,Valid Claim
CLM-00873,PRD-00873,Consumer Electronics,VividDisplay,VividTab 11 Max,SN-VIV-8695935,2026-05-15,1109.79,Industrial Supply Direct,INV-2024-96325,2026-05-15,2027-05-10,12,128,232,0,2026-09-09,Third-party unauthorized disassembly,Physical inspection reveals clear Third-party unauthorized disassembly violating warranty coverage terms.,Customer Induced Damage,1,1,1,1,0,0,1,0,0,0,Invalid Claim
CLM-00915,PRD-00915,Industrial & Automotive Tools,IronForge,TorqueGrinder 1500W,SN-IRO-5432538,2026-04-29,1146.35,Electronics Hub Metro,INV-2025-46082,2026-04-29,2029-04-13,36,144,936,0,2026-09-16,Chuck bearing breakdown,Device submitted does not match registered unit. Serial on invoice differs from backplate.,Serial Mismatch,1,0,1,1,0,1,0,0,0,0,Invalid Claim
CLM-00894,PRD-00894,Home Appliances,CleanCycle,FrostGuard 450L Smart,SN-CLE-4662556,2025-06-27,637.09,TechMegaStore Downtown,INV-2026-47925,2025-06-27,2027-06-17,24,450,270,0,2026-09-01,Improper electrical supply rating,Physical inspection reveals clear Improper electrical supply rating violating warranty coverage terms.,Customer Induced Damage,1,1,1,1,0,0,1,0,0,0,Invalid Claim
CLM-01448,PRD-01448,Industrial & Automotive Tools,IronForge,TitanDrill 20V HD,SN-IRO-9966292,2024-04-03,1128.42,Electronics Hub Metro,INV-2026-30582,2024-04-03,2027-03-19,36,900,180,1,2026-09-16,Armature burning,Claim submitted without primary proof of purchase receipt. Customer submitted affidavit instead.,Incomplete Documentation,0,1,1,0,0,2,1,0,0,0,Manual Review
CLM-01136,PRD-01136,Home Appliances,KitchenPro,ThermaCold 320L,SN-KIT-5986295,2024-04-03,1749.11,Official Brand Store,INV-2025-23164,2024-04-03,2028-03-13,48,900,540,1,2024-03-27,Water pump leakage,Discrepancy detected: Claimed fault occurrence date predates registered purchase date.,Date Inconsistency,1,1,1,1,0,0,1,0,0,1,Manual Review
CLM-00812,PRD-00812,Home Appliances,ThermaPure,FrostGuard 450L Smart,SN-THE-1748441,2025-09-25,764.4,Electronics Hub Metro,INV-2026-13346,2025-09-25,2027-09-15,24,360,360,0,2026-09-02,Third-party modifications,Physical inspection reveals clear Third-party modifications violating warranty coverage terms.,Customer Induced Damage,1,1,1,1,0,0,1,0,0,0,Invalid Claim
CLM-01362,PRD-01362,Industrial & Automotive Tools,IronForge,IronGrind 9-inch Industrial,SN-IRO-2584831,2025-01-25,647.8,TechMegaStore Downtown,INV-2026-67216,2025-01-25,2027-01-15,24,603,117,0,2025-01-18,Trigger switch failure,Discrepancy detected: Claimed fault occurrence date predates registered purchase date.,Date Inconsistency,1,1,1,1,0,0,1,0,0,1,Manual Review
CLM-01317,PRD-01317,Consumer Electronics,NovaSound,ApexBook Pro 16,SN-NOV-4859085,2025-07-19,603.18,TechMegaStore Downtown,INV-2024-18261,2025-07-19,2027-07-09,24,428,292,0,2026-09-17,Screen flickering,Diagnostic report inconclusive regarding whether component failure was thermal surge or defect.,Ambiguous Diagnostic,1,1,1,1,1,0,1,1,0,0,Manual Review
CLM-00339,PRD-00339,Industrial & Automotive Tools,TorqueMaster,TorqueGrinder 1500W,SN-TOR-5412076,2024-10-26,240.09,Official Brand Store,INV-2024-77713,2024-10-26,2027-10-11,36,694,386,0,2026-08-26,Trigger switch failure,Reported genuine hardware failure: Trigger switch failure under regular domestic usage.,Hardware Defect,1,1,1,1,0,0,1,0,0,0,Valid Claim
CLM-00793,PRD-00793,Industrial & Automotive Tools,TitanPower,TorqueMaster Brushless 18V,SN-TIT-7983351,2025-11-07,836.87,Prime Retail Express,INV-2024-82276,2025-11-07,2028-10-22,36,317,763,0,2026-09-17,Abnormal overload beyond specified torque limits,Physical inspection reveals clear Abnormal overload beyond specified torque limits violating warranty coverage terms.,Customer Induced Damage,1,1,1,1,0,0,1,0,0,0,Invalid Claim
CLM-00866,PRD-00866,Home Appliances,KitchenPro,AeroBreeze DualCool 2.0T,SN-KIT-8544263,2025-02-07,1626.2,Official Brand Store,INV-2024-14814,2025-02-07,2028-01-23,36,590,490,0,2026-08-31,Pest infestation inside chassis,Physical inspection reveals clear Pest infestation inside chassis violating warranty coverage terms.,Customer Induced Damage,1,1,1,1,0,0,1,0,0,0,Invalid Claim
CLM-00764,PRD-00764,Consumer Electronics,NovaSound,ApexFit Chrono 3,SN-NOV-2497768,2025-02-28,644.84,Industrial Supply Direct,INV-2026-24146,2025-02-28,2027-02-18,24,569,151,0,2026-09-16,Battery failure to charge,Device submitted does not match registered unit. Serial on invoice differs from backplate.,Serial Mismatch,1,0,1,1,0,1,0,0,0,0,Invalid Claim
CLM-00483,PRD-00483,Consumer Electronics,VividDisplay,NovaPhone 12 Lite,SN-VIV-1451304,2026-02-26,1958.95,Official Brand Store,INV-2025-59882,2026-02-26,2027-02-21,12,206,154,0,2026-09-07,Speaker malfunction,Reported genuine hardware failure: Speaker malfunction under regular domestic usage.,Hardware Defect,1,1,1,1,0,0,1,1,0,0,Valid Claim
CLM-01427,PRD-01427,Consumer Electronics,NovaSound,ApexBook Air 14,SN-NOV-6344163,2025-01-26,333.42,Electronics Hub Metro,INV-2026-58052,2025-01-26,2027-01-16,24,602,118,1,2026-09-14,Speaker malfunction,Claim submitted without primary proof of purchase receipt. Customer submitted affidavit instead.,Incomplete Documentation,0,1,1,0,0,2,1,0,0,0,Manual Review
CLM-00472,PRD-00472,Industrial & Automotive Tools,MegaWrench,TitanDrill 20V HD,SN-MEG-1234617,2024-08-09,757.16,Official Brand Store,INV-2024-46943,2024-08-09,2027-07-25,36,772,308,1,2026-09-15,Hydraulic pressure seal failure,Reported genuine hardware failure: Hydraulic pressure seal failure under regular domestic usage.,Hardware Defect,1,1,1,1,0,0,1,1,0,0,Valid Claim
CLM-00720,PRD-00720,Home Appliances,CleanCycle,ThermaWash Eco,SN-CLE-6950750,2024-04-15,1759.16,Prime Retail Express,INV-2025-11301,2024-04-15,2026-04-05,24,888,0,0,2026-09-11,Thermostat failure,Failure: Thermostat failure. Note: product warranty expired 168 days ago.,Hardware Wear,1,1,1,1,0,0,1,2,0,0,Invalid Claim
CLM-01320,PRD-01320,Industrial & Automotive Tools,TitanPower,MegaWash Pro 2500PSI,SN-TIT-1061235,2024-04-27,377.34,TechMegaStore Downtown,INV-2025-62989,2024-04-27,2027-04-12,36,876,204,1,2024-04-14,Gearbox seizure,Discrepancy detected: Claimed fault occurrence date predates registered purchase date.,Date Inconsistency,1,1,1,1,0,0,1,0,0,1,Manual Review
CLM-00525,PRD-00525,Home Appliances,FrostGuard,KitchenPro Grill 25L,SN-FRO-8541631,2023-06-23,1235.36,Electronics Hub Metro,INV-2025-84636,2023-06-23,2026-06-07,36,1185,0,0,2026-09-15,Compressor failure,Failure: Compressor failure. Note: product warranty expired 105 days ago.,Hardware Wear,1,1,1,1,0,0,1,2,0,0,Invalid Claim
CLM-00500,PRD-00500,Home Appliances,AeroBreeze,FrostGuard 450L Smart,SN-AER-5187652,2025-05-16,1125.19,Official Brand Store,INV-2024-87858,2025-05-16,2028-04-30,36,492,588,0,2026-09-03,Water pump leakage,Reported genuine hardware failure: Water pump leakage under regular domestic usage.,Hardware Defect,1,1,1,1,1,0,1,0,0,0,Valid Claim
CLM-01008,PRD-01008,Consumer Electronics,QuantumCompute,NovaPhone 12 Lite,SN-QUA-7364768,2024-02-08,1295.82,TechMegaStore Downtown,INV-2026-57498,2024-02-08,2027-01-23,36,955,125,1,2026-09-18,Speaker malfunction,Diagnostic report inconclusive regarding whether component failure was thermal surge or defect.,Ambiguous Diagnostic,1,1,1,1,1,0,1,2,0,0,Manual Review
CLM-00036,PRD-00036,Consumer Electronics,NovaSound,NovaPhone 12 Pro,SN-NOV-7426265,2025-09-17,1795.08,Official Brand Store,INV-2024-18418,2025-09-17,2027-09-07,24,368,352,0,2026-09-01,Speaker malfunction,Reported genuine hardware failure: Speaker malfunction under regular domestic usage.,Hardware Defect,1,1,1,1,0,0,1,0,0,0,Valid Claim
CLM-00676,PRD-00676,Industrial & Automotive Tools,TorqueMaster,TorqueMaster Brushless 18V,SN-TOR-5232271,2024-09-07,1239.58,National Appliance Depot,INV-2025-49892,2024-09-07,2026-08-28,24,743,0,0,2026-09-11,Gearbox seizure,Failure: Gearbox seizure. Note: product warranty expired 23 days ago.,Hardware Wear,1,1,1,1,0,0,1,1,0,0,Invalid Claim
CLM-00222,PRD-00222,Consumer Electronics,QuantumCompute,QuantumPixel 8,SN-QUA-7626978,2026-05-04,1340.09,Industrial Supply Direct,INV-2026-65923,2026-05-04,2027-04-29,12,139,221,0,2026-09-13,Battery failure to charge,Reported genuine hardware failure: Battery failure to charge under regular domestic usage.,Hardware Defect,1,1,1,1,1,0,1,0,0,0,Valid Claim
CLM-00331,PRD-00331,Home Appliances,KitchenPro,FrostGuard Side-by-Side 600L,SN-KIT-5807067,2024-11-13,1041.0,Electronics Hub Metro,INV-2024-93962,2024-11-13,2027-10-29,36,676,404,0,2026-08-30,Electronic PCB failure,Reported genuine hardware failure: Electronic PCB failure under regular domestic usage.,Hardware Defect,1,1,1,1,0,0,1,0,0,0,Valid Claim
CLM-01327,PRD-01327,Consumer Electronics,ApexTech,VividTab 11 Max,SN-APE-8734053,2025-10-18,1029.78,Prime Retail Express,INV-2025-25437,2025-10-18,2027-10-08,24,337,383,0,2026-09-07,Screen flickering,Diagnostic report inconclusive regarding whether component failure was thermal surge or defect.,Ambiguous Diagnostic,1,1,1,1,1,0,1,1,0,0,Manual Review
CLM-00870,PRD-00870,Home Appliances,CleanCycle,CleanCycle FrontLoad 8kg,SN-CLE-8657887,2025-11-26,1248.72,Official Brand Store,INV-2025-62341,2025-11-26,2028-11-10,36,298,782,0,2026-09-07,Third-party modifications,Physical inspection reveals clear Third-party modifications violating warranty coverage terms.,Customer Induced Damage,1,1,1,1,0,0,1,0,0,0,Invalid Claim
CLM-01173,PRD-01173,Home Appliances,FrostGuard,CleanCycle FrontLoad 8kg,SN-FRO-3373992,2025-10-11,1413.63,Prime Retail Express,INV-2026-48686,2025-10-11,2027-10-01,24,344,376,0,2026-09-16,Compressor failure,Diagnostic report inconclusive regarding whether component failure was thermal surge or defect.,Ambiguous Diagnostic,1,1,1,1,1,0,1,1,0,0,Manual Review
CLM-00607,PRD-00607,Consumer Electronics,ApexTech,ApexBook Air 14,SN-APE-1244275,2026-06-23,974.37,Electronics Hub Metro,INV-2026-97680,2026-06-23,2027-06-18,12,89,271,0,2026-09-13,Rooted firmware malfunction,Physical inspection reveals clear Rooted firmware malfunction violating warranty coverage terms.,Customer Induced Damage,1,1,1,1,0,0,1,0,0,0,Invalid Claim
CLM-01234,PRD-01234,Industrial & Automotive Tools,MegaWrench,MegaWash Pro 2500PSI,SN-MEG-3162530,2023-10-04,499.22,Prime Retail Express,INV-2024-20876,2023-10-04,2026-09-18,36,1082,0,0,2026-09-19,Armature burning,Fault occurred near warranty expiration boundary. Customer requests grace period evaluation.,Borderline Lifecycle,1,1,1,1,0,0,1,1,0,0,Manual Review
CLM-00978,PRD-00978,Consumer Electronics,PixelCraft,NovaPhone 12 Pro,SN-PIX-1211031,2024-07-28,209.72,Industrial Supply Direct,INV-2025-13624,2024-07-28,2026-07-18,24,784,0,0,2026-09-09,Bluetooth/Wi-Fi failure,Failure: Bluetooth/Wi-Fi failure. Note: product warranty expired 64 days ago.,Hardware Wear,1,1,1,1,0,0,1,2,0,0,Invalid Claim
CLM-00082,PRD-00082,Home Appliances,FrostGuard,ThermaWash Eco,SN-FRO-9748499,2025-06-11,781.61,Official Brand Store,INV-2024-17972,2025-06-11,2028-05-26,36,466,614,0,2026-08-28,Compressor failure,Reported genuine hardware failure: Compressor failure under regular domestic usage.,Hardware Defect,1,1,1,1,0,0,1,0,0,0,Valid Claim
CLM-01184,PRD-01184,Home Appliances,KitchenPro,FrostGuard 450L Smart,SN-KIT-5812312,2024-04-05,473.17,National Appliance Depot,INV-2024-40323,2024-04-05,2027-03-21,36,898,182,0,2024-03-31,Electronic PCB failure,Discrepancy detected: Claimed fault occurrence date predates registered purchase date.,Date Inconsistency,1,1,1,1,0,0,1,0,0,1,Manual Review
CLM-00220,PRD-00220,Consumer Electronics,QuantumCompute,ApexBook Air 14,SN-QUA-5191831,2026-01-06,416.87,TechMegaStore Downtown,INV-2024-25919,2026-01-06,2027-12-27,24,257,463,1,2026-09-14,Motherboard failure,Reported genuine hardware failure: Motherboard failure under regular domestic usage.,Hardware Defect,1,1,1,1,0,0,1,0,0,0,Valid Claim
CLM-01123,PRD-01123,Consumer Electronics,VividDisplay,NovaPad Pro 10,SN-VIV-1071890,2025-09-21,1419.71,TechMegaStore Downtown,INV-2024-68884,2025-09-21,2026-09-16,12,364,0,0,2026-09-19,Screen flickering,Fault occurred near warranty expiration boundary. Customer requests grace period evaluation.,Borderline Lifecycle,1,1,1,1,0,0,1,1,0,0,Manual Review
CLM-00202,PRD-00202,Home Appliances,AeroBreeze,ThermaAir Silent,SN-AER-3539636,2024-02-15,1770.83,Prime Retail Express,INV-2026-67984,2024-02-15,2027-01-30,36,948,132,1,2026-09-15,Motor burnout,Reported genuine hardware failure: Motor burnout under regular domestic usage.,Hardware Defect,1,1,1,1,0,0,1,1,0,0,Valid Claim
CLM-00771,PRD-00771,Home Appliances,KitchenPro,FrostGuard Side-by-Side 600L,SN-KIT-8736886,2025-10-05,1172.33,Industrial Supply Direct,INV-2025-22588,2025-10-05,2027-09-25,24,350,370,0,2026-09-10,Water pump leakage,Device submitted does not match registered unit. Serial on invoice differs from backplate.,Serial Mismatch,1,0,1,1,0,1,0,0,0,0,Invalid Claim
CLM-01261,PRD-01261,Home Appliances,AeroBreeze,CleanCycle QuickWash 7kg,SN-AER-9302324,2024-09-26,743.69,Electronics Hub Metro,INV-2026-91189,2024-09-26,2026-09-16,24,724,0,0,2026-09-16,Electronic PCB failure,Fault occurred near warranty expiration boundary. Customer requests grace period evaluation.,Borderline Lifecycle,1,1,1,1,0,0,1,1,0,0,Manual Review
CLM-00846,PRD-00846,Home Appliances,KitchenPro,KitchenPro Convection 30L,SN-KIT-9173748,2026-03-24,522.78,Prime Retail Express,INV-2025-62350,2026-03-24,2028-03-13,24,180,540,0,2026-09-11,Thermostat failure,Unit previously opened and tampered with at non-authorized workshop (Joe's Unofficial Fix Shop).,Tampering,1,1,1,1,1,0,1,3,1,0,Invalid Claim
CLM-00631,PRD-00631,Home Appliances,FrostGuard,KitchenPro Convection 30L,SN-FRO-3061828,2024-11-26,1689.41,National Appliance Depot,INV-2026-42576,2024-11-26,2027-11-11,36,663,417,0,2026-09-11,Electronic PCB failure,Device submitted does not match registered unit. Serial on invoice differs from backplate.,Serial Mismatch,1,0,1,1,0,1,0,0,0,0,Invalid Claim
CLM-00261,PRD-00261,Consumer Electronics,PixelCraft,QuantumBook Ultra 15,SN-PIX-3835093,2025-02-20,482.27,Official Brand Store,INV-2026-14897,2025-02-20,2027-02-10,24,577,143,0,2026-08-30,Screen flickering,Reported genuine hardware failure: Screen flickering under regular domestic usage.,Hardware Defect,1,1,1,1,0,0,1,0,0,0,Valid Claim
CLM-00488,PRD-00488,Home Appliances,ThermaPure,ThermaCold 320L,SN-THE-9466446,2024-04-25,1585.6,Industrial Supply Direct,INV-2026-80772,2024-04-25,2028-04-04,48,878,562,1,2026-09-06,Thermostat failure,Reported genuine hardware failure: Thermostat failure under regular domestic usage.,Hardware Defect,1,1,1,1,0,0,1,0,0,0,Valid Claim
CLM-00673,PRD-00673,Consumer Electronics,ApexTech,NovaPhone 12 Lite,SN-APE-5594635,2025-08-23,2476.92,Electronics Hub Metro,INV-2025-12314,2025-08-23,2026-08-18,12,393,0,0,2026-09-03,Speaker malfunction,Failure: Speaker malfunction. Note: product warranty expired 33 days ago.,Hardware Wear,1,1,1,1,0,0,1,2,0,0,Invalid Claim
CLM-00406,PRD-00406,Home Appliances,FrostGuard,KitchenPro Grill 25L,SN-FRO-1136218,2024-07-26,1277.39,Prime Retail Express,INV-2025-26718,2024-07-26,2028-07-05,48,786,654,1,2026-09-01,Compressor failure,Reported genuine hardware failure: Compressor failure under regular domestic usage.,Hardware Defect,1,1,1,1,1,0,1,1,0,0,Valid Claim
CLM-00712,PRD-00712,Home Appliances,ThermaPure,AeroBreeze DualCool 2.0T,SN-THE-8416290,2023-06-15,1339.47,Electronics Hub Metro,INV-2024-84545,2023-06-15,2026-05-30,36,1193,0,0,2026-09-06,Drum spin malfunction,Failure: Drum spin malfunction. Note: product warranty expired 113 days ago.,Hardware Wear,1,1,1,1,0,0,1,1,0,0,Invalid Claim
CLM-00128,PRD-00128,Consumer Electronics,VividDisplay,NovaWatch Ultra,SN-VIV-8542969,2025-12-10,769.21,TechMegaStore Downtown,INV-2024-48038,2025-12-10,2027-11-30,24,284,436,0,2026-09-13,Battery failure to charge,Reported genuine hardware failure: Battery failure to charge under regular domestic usage.,Hardware Defect,1,1,1,1,0,0,1,1,0,0,Valid Claim
CLM-00328,PRD-00328,Consumer Electronics,NovaSound,QuantumPixel 8,SN-NOV-8935405,2025-12-15,2052.04,Electronics Hub Metro,INV-2025-75483,2025-12-15,2026-12-10,12,279,81,0,2026-09-09,Battery failure to charge,Reported genuine hardware failure: Battery failure to charge under regular domestic usage.,Hardware Defect,1,1,1,1,0,0,1,1,0,0,Valid Claim
CLM-00288,PRD-00288,Consumer Electronics,VividDisplay,QuantumBook Ultra 15,SN-VIV-7398370,2024-01-31,2305.64,TechMegaStore Downtown,INV-2025-43631,2024-01-31,2027-01-15,36,963,117,1,2026-09-02,Battery failure to charge,Reported genuine hardware failure: Battery failure to charge under regular domestic usage.,Hardware Defect,1,1,1,1,0,0,1,1,0,0,Valid Claim
CLM-00195,PRD-00195,Consumer Electronics,VividDisplay,QuantumPixel 8,SN-VIV-5153279,2026-01-21,1950.39,Official Brand Store,INV-2025-74154,2026-01-21,2027-01-16,12,242,118,0,2026-09-06,Speaker malfunction,Reported genuine hardware failure: Speaker malfunction under regular domestic usage.,Hardware Defect,1,1,1,1,1,0,1,0,0,0,Valid Claim
CLM-00226,PRD-00226,Consumer Electronics,QuantumCompute,QuantumPixel 8,SN-QUA-6952633,2024-12-24,2349.97,Electronics Hub Metro,INV-2024-41005,2024-12-24,2026-12-14,24,635,85,0,2026-09-18,Bluetooth/Wi-Fi failure,Reported genuine hardware failure: Bluetooth/Wi-Fi failure under regular domestic usage.,Hardware Defect,1,1,1,1,0,0,1,1,0,0,Valid Claim
CLM-00518,PRD-00518,Consumer Electronics,QuantumCompute,NovaPad Pro 10,SN-QUA-2328472,2026-03-17,2285.58,Industrial Supply Direct,INV-2025-29478,2026-03-17,2027-03-12,12,187,173,0,2026-09-09,Speaker malfunction,Unit previously opened and tampered with at non-authorized workshop (Joe's Unofficial Fix Shop).,Tampering,1,1,1,1,1,0,1,3,1,0,Invalid Claim
CLM-01118,PRD-01118,Home Appliances,CleanCycle,KitchenPro Grill 25L,SN-CLE-3229746,2022-10-09,1604.25,Official Brand Store,INV-2026-65358,2022-10-09,2026-09-18,48,1442,0,1,2026-09-17,Drum spin malfunction,Fault occurred near warranty expiration boundary. Customer requests grace period evaluation.,Borderline Lifecycle,1,1,1,1,0,0,1,1,0,0,Manual Review
CLM-00609,PRD-00609,Consumer Electronics,ApexTech,NovaPhone 12 Pro,SN-APE-6982358,2024-06-03,942.75,TechMegaStore Downtown,INV-2025-95720,2024-06-03,2026-05-24,24,839,0,0,2026-09-09,Speaker malfunction,Failure: Speaker malfunction. Note: product warranty expired 119 days ago.,Hardware Wear,1,1,1,1,0,0,1,0,0,0,Invalid Claim
CLM-00831,PRD-00831,Consumer Electronics,QuantumCompute,NovaPad Pro 10,SN-QUA-6459256,2026-03-28,768.01,Industrial Supply Direct,INV-2024-33094,2026-03-28,2028-03-17,24,176,544,0,2026-09-12,Bluetooth/Wi-Fi failure,Unit previously opened and tampered with at non-authorized workshop (Corner Hardware & Mobile Repairs).,Tampering,1,1,1,1,1,0,1,3,1,0,Invalid Claim
CLM-00001,PRD-00001,Industrial & Automotive Tools,IronForge,TitanDrill 20V HD,SN-IRO-5108603,2026-07-20,405.69,Official Brand Store,INV-2024-98696,2026-07-20,2028-07-09,24,62,658,0,2026-09-18,Armature burning,Reported genuine hardware failure: Armature burning under regular domestic usage.,Hardware Defect,1,1,1,1,1,0,1,1,0,0,Valid Claim
CLM-00418,PRD-00418,Consumer Electronics,QuantumCompute,NovaPad Pro 10,SN-QUA-6296376,2024-12-04,2411.05,Official Brand Store,INV-2024-22761,2024-12-04,2026-11-24,24,655,65,0,2026-08-29,Battery failure to charge,Reported genuine hardware failure: Battery failure to charge under regular domestic usage.,Hardware Defect,1,1,1,1,0,0,1,0,0,0,Valid Claim
CLM-01185,PRD-01185,Consumer Electronics,NovaSound,NovaWatch Ultra,SN-NOV-3645399,2025-05-16,2364.68,Prime Retail Express,INV-2026-76303,2025-05-16,2027-05-06,24,492,228,1,2026-09-14,Battery failure to charge,Claim submitted without primary proof of purchase receipt. Customer submitted affidavit instead.,Incomplete Documentation,0,1,1,0,0,2,1,0,0,0,Manual Review
CLM-00159,PRD-00159,Consumer Electronics,PixelCraft,NovaPad Pro 10,SN-PIX-1663497,2026-05-07,2208.33,Electronics Hub Metro,INV-2026-98008,2026-05-07,2027-05-02,12,136,224,0,2026-09-08,Battery failure to charge,Reported genuine hardware failure: Battery failure to charge under regular domestic usage.,Hardware Defect,1,1,1,1,0,0,1,0,0,0,Valid Claim
CLM-00120,PRD-00120,Home Appliances,ThermaPure,ThermaCold 320L,SN-THE-6828829,2023-01-23,1434.26,Prime Retail Express,INV-2026-48058,2023-01-23,2027-01-02,48,1336,104,1,2026-09-13,Thermostat failure,Reported genuine hardware failure: Thermostat failure under regular domestic usage.,Hardware Defect,1,1,1,1,0,0,1,0,0,0,Valid Claim
CLM-01413,PRD-01413,Consumer Electronics,PixelCraft,QuantumBook Ultra 15,SN-PIX-7007810,2023-10-03,514.91,Official Brand Store,INV-2025-39194,2023-10-03,2026-09-17,36,1083,0,1,2026-09-16,Bluetooth/Wi-Fi failure,Fault occurred near warranty expiration boundary. Customer requests grace period evaluation.,Borderline Lifecycle,1,1,1,1,0,0,1,1,0,0,Manual Review
CLM-00729,PRD-00729,Home Appliances,KitchenPro,AeroBreeze Inverter 1.5T,SN-KIT-8214533,2023-04-22,685.93,Industrial Supply Direct,INV-2024-90775,2023-04-22,2026-04-06,36,1247,0,0,2026-09-02,Motor burnout,Failure: Motor burnout. Note: product warranty expired 167 days ago.,Hardware Wear,1,1,1,1,0,0,1,2,0,0,Invalid Claim
CLM-00795,PRD-00795,Industrial & Automotive Tools,ApexIndustrial,IronForge Impact 24V,SN-APE-1874771,2025-02-05,594.19,Industrial Supply Direct,INV-2026-26415,2025-02-05,2028-01-21,36,592,488,0,2026-09-16,Armature burning,Device submitted does not match registered unit. Serial on invoice differs from backplate.,Serial Mismatch,1,0,1,1,0,1,0,0,0,0,Invalid Claim
CLM-00892,PRD-00892,Industrial & Automotive Tools,ApexIndustrial,IronForge Impact 24V,SN-APE-6793159,2024-06-14,244.56,Official Brand Store,INV-2026-58390,2024-06-14,2027-05-30,36,828,252,0,2026-09-12,Chuck bearing breakdown,Unit previously opened and tampered with at non-authorized workshop (Corner Hardware & Mobile Repairs).,Tampering,1,1,1,1,1,0,1,1,1,0,Invalid Claim
CLM-00149,PRD-00149,Consumer Electronics,PixelCraft,NovaPhone 12 Lite,SN-PIX-8412854,2024-02-13,466.35,Electronics Hub Metro,INV-2026-86434,2024-02-13,2027-01-28,36,950,130,1,2026-09-02,Speaker malfunction,Reported genuine hardware failure: Speaker malfunction under regular domestic usage.,Hardware Defect,1,1,1,1,0,0,1,0,0,0,Valid Claim
CLM-01434,PRD-01434,Home Appliances,FrostGuard,AeroBreeze DualCool 2.0T,SN-FRO-4068162,2025-04-28,1780.05,TechMegaStore Downtown,INV-2025-57154,2025-04-28,2027-04-18,24,510,210,0,2026-09-16,Thermostat failure,Claim submitted without primary proof of purchase receipt. Customer submitted affidavit instead.,Incomplete Documentation,0,1,1,0,0,2,1,0,0,0,Manual Review
CLM-00757,PRD-00757,Consumer Electronics,PixelCraft,ApexBook Pro 16,SN-PIX-5465729,2026-02-02,748.16,Prime Retail Express,INV-2024-46105,2026-02-02,2027-01-28,12,230,130,0,2026-09-12,Screen flickering,Device submitted does not match registered unit. Serial on invoice differs from backplate.,Serial Mismatch,1,0,1,1,0,1,0,0,0,0,Invalid Claim
CLM-01027,PRD-01027,Industrial & Automotive Tools,MegaWrench,TitanPressure 3000PSI Commercial,SN-MEG-3044259,2023-06-11,837.98,Prime Retail Express,INV-2025-54708,2023-06-11,2027-05-21,48,1197,243,1,2023-05-22,Armature burning,Discrepancy detected: Claimed fault occurrence date predates registered purchase date.,Date Inconsistency,1,1,1,1,0,0,1,0,0,1,Manual Review
CLM-01461,PRD-01461,Consumer Electronics,PixelCraft,NovaWatch Ultra,SN-PIX-9000563,2025-07-13,947.34,Official Brand Store,INV-2026-12593,2025-07-13,2027-07-03,24,434,286,0,2026-09-17,Bluetooth/Wi-Fi failure,Diagnostic report inconclusive regarding whether component failure was thermal surge or defect.,Ambiguous Diagnostic,1,1,1,1,1,0,1,1,0,0,Manual Review
CLM-00037,PRD-00037,Home Appliances,KitchenPro,KitchenPro Convection 30L,SN-KIT-7381734,2023-11-26,1062.17,National Appliance Depot,INV-2025-61116,2023-11-26,2027-11-05,48,1029,411,1,2026-09-11,Thermostat failure,Reported genuine hardware failure: Thermostat failure under regular domestic usage.,Hardware Defect,1,1,1,1,0,0,1,0,0,0,Valid Claim
CLM-00189,PRD-00189,Industrial & Automotive Tools,TitanPower,TorqueMaster Brushless 18V,SN-TIT-9130388,2024-09-19,306.01,Industrial Supply Direct,INV-2026-76248,2024-09-19,2027-09-04,36,731,349,0,2026-09-03,Chuck bearing breakdown,Reported genuine hardware failure: Chuck bearing breakdown under regular domestic usage.,Hardware Defect,1,1,1,1,0,0,1,0,0,0,Valid Claim
CLM-00506,PRD-00506,Consumer Electronics,VividDisplay,ApexBook Pro 16,SN-VIV-4939985,2025-07-03,1282.14,National Appliance Depot,INV-2026-97921,2025-07-03,2026-06-28,12,444,0,0,2026-09-03,Battery failure to charge,Failure: Battery failure to charge. Note: product warranty expired 84 days ago.,Hardware Wear,1,1,1,1,0,0,1,1,0,0,Invalid Claim
CLM-01055,PRD-01055,Industrial & Automotive Tools,TitanPower,IronForge Impact 24V,SN-TIT-5273444,2023-10-03,1223.68,Official Brand Store,INV-2024-39724,2023-10-03,2026-09-17,36,1083,0,0,2026-09-17,Trigger switch failure,Fault occurred near warranty expiration boundary. Customer requests grace period evaluation.,Borderline Lifecycle,1,1,1,1,0,0,1,1,0,0,Manual Review
CLM-01315,PRD-01315,Consumer Electronics,PixelCraft,QuantumBook Ultra 15,SN-PIX-7397798,2026-02-26,1833.09,Electronics Hub Metro,INV-2025-27327,2026-02-26,2028-02-16,24,206,514,1,2026-09-10,Motherboard failure,Diagnostic report inconclusive regarding whether component failure was thermal surge or defect.,Ambiguous Diagnostic,1,1,1,1,1,0,1,1,0,0,Manual Review
CLM-01258,PRD-01258,Consumer Electronics,NovaSound,QuantumBook Ultra 15,SN-NOV-7152661,2025-01-16,2486.5,National Appliance Depot,INV-2026-59872,2025-01-16,2027-01-06,24,612,108,1,2026-09-13,Motherboard failure,Claim submitted without primary proof of purchase receipt. Customer submitted affidavit instead.,Incomplete Documentation,0,1,1,0,0,2,1,0,0,0,Manual Review
CLM-01154,PRD-01154,Consumer Electronics,PixelCraft,ApexBook Air 14,SN-PIX-5046832,2026-01-02,300.59,Official Brand Store,INV-2025-80919,2026-01-02,2027-12-23,24,261,459,1,2026-09-06,Speaker malfunction,Diagnostic report inconclusive regarding whether component failure was thermal surge or defect.,Ambiguous Diagnostic,1,1,1,1,1,0,1,2,0,0,Manual Review
CLM-01252,PRD-01252,Home Appliances,KitchenPro,ThermaAir Silent,SN-KIT-4235507,2023-10-04,389.7,Electronics Hub Metro,INV-2024-85569,2023-10-04,2026-09-18,36,1082,0,0,2026-09-16,Compressor failure,Fault occurred near warranty expiration boundary. Customer requests grace period evaluation.,Borderline Lifecycle,1,1,1,1,0,0,1,1,0,0,Manual Review
CLM-00039,PRD-00039,Home Appliances,AeroBreeze,CleanCycle QuickWash 7kg,SN-AER-1843636,2024-07-03,715.25,National Appliance Depot,INV-2024-69598,2024-07-03,2027-06-18,36,809,271,0,2026-09-06,Thermostat failure,Reported genuine hardware failure: Thermostat failure under regular domestic usage.,Hardware Defect,1,1,1,1,0,0,1,0,0,0,Valid Claim
CLM-01052,PRD-01052,Industrial & Automotive Tools,IronForge,IronForge TwinPiston 100L,SN-IRO-7828354,2024-05-10,349.06,Industrial Supply Direct,INV-2025-71274,2024-05-10,2027-04-25,36,863,217,0,2026-09-11,Trigger switch failure,Claim submitted without primary proof of purchase receipt. Customer submitted affidavit instead.,Incomplete Documentation,0,1,1,0,0,2,1,0,0,0,Manual Review
CLM-00911,PRD-00911,Industrial & Automotive Tools,TorqueMaster,TitanAir 50L Heavy Duty,SN-TOR-8651518,2023-07-30,353.05,Prime Retail Express,INV-2025-82348,2023-07-30,2026-07-14,36,1148,0,0,2026-09-13,Hydraulic pressure seal failure,Failure: Hydraulic pressure seal failure. Note: product warranty expired 68 days ago.,Hardware Wear,1,1,1,1,0,0,1,2,0,0,Invalid Claim
CLM-00700,PRD-00700,Consumer Electronics,PixelCraft,ApexBook Air 14,SN-PIX-3653705,2025-09-02,268.43,National Appliance Depot,INV-2024-20353,2025-09-02,2026-08-28,12,383,0,0,2026-09-02,Motherboard failure,Failure: Motherboard failure. Note: product warranty expired 23 days ago.,Hardware Wear,1,1,1,1,0,0,1,0,0,0,Invalid Claim
CLM-00006,PRD-00006,Consumer Electronics,QuantumCompute,ApexBook Air 14,SN-QUA-5491946,2026-01-31,351.23,Prime Retail Express,INV-2026-51245,2026-01-31,2027-01-26,12,232,128,0,2026-08-29,Speaker malfunction,Reported genuine hardware failure: Speaker malfunction under regular domestic usage.,Hardware Defect,1,1,1,1,1,0,1,0,0,0,Valid Claim
CLM-00910,PRD-00910,Industrial & Automotive Tools,MegaWrench,TorqueMaster Brushless 18V,SN-MEG-2127390,2024-05-19,461.19,Prime Retail Express,INV-2026-80481,2024-05-19,2026-05-09,24,854,0,0,2026-09-08,Hydraulic pressure seal failure,Failure: Hydraulic pressure seal failure. Note: product warranty expired 134 days ago.,Hardware Wear,1,1,1,1,0,0,1,1,0,0,Invalid Claim
CLM-00113,PRD-00113,Consumer Electronics,ApexTech,VividTab 11 Max,SN-APE-4346548,2025-12-05,2236.32,National Appliance Depot,INV-2025-77552,2025-12-05,2027-11-25,24,289,431,0,2026-09-17,Bluetooth/Wi-Fi failure,Reported genuine hardware failure: Bluetooth/Wi-Fi failure under regular domestic usage.,Hardware Defect,1,1,1,1,1,0,1,0,0,0,Valid Claim
CLM-00670,PRD-00670,Consumer Electronics,NovaSound,ApexBook Pro 16,SN-NOV-3609561,2025-12-15,990.48,TechMegaStore Downtown,INV-2026-40999,2025-12-15,2026-12-10,12,279,81,0,2026-09-08,Bluetooth/Wi-Fi failure,Unit previously opened and tampered with at non-authorized workshop (Local QuickFix Electronics).,Tampering,1,1,1,1,1,0,1,2,1,0,Invalid Claim
CLM-00258,PRD-00258,Home Appliances,CleanCycle,KitchenPro Grill 25L,SN-CLE-1078335,2025-02-24,359.36,Electronics Hub Metro,INV-2026-58903,2025-02-24,2027-02-14,24,573,147,0,2026-09-12,Compressor failure,Reported genuine hardware failure: Compressor failure under regular domestic usage.,Hardware Defect,1,1,1,1,0,0,1,1,0,0,Valid Claim
CLM-00590,PRD-00590,Industrial & Automotive Tools,TitanPower,IronForge TwinPiston 100L,SN-TIT-6024342,2025-03-15,473.12,National Appliance Depot,INV-2025-63183,2025-03-15,2027-03-05,24,554,166,0,2026-09-16,Chuck bearing breakdown,Device submitted does not match registered unit. Serial on invoice differs from backplate.,Serial Mismatch,1,0,1,1,0,1,0,0,0,0,Invalid Claim
CLM-01431,PRD-01431,Consumer Electronics,VividDisplay,NovaPhone 12 Lite,SN-VIV-4533439,2025-12-24,327.92,Electronics Hub Metro,INV-2024-86247,2025-12-24,2027-12-14,24,270,450,0,2026-09-18,Motherboard failure,Claim submitted without primary proof of purchase receipt. Customer submitted affidavit instead.,Incomplete Documentation,0,1,1,0,0,2,1,0,0,0,Manual Review
CLM-00665,PRD-00665,Home Appliances,CleanCycle,ThermaCold 320L,SN-CLE-6512184,2025-08-23,776.36,TechMegaStore Downtown,INV-2024-55838,2025-08-23,2027-08-13,24,393,327,0,2026-09-18,Compressor failure,Device submitted does not match registered unit. Serial on invoice differs from backplate.,Serial Mismatch,1,0,1,1,0,1,0,0,0,0,Invalid Claim
CLM-01361,PRD-01361,Consumer Electronics,NovaSound,ApexBook Pro 16,SN-NOV-8238514,2025-02-20,1809.98,Electronics Hub Metro,INV-2024-94808,2025-02-20,2027-02-10,24,577,143,1,2025-02-12,Unresponsive touch panel,Discrepancy detected: Claimed fault occurrence date predates registered purchase date.,Date Inconsistency,1,1,1,1,0,0,1,0,0,1,Manual Review
CLM-00577,PRD-00577,Industrial & Automotive Tools,MegaWrench,TitanPressure 3000PSI Commercial,SN-MEG-6026983,2026-01-09,630.5,Electronics Hub Metro,INV-2024-69546,2026-01-09,2027-12-30,24,254,466,0,2026-09-18,Hydraulic pressure seal failure,Device submitted does not match registered unit. Serial on invoice differs from backplate.,Serial Mismatch,1,0,1,1,0,1,0,0,0,0,Invalid Claim
CLM-00984,PRD-00984,Home Appliances,FrostGuard,FrostGuard Side-by-Side 600L,SN-FRO-6394118,2024-05-24,1197.0,Prime Retail Express,INV-2025-50094,2024-05-24,2027-05-09,36,849,231,0,2026-09-07,Water pump leakage,Unit previously opened and tampered with at non-authorized workshop (Local QuickFix Electronics).,Tampering,1,1,1,1,1,0,1,3,1,0,Invalid Claim
CLM-00903,PRD-00903,Consumer Electronics,ApexTech,PixelSlate 12,SN-APE-3834568,2026-05-06,1041.87,Official Brand Store,INV-2025-28605,2026-05-06,2027-05-01,12,137,223,0,2026-09-14,Screen flickering,Device submitted does not match registered unit. Serial on invoice differs from backplate.,Serial Mismatch,1,0,1,1,0,1,0,0,0,0,Invalid Claim
CLM-00109,PRD-00109,Consumer Electronics,VividDisplay,NovaWatch Ultra,SN-VIV-4986941,2026-04-30,891.65,TechMegaStore Downtown,INV-2024-65027,2026-04-30,2029-04-14,36,143,937,1,2026-09-03,Unresponsive touch panel,Reported genuine hardware failure: Unresponsive touch panel under regular domestic usage.,Hardware Defect,1,1,1,1,0,0,1,1,0,0,Valid Claim
CLM-01205,PRD-01205,Consumer Electronics,QuantumCompute,ApexFit Chrono 3,SN-QUA-1800191,2025-09-21,2457.56,Prime Retail Express,INV-2026-88878,2025-09-21,2026-09-16,12,364,0,0,2026-09-17,Screen flickering,Fault occurred near warranty expiration boundary. Customer requests grace period evaluation.,Borderline Lifecycle,1,1,1,1,0,0,1,1,0,0,Manual Review
CLM-01255,PRD-01255,Consumer Electronics,PixelCraft,PixelSlate 12,SN-PIX-8342329,2026-01-13,2343.53,Electronics Hub Metro,INV-2026-38061,2026-01-13,2027-01-08,12,250,110,0,2026-09-12,Battery failure to charge,Claim submitted without primary proof of purchase receipt. Customer submitted affidavit instead.,Incomplete Documentation,0,1,1,0,0,2,1,0,0,0,Manual Review
CLM-00969,PRD-00969,Home Appliances,KitchenPro,CleanCycle QuickWash 7kg,SN-KIT-6990710,2026-05-05,422.26,Official Brand Store,INV-2024-52160,2026-05-05,2028-04-24,24,138,582,0,2026-09-02,Improper electrical supply rating,Physical inspection reveals clear Improper electrical supply rating violating warranty coverage terms.,Customer Induced Damage,1,1,1,1,0,0,1,0,0,0,Invalid Claim
CLM-00407,PRD-00407,Home Appliances,FrostGuard,FrostGuard Side-by-Side 600L,SN-FRO-4946691,2025-07-02,989.74,Prime Retail Express,INV-2025-91948,2025-07-02,2028-06-16,36,445,635,0,2026-09-06,Drum spin malfunction,Reported genuine hardware failure: Drum spin malfunction under regular domestic usage.,Hardware Defect,1,1,1,1,0,0,1,1,0,0,Valid Claim
CLM-01283,PRD-01283,Home Appliances,CleanCycle,CleanCycle FrontLoad 8kg,SN-CLE-5766700,2025-08-14,1377.71,Official Brand Store,INV-2026-83162,2025-08-14,2027-08-04,24,402,318,0,2026-09-17,Drum spin malfunction,Diagnostic report inconclusive regarding whether component failure was thermal surge or defect.,Ambiguous Diagnostic,1,1,1,1,1,0,1,2,0,0,Manual Review
CLM-00314,PRD-00314,Home Appliances,CleanCycle,ThermaAir Silent,SN-CLE-3316405,2026-01-28,1667.0,Official Brand Store,INV-2024-40116,2026-01-28,2030-01-07,48,235,1205,1,2026-09-12,Electronic PCB failure,Reported genuine hardware failure: Electronic PCB failure under regular domestic usage.,Hardware Defect,1,1,1,1,0,0,1,0,0,0,Valid Claim
CLM-01181,PRD-01181,Home Appliances,KitchenPro,FrostGuard Side-by-Side 600L,SN-KIT-7831640,2024-05-03,1545.26,Official Brand Store,INV-2026-11098,2024-05-03,2027-04-18,36,870,210,1,2026-09-18,Compressor failure,Claim submitted without primary proof of purchase receipt. Customer submitted affidavit instead.,Incomplete Documentation,0,1,1,0,0,2,1,0,0,0,Manual Review
CLM-00597,PRD-00597,Home Appliances,AeroBreeze,FrostGuard Side-by-Side 600L,SN-AER-3179901,2024-12-01,1691.72,National Appliance Depot,INV-2025-97135,2024-12-01,2027-11-16,36,658,422,0,2026-08-31,Rust and environmental corrosion,Physical inspection reveals clear Rust and environmental corrosion violating warranty coverage terms.,Customer Induced Damage,1,1,1,1,0,0,1,0,0,0,Invalid Claim
CLM-01076,PRD-01076,Home Appliances,KitchenPro,CleanCycle QuickWash 7kg,SN-KIT-7904482,2026-01-29,744.64,Prime Retail Express,INV-2025-97776,2026-01-29,2029-01-13,36,234,846,1,2026-01-13,Water pump leakage,Discrepancy detected: Claimed fault occurrence date predates registered purchase date.,Date Inconsistency,1,1,1,1,0,0,1,0,0,1,Manual Review
CLM-00927,PRD-00927,Industrial & Automotive Tools,MegaWrench,MegaWash Pro 2500PSI,SN-MEG-8335114,2024-12-11,1294.0,Prime Retail Express,INV-2025-80622,2024-12-11,2027-11-26,36,648,432,0,2026-09-12,Armature burning,Unit previously opened and tampered with at non-authorized workshop (Local QuickFix Electronics).,Tampering,1,1,1,1,1,0,1,3,1,0,Invalid Claim
CLM-01294,PRD-01294,Consumer Electronics,NovaSound,QuantumBook Ultra 15,SN-NOV-4029653,2025-09-22,333.75,Official Brand Store,INV-2025-57358,2025-09-22,2026-09-17,12,363,0,0,2026-09-19,Screen flickering,Fault occurred near warranty expiration boundary. Customer requests grace period evaluation.,Borderline Lifecycle,1,1,1,1,0,0,1,1,0,0,Manual Review
CLM-00599,PRD-00599,Home Appliances,FrostGuard,KitchenPro Convection 30L,SN-FRO-5830358,2025-06-12,1333.08,Industrial Supply Direct,INV-2025-48987,2025-06-12,2028-05-27,36,465,615,0,2026-09-11,Pest infestation inside chassis,Physical inspection reveals clear Pest infestation inside chassis violating warranty coverage terms.,Customer Induced Damage,1,1,1,1,0,0,1,0,0,0,Invalid Claim
CLM-00450,PRD-00450,Home Appliances,AeroBreeze,FrostGuard 450L Smart,SN-AER-5629550,2025-10-25,478.24,Electronics Hub Metro,INV-2025-29726,2025-10-25,2028-10-09,36,330,750,1,2026-09-05,Water pump leakage,Reported genuine hardware failure: Water pump leakage under regular domestic usage.,Hardware Defect,1,1,1,1,0,0,1,0,0,0,Valid Claim
CLM-00075,PRD-00075,Home Appliances,ThermaPure,ThermaAir Silent,SN-THE-7392547,2026-07-27,1614.87,National Appliance Depot,INV-2024-98452,2026-07-27,2028-07-16,24,55,665,0,2026-08-30,Electronic PCB failure,Reported genuine hardware failure: Electronic PCB failure under regular domestic usage.,Hardware Defect,1,1,1,1,0,0,1,1,0,0,Valid Claim
CLM-00985,PRD-00985,Consumer Electronics,VividDisplay,NovaPhone 12 Pro,SN-VIV-3908477,2025-06-20,1673.14,Official Brand Store,INV-2024-80030,2025-06-20,2026-06-15,12,457,0,0,2026-09-03,Motherboard failure,Failure: Motherboard failure. Note: product warranty expired 97 days ago.,Hardware Wear,1,1,1,1,0,0,1,1,0,0,Invalid Claim
CLM-01500,PRD-01500,Consumer Electronics,NovaSound,ApexBook Pro 16,SN-NOV-9936187,2026-06-10,488.0,Prime Retail Express,INV-2025-50288,2026-06-10,2027-06-05,12,102,258,0,2026-05-29,Bluetooth/Wi-Fi failure,Discrepancy detected: Claimed fault occurrence date predates registered purchase date.,Date Inconsistency,1,1,1,1,0,0,1,0,0,1,Manual Review
CLM-00474,PRD-00474,Consumer Electronics,PixelCraft,NovaWatch Ultra,SN-PIX-3280231,2025-09-20,1339.38,National Appliance Depot,INV-2026-47784,2025-09-20,2027-09-10,24,365,355,1,2026-09-03,Screen flickering,Reported genuine hardware failure: Screen flickering under regular domestic usage.,Hardware Defect,1,1,1,1,0,0,1,0,0,0,Valid Claim
CLM-00869,PRD-00869,Industrial & Automotive Tools,IronForge,IronForge Impact 24V,SN-IRO-1132511,2025-08-10,331.56,Industrial Supply Direct,INV-2025-54128,2025-08-10,2027-07-31,24,406,314,0,2026-09-09,"Normal consumable wear (brushes, chuck teeth)","Physical inspection reveals clear Normal consumable wear (brushes, chuck teeth) violating warranty coverage terms.",Customer Induced Damage,1,1,1,1,0,0,1,0,0,0,Invalid Claim
CLM-01468,PRD-01468,Home Appliances,AeroBreeze,ThermaCold 320L,SN-AER-9456863,2025-02-26,1654.17,TechMegaStore Downtown,INV-2025-70560,2025-02-26,2027-02-16,24,571,149,0,2026-09-08,Thermostat failure,Diagnostic report inconclusive regarding whether component failure was thermal surge or defect.,Ambiguous Diagnostic,1,1,1,1,1,0,1,1,0,0,Manual Review
CLM-00481,PRD-00481,Consumer Electronics,NovaSound,PixelSlate 12,SN-NOV-9245659,2025-01-16,1189.57,National Appliance Depot,INV-2026-60997,2025-01-16,2028-01-01,36,612,468,1,2026-08-28,Speaker malfunction,Reported genuine hardware failure: Speaker malfunction under regular domestic usage.,Hardware Defect,1,1,1,1,0,0,1,1,0,0,Valid Claim
CLM-00893,PRD-00893,Consumer Electronics,VividDisplay,QuantumPixel 8,SN-VIV-8239885,2025-07-23,1154.4,TechMegaStore Downtown,INV-2025-82933,2025-07-23,2027-07-13,24,424,296,0,2026-09-01,Screen shattering from drops,Physical inspection reveals clear Screen shattering from drops violating warranty coverage terms.,Customer Induced Damage,1,1,1,1,0,0,1,0,0,0,Invalid Claim
CLM-01359,PRD-01359,Industrial & Automotive Tools,TorqueMaster,TorqueGrinder 1500W,SN-TOR-7631049,2025-05-10,202.39,Electronics Hub Metro,INV-2025-97954,2025-05-10,2028-04-24,36,498,582,1,2026-09-13,Gearbox seizure,Claim submitted without primary proof of purchase receipt. Customer submitted affidavit instead.,Incomplete Documentation,0,1,1,0,0,2,1,0,0,0,Manual Review
CLM-00769,PRD-00769,Home Appliances,AeroBreeze,FrostGuard Side-by-Side 600L,SN-AER-1539164,2025-07-09,1056.08,National Appliance Depot,INV-2024-98932,2025-07-09,2028-06-23,36,438,642,0,2026-09-17,Thermostat failure,Device submitted does not match registered unit. Serial on invoice differs from backplate.,Serial Mismatch,1,0,1,1,0,1,0,0,0,0,Invalid Claim
CLM-00126,PRD-00126,Home Appliances,KitchenPro,FrostGuard Side-by-Side 600L,SN-KIT-5859883,2025-05-14,1326.05,National Appliance Depot,INV-2025-42096,2025-05-14,2028-04-28,36,494,586,0,2026-09-16,Water pump leakage,Reported genuine hardware failure: Water pump leakage under regular domestic usage.,Hardware Defect,1,1,1,1,1,0,1,0,0,0,Valid Claim
CLM-00061,PRD-00061,Industrial & Automotive Tools,ApexIndustrial,IronForge Impact 24V,SN-APE-2563790,2025-10-27,407.41,TechMegaStore Downtown,INV-2025-25396,2025-10-27,2027-10-17,24,328,392,0,2026-09-02,Gearbox seizure,Reported genuine hardware failure: Gearbox seizure under regular domestic usage.,Hardware Defect,1,1,1,1,0,0,1,0,0,0,Valid Claim
CLM-00318,PRD-00318,Home Appliances,CleanCycle,KitchenPro Grill 25L,SN-CLE-7802338,2025-01-26,1236.73,Prime Retail Express,INV-2024-18993,2025-01-26,2027-01-16,24,602,118,0,2026-08-31,Thermostat failure,Reported genuine hardware failure: Thermostat failure under regular domestic usage.,Hardware Defect,1,1,1,1,0,0,1,0,0,0,Valid Claim
CLM-00942,PRD-00942,Industrial & Automotive Tools,ApexIndustrial,MegaWash Pro 2500PSI,SN-APE-9267840,2026-03-18,1010.03,Prime Retail Express,INV-2024-26493,2026-03-18,2028-03-07,24,186,534,0,2026-09-11,Abnormal overload beyond specified torque limits,Physical inspection reveals clear Abnormal overload beyond specified torque limits violating warranty coverage terms.,Customer Induced Damage,1,1,1,1,0,0,1,0,0,0,Invalid Claim
CLM-01022,PRD-01022,Home Appliances,KitchenPro,CleanCycle FrontLoad 8kg,SN-KIT-3861403,2025-04-24,367.32,National Appliance Depot,INV-2025-70941,2025-04-24,2028-04-08,36,514,566,0,2026-09-05,Drum spin malfunction,Diagnostic report inconclusive regarding whether component failure was thermal surge or defect.,Ambiguous Diagnostic,1,1,1,1,1,0,1,2,0,0,Manual Review
CLM-00183,PRD-00183,Home Appliances,FrostGuard,AeroBreeze DualCool 2.0T,SN-FRO-8351204,2025-12-29,1454.19,Industrial Supply Direct,INV-2025-18804,2025-12-29,2029-12-08,48,265,1175,1,2026-09-18,Thermostat failure,Reported genuine hardware failure: Thermostat failure under regular domestic usage.,Hardware Defect,1,1,1,1,0,0,1,1,0,0,Valid Claim
CLM-01051,PRD-01051,Industrial & Automotive Tools,TorqueMaster,TorqueGrinder 1500W,SN-TOR-1793470,2025-08-04,478.49,TechMegaStore Downtown,INV-2026-58142,2025-08-04,2028-07-19,36,412,668,0,2026-09-13,Trigger switch failure,Claim submitted without primary proof of purchase receipt. Customer submitted affidavit instead.,Incomplete Documentation,0,1,1,0,0,2,1,0,0,0,Manual Review
CLM-00200,PRD-00200,Consumer Electronics,QuantumCompute,QuantumPixel 8,SN-QUA-1155809,2026-07-16,217.54,National Appliance Depot,INV-2024-65353,2026-07-16,2027-07-11,12,66,294,0,2026-09-11,Speaker malfunction,Reported genuine hardware failure: Speaker malfunction under regular domestic usage.,Hardware Defect,1,1,1,1,1,0,1,0,0,0,Valid Claim
CLM-00011,PRD-00011,Consumer Electronics,PixelCraft,NovaWatch Ultra,SN-PIX-3109911,2026-01-17,494.3,Industrial Supply Direct,INV-2026-31643,2026-01-17,2028-01-07,24,246,474,0,2026-09-01,Bluetooth/Wi-Fi failure,Reported genuine hardware failure: Bluetooth/Wi-Fi failure under regular domestic usage.,Hardware Defect,1,1,1,1,0,0,1,1,0,0,Valid Claim
CLM-01106,PRD-01106,Home Appliances,ThermaPure,AeroBreeze DualCool 2.0T,SN-THE-6546545,2026-07-07,1309.44,National Appliance Depot,INV-2026-30394,2026-07-07,2030-06-16,48,75,1365,1,2026-09-12,Drum spin malfunction,Claim submitted without primary proof of purchase receipt. Customer submitted affidavit instead.,Incomplete Documentation,0,1,1,0,0,2,1,0,0,0,Manual Review
CLM-01183,PRD-01183,Industrial & Automotive Tools,ApexIndustrial,MegaWash Pro 2500PSI,SN-APE-1051574,2024-02-26,1163.62,Official Brand Store,INV-2024-61348,2024-02-26,2027-02-10,36,937,143,0,2026-09-18,Armature burning,Claim submitted without primary proof of purchase receipt. Customer submitted affidavit instead.,Incomplete Documentation,0,1,1,0,0,2,1,0,0,0,Manual Review
CLM-01038,PRD-01038,Consumer Electronics,NovaSound,ApexFit Chrono 3,SN-NOV-2501119,2026-06-25,2072.04,Industrial Supply Direct,INV-2024-25105,2026-06-25,2029-06-09,36,87,993,1,2026-09-10,Screen flickering,Claim submitted without primary proof of purchase receipt. Customer submitted affidavit instead.,Incomplete Documentation,0,1,1,0,0,2,1,0,0,0,Manual Review
CLM-00234,PRD-00234,Consumer Electronics,VividDisplay,VividTab 11 Max,SN-VIV-5380995,2024-08-02,2387.82,TechMegaStore Downtown,INV-2025-32296,2024-08-02,2027-07-18,36,779,301,1,2026-09-16,Unresponsive touch panel,Reported genuine hardware failure: Unresponsive touch panel under regular domestic usage.,Hardware Defect,1,1,1,1,0,0,1,0,0,0,Valid Claim
CLM-00883,PRD-00883,Industrial & Automotive Tools,ApexIndustrial,TitanPressure 3000PSI Commercial,SN-APE-6661668,2025-07-22,925.25,TechMegaStore Downtown,INV-2026-45027,2025-07-22,2027-07-12,24,425,295,0,2026-09-11,Armature burning,Unit previously opened and tampered with at non-authorized workshop (Corner Hardware & Mobile Repairs).,Tampering,1,1,1,1,1,0,1,2,1,0,Invalid Claim
CLM-01139,PRD-01139,Consumer Electronics,ApexTech,NovaPhone 12 Lite,SN-APE-9774066,2023-10-02,2211.67,Prime Retail Express,INV-2026-34582,2023-10-02,2026-09-16,36,1084,0,1,2026-09-18,Unresponsive touch panel,Fault occurred near warranty expiration boundary. Customer requests grace period evaluation.,Borderline Lifecycle,1,1,1,1,0,0,1,1,0,0,Manual Review
CLM-00196,PRD-00196,Home Appliances,ThermaPure,ThermaAir Silent,SN-THE-8628527,2025-08-20,1819.41,National Appliance Depot,INV-2026-10324,2025-08-20,2027-08-10,24,396,324,0,2026-09-16,Electronic PCB failure,Reported genuine hardware failure: Electronic PCB failure under regular domestic usage.,Hardware Defect,1,1,1,1,0,0,1,0,0,0,Valid Claim
CLM-00591,PRD-00591,Consumer Electronics,NovaSound,QuantumPixel 8,SN-NOV-8959753,2026-04-26,736.56,Prime Retail Express,INV-2026-71438,2026-04-26,2028-04-15,24,147,573,0,2026-09-12,Motherboard failure,Unit previously opened and tampered with at non-authorized workshop (Corner Hardware & Mobile Repairs).,Tampering,1,1,1,1,1,0,1,3,1,0,Invalid Claim
CLM-01207,PRD-01207,Industrial & Automotive Tools,TitanPower,TorqueMaster Brushless 18V,SN-TIT-4437937,2023-10-02,1125.98,Electronics Hub Metro,INV-2026-23324,2023-10-02,2026-09-16,36,1084,0,1,2026-09-19,Hydraulic pressure seal failure,Fault occurred near warranty expiration boundary. Customer requests grace period evaluation.,Borderline Lifecycle,1,1,1,1,0,0,1,1,0,0,Manual Review
CLM-01034,PRD-01034,Consumer Electronics,ApexTech,ApexFit Chrono 3,SN-APE-5589441,2024-12-29,1247.67,Electronics Hub Metro,INV-2026-89500,2024-12-29,2026-12-19,24,630,90,0,2026-09-16,Battery failure to charge,Claim submitted without primary proof of purchase receipt. Customer submitted affidavit instead.,Incomplete Documentation,0,1,1,0,0,2,1,0,0,0,Manual Review
CLM-00300,PRD-00300,Consumer Electronics,VividDisplay,QuantumBook Ultra 15,SN-VIV-8920589,2026-06-14,1702.99,Electronics Hub Metro,INV-2025-61445,2026-06-14,2027-06-09,12,98,262,0,2026-09-04,Unresponsive touch panel,Reported genuine hardware failure: Unresponsive touch panel under regular domestic usage.,Hardware Defect,1,1,1,1,0,0,1,0,0,0,Valid Claim
CLM-01125,PRD-01125,Industrial & Automotive Tools,MegaWrench,MegaWash Pro 2500PSI,SN-MEG-4359756,2024-09-29,165.34,Industrial Supply Direct,INV-2024-53093,2024-09-29,2026-09-19,24,721,0,0,2026-09-18,Gearbox seizure,Fault occurred near warranty expiration boundary. Customer requests grace period evaluation.,Borderline Lifecycle,1,1,1,1,0,0,1,1,0,0,Manual Review
CLM-00713,PRD-00713,Industrial & Automotive Tools,IronForge,IronForge TwinPiston 100L,SN-IRO-9597975,2025-11-25,1120.56,National Appliance Depot,INV-2025-20943,2025-11-25,2028-11-09,36,299,781,0,2026-09-18,Trigger switch failure,Device submitted does not match registered unit. Serial on invoice differs from backplate.,Serial Mismatch,1,0,1,1,0,1,0,0,0,0,Invalid Claim
CLM-01456,PRD-01456,Industrial & Automotive Tools,MegaWrench,MegaWash Pro 2500PSI,SN-MEG-7644275,2025-11-18,365.83,TechMegaStore Downtown,INV-2024-52174,2025-11-18,2027-11-08,24,306,414,0,2026-09-15,Trigger switch failure,Claim submitted without primary proof of purchase receipt. Customer submitted affidavit instead.,Incomplete Documentation,0,1,1,0,0,2,1,0,0,0,Manual Review
CLM-00096,PRD-00096,Consumer Electronics,QuantumCompute,ApexBook Pro 16,SN-QUA-8783840,2026-03-20,1934.23,Prime Retail Express,INV-2025-99277,2026-03-20,2028-03-09,24,184,536,0,2026-09-04,Screen flickering,Reported genuine hardware failure: Screen flickering under regular domestic usage.,Hardware Defect,1,1,1,1,0,0,1,1,0,0,Valid Claim
CLM-00990,PRD-00990,Consumer Electronics,PixelCraft,ApexFit Chrono 3,SN-PIX-1174981,2026-07-06,1640.04,Industrial Supply Direct,INV-2024-68868,2026-07-06,2027-07-01,12,76,284,0,2026-09-15,Liquid ingress damage,Physical inspection reveals clear Liquid ingress damage violating warranty coverage terms.,Customer Induced Damage,1,1,1,1,0,0,1,0,0,0,Invalid Claim
CLM-00657,PRD-00657,Home Appliances,ThermaPure,ThermaCold 320L,SN-THE-5731119,2025-06-19,1181.47,Prime Retail Express,INV-2024-16286,2025-06-19,2027-06-09,24,458,262,0,2026-09-15,Thermostat failure,Unit previously opened and tampered with at non-authorized workshop (Corner Hardware & Mobile Repairs).,Tampering,1,1,1,1,1,0,1,2,1,0,Invalid Claim
CLM-00070,PRD-00070,Home Appliances,CleanCycle,ThermaAir Silent,SN-CLE-5195951,2025-04-23,1029.94,National Appliance Depot,INV-2024-60422,2025-04-23,2029-04-02,48,515,925,1,2026-09-06,Electronic PCB failure,Reported genuine hardware failure: Electronic PCB failure under regular domestic usage.,Hardware Defect,1,1,1,1,0,0,1,0,0,0,Valid Claim
CLM-01128,PRD-01128,Consumer Electronics,ApexTech,ApexFit Chrono 3,SN-APE-6977035,2025-09-20,2013.7,National Appliance Depot,INV-2024-60840,2025-09-20,2026-09-15,12,365,0,0,2026-09-19,Screen flickering,Fault occurred near warranty expiration boundary. Customer requests grace period evaluation.,Borderline Lifecycle,1,1,1,1,0,0,1,1,0,0,Manual Review
CLM-00875,PRD-00875,Home Appliances,CleanCycle,KitchenPro Convection 30L,SN-CLE-7313125,2025-09-20,1629.16,Official Brand Store,INV-2024-22559,2025-09-20,2028-09-04,36,365,715,0,2026-09-14,Improper electrical supply rating,Physical inspection reveals clear Improper electrical supply rating violating warranty coverage terms.,Customer Induced Damage,1,1,1,1,0,0,1,0,0,0,Invalid Claim
CLM-01112,PRD-01112,Consumer Electronics,VividDisplay,NovaPad Pro 10,SN-VIV-2468345,2024-09-25,291.99,National Appliance Depot,INV-2025-23103,2024-09-25,2026-09-15,24,725,0,1,2026-09-19,Motherboard failure,Fault occurred near warranty expiration boundary. Customer requests grace period evaluation.,Borderline Lifecycle,1,1,1,1,0,0,1,1,0,0,Manual Review
CLM-00132,PRD-00132,Industrial & Automotive Tools,TorqueMaster,MegaWash Pro 2500PSI,SN-TOR-9541658,2025-04-23,610.6,TechMegaStore Downtown,INV-2024-15100,2025-04-23,2027-04-13,24,515,205,0,2026-09-02,Chuck bearing breakdown,Reported genuine hardware failure: Chuck bearing breakdown under regular domestic usage.,Hardware Defect,1,1,1,1,1,0,1,1,0,0,Valid Claim
CLM-00459,PRD-00459,Consumer Electronics,VividDisplay,NovaPad Pro 10,SN-VIV-6168814,2025-05-25,2447.3,Prime Retail Express,INV-2024-38271,2025-05-25,2027-05-15,24,483,237,0,2026-09-09,Motherboard failure,Reported genuine hardware failure: Motherboard failure under regular domestic usage.,Hardware Defect,1,1,1,1,0,0,1,0,0,0,Valid Claim
CLM-01499,PRD-01499,Industrial & Automotive Tools,ApexIndustrial,IronForge Impact 24V,SN-APE-1199459,2024-09-29,1033.12,Official Brand Store,INV-2025-35579,2024-09-29,2026-09-19,24,721,0,0,2026-09-19,Trigger switch failure,Fault occurred near warranty expiration boundary. Customer requests grace period evaluation.,Borderline Lifecycle,1,1,1,1,0,0,1,1,0,0,Manual Review
CLM-00357,PRD-00357,Consumer Electronics,NovaSound,VividTab 11 Max,SN-NOV-6283223,2026-07-14,248.91,Official Brand Store,INV-2025-82569,2026-07-14,2028-07-03,24,68,652,1,2026-09-04,Battery failure to charge,Reported genuine hardware failure: Battery failure to charge under regular domestic usage.,Hardware Defect,1,1,1,1,1,0,1,0,0,0,Valid Claim
CLM-00478,PRD-00478,Industrial & Automotive Tools,ApexIndustrial,MegaWash Pro 2500PSI,SN-APE-2812554,2026-05-12,289.52,Industrial Supply Direct,INV-2025-40254,2026-05-12,2029-04-26,36,131,949,1,2026-08-26,Armature burning,Reported genuine hardware failure: Armature burning under regular domestic usage.,Hardware Defect,1,1,1,1,0,0,1,0,0,0,Valid Claim
CLM-01166,PRD-01166,Consumer Electronics,QuantumCompute,NovaPad Pro 10,SN-QUA-2932023,2026-05-26,2026.79,Prime Retail Express,INV-2026-47992,2026-05-26,2028-05-15,24,117,603,0,2026-09-10,Motherboard failure,Claim submitted without primary proof of purchase receipt. Customer submitted affidavit instead.,Incomplete Documentation,0,1,1,0,0,2,1,0,0,0,Manual Review
CLM-00640,PRD-00640,Industrial & Automotive Tools,IronForge,IronForge Impact 24V,SN-IRO-6182338,2025-03-23,726.73,Official Brand Store,INV-2024-45841,2025-03-23,2028-03-07,36,546,534,0,2026-09-09,Use of non-spec hydraulic oil,Physical inspection reveals clear Use of non-spec hydraulic oil violating warranty coverage terms.,Customer Induced Damage,1,1,1,1,0,0,1,0,0,0,Invalid Claim
CLM-00933,PRD-00933,Consumer Electronics,QuantumCompute,NovaWatch Ultra,SN-QUA-1825678,2024-08-18,1226.67,Industrial Supply Direct,INV-2024-36952,2024-08-18,2026-08-08,24,763,0,0,2026-09-10,Unresponsive touch panel,Failure: Unresponsive touch panel. Note: product warranty expired 43 days ago.,Hardware Wear,1,1,1,1,0,0,1,2,0,0,Invalid Claim
CLM-00629,PRD-00629,Industrial & Automotive Tools,TorqueMaster,TitanDrill 20V HD,SN-TOR-9763319,2025-04-24,1059.55,Industrial Supply Direct,INV-2026-78167,2025-04-24,2028-04-08,36,514,566,0,2026-09-13,Trigger switch failure,Device submitted does not match registered unit. Serial on invoice differs from backplate.,Serial Mismatch,1,0,1,1,0,1,0,0,0,0,Invalid Claim
CLM-00489,PRD-00489,Industrial & Automotive Tools,MegaWrench,TitanAir 50L Heavy Duty,SN-MEG-4129604,2024-01-07,812.37,Electronics Hub Metro,INV-2026-71249,2024-01-07,2026-12-22,36,987,93,0,2026-08-31,Armature burning,Reported genuine hardware failure: Armature burning under regular domestic usage.,Hardware Defect,1,1,1,1,0,0,1,0,0,0,Valid Claim
CLM-01059,PRD-01059,Consumer Electronics,PixelCraft,NovaPad Pro 10,SN-PIX-9026882,2025-09-18,1660.01,Prime Retail Express,INV-2024-99013,2025-09-18,2028-09-02,36,367,713,1,2026-09-13,Screen flickering,Diagnostic report inconclusive regarding whether component failure was thermal surge or defect.,Ambiguous Diagnostic,1,1,1,1,1,0,1,2,0,0,Manual Review
CLM-01478,PRD-01478,Industrial & Automotive Tools,TitanPower,TitanPressure 3000PSI Commercial,SN-TIT-5338920,2024-12-08,722.74,Industrial Supply Direct,INV-2025-49790,2024-12-08,2027-11-23,36,651,429,0,2024-11-26,Trigger switch failure,Discrepancy detected: Claimed fault occurrence date predates registered purchase date.,Date Inconsistency,1,1,1,1,0,0,1,0,0,1,Manual Review
CLM-00979,PRD-00979,Home Appliances,AeroBreeze,ThermaWash Eco,SN-AER-6792299,2024-02-11,454.15,Official Brand Store,INV-2024-88606,2024-02-11,2027-01-26,36,952,128,0,2026-09-04,Pest infestation inside chassis,Physical inspection reveals clear Pest infestation inside chassis violating warranty coverage terms.,Customer Induced Damage,1,1,1,1,0,0,1,0,0,0,Invalid Claim
CLM-00697,PRD-00697,Home Appliances,KitchenPro,KitchenPro Grill 25L,SN-KIT-9996153,2024-08-22,1613.25,Industrial Supply Direct,INV-2024-86148,2024-08-22,2027-08-07,36,759,321,0,2026-09-16,Pest infestation inside chassis,Physical inspection reveals clear Pest infestation inside chassis violating warranty coverage terms.,Customer Induced Damage,1,1,1,1,0,0,1,0,0,0,Invalid Claim
CLM-00527,PRD-00527,Home Appliances,FrostGuard,ThermaAir Silent,SN-FRO-5493758,2025-04-19,1727.6,Industrial Supply Direct,INV-2025-25327,2025-04-19,2028-04-03,36,519,561,0,2026-09-06,Drum spin malfunction,Unit previously opened and tampered with at non-authorized workshop (Local QuickFix Electronics).,Tampering,1,1,1,1,1,0,1,1,1,0,Invalid Claim
CLM-01187,PRD-01187,Consumer Electronics,QuantumCompute,ApexFit Chrono 3,SN-QUA-8304317,2025-06-11,2421.46,Official Brand Store,INV-2024-78070,2025-06-11,2027-06-01,24,466,254,1,2026-09-18,Screen flickering,Claim submitted without primary proof of purchase receipt. Customer submitted affidavit instead.,Incomplete Documentation,0,1,1,0,0,2,1,0,0,0,Manual Review
CLM-00392,PRD-00392,Consumer Electronics,ApexTech,NovaPhone 12 Lite,SN-APE-6690033,2024-12-20,2461.32,Official Brand Store,INV-2026-31753,2024-12-20,2027-12-05,36,639,441,1,2026-09-15,Battery failure to charge,Reported genuine hardware failure: Battery failure to charge under regular domestic usage.,Hardware Defect,1,1,1,1,0,0,1,0,0,0,Valid Claim
CLM-01490,PRD-01490,Consumer Electronics,NovaSound,VividTab 11 Max,SN-NOV-7644679,2025-08-27,513.07,Prime Retail Express,INV-2026-43679,2025-08-27,2027-08-17,24,389,331,0,2025-08-21,Unresponsive touch panel,Discrepancy detected: Claimed fault occurrence date predates registered purchase date.,Date Inconsistency,1,1,1,1,0,0,1,0,0,1,Manual Review
CLM-01009,PRD-01009,Home Appliances,FrostGuard,FrostGuard Side-by-Side 600L,SN-FRO-3973517,2023-12-11,514.91,National Appliance Depot,INV-2026-61592,2023-12-11,2026-11-25,36,1014,66,1,2026-09-13,Thermostat failure,Claim submitted without primary proof of purchase receipt. Customer submitted affidavit instead.,Incomplete Documentation,0,1,1,0,0,2,1,0,0,0,Manual Review
CLM-01486,PRD-01486,Consumer Electronics,NovaSound,QuantumBook Ultra 15,SN-NOV-8067994,2026-07-04,390.24,TechMegaStore Downtown,INV-2026-36350,2026-07-04,2028-06-23,24,78,642,1,2026-09-10,Speaker malfunction,Diagnostic report inconclusive regarding whether component failure was thermal surge or defect.,Ambiguous Diagnostic,1,1,1,1,1,0,1,1,0,0,Manual Review
CLM-01157,PRD-01157,Consumer Electronics,ApexTech,NovaPad Pro 10,SN-APE-8540805,2026-01-02,717.94,Electronics Hub Metro,INV-2024-25450,2026-01-02,2026-12-28,12,261,99,0,2025-12-24,Bluetooth/Wi-Fi failure,Discrepancy detected: Claimed fault occurrence date predates registered purchase date.,Date Inconsistency,1,1,1,1,0,0,1,0,0,1,Manual Review
CLM-01267,PRD-01267,Industrial & Automotive Tools,TitanPower,TorqueMaster Brushless 18V,SN-TIT-8775490,2026-05-03,246.1,Prime Retail Express,INV-2024-63554,2026-05-03,2030-04-12,48,140,1300,1,2026-09-11,Hydraulic pressure seal failure,Claim submitted without primary proof of purchase receipt. Customer submitted affidavit instead.,Incomplete Documentation,0,1,1,0,0,2,1,0,0,0,Manual Review
CLM-00738,PRD-00738,Industrial & Automotive Tools,ApexIndustrial,TitanPressure 3000PSI Commercial,SN-APE-8315906,2025-10-28,738.56,Industrial Supply Direct,INV-2024-42780,2025-10-28,2027-10-18,24,327,393,0,2026-09-06,Abnormal overload beyond specified torque limits,Physical inspection reveals clear Abnormal overload beyond specified torque limits violating warranty coverage terms.,Customer Induced Damage,1,1,1,1,0,0,1,0,0,0,Invalid Claim
CLM-00699,PRD-00699,Consumer Electronics,NovaSound,NovaWatch Ultra,SN-NOV-4767947,2024-05-25,327.49,Electronics Hub Metro,INV-2024-28753,2024-05-25,2026-05-15,24,848,0,0,2026-09-04,Screen flickering,Failure: Screen flickering. Note: product warranty expired 128 days ago.,Hardware Wear,1,1,1,1,0,0,1,2,0,0,Invalid Claim
CLM-00102,PRD-00102,Industrial & Automotive Tools,ApexIndustrial,IronForge Impact 24V,SN-APE-9531021,2025-04-11,565.1,National Appliance Depot,INV-2025-33627,2025-04-11,2027-04-01,24,527,193,0,2026-09-12,Hydraulic pressure seal failure,Reported genuine hardware failure: Hydraulic pressure seal failure under regular domestic usage.,Hardware Defect,1,1,1,1,0,0,1,0,0,0,Valid Claim
CLM-01062,PRD-01062,Industrial & Automotive Tools,TitanPower,IronGrind 9-inch Industrial,SN-TIT-3153928,2024-01-16,831.44,Official Brand Store,INV-2024-76361,2024-01-16,2027-12-26,48,978,462,1,2026-09-14,Trigger switch failure,Claim submitted without primary proof of purchase receipt. Customer submitted affidavit instead.,Incomplete Documentation,0,1,1,0,0,2,1,0,0,0,Manual Review
CLM-00698,PRD-00698,Home Appliances,FrostGuard,FrostGuard 450L Smart,SN-FRO-7080036,2024-03-05,1192.4,Electronics Hub Metro,INV-2024-17808,2024-03-05,2027-02-18,36,929,151,0,2026-09-05,Motor burnout,Unit previously opened and tampered with at non-authorized workshop (Joe's Unofficial Fix Shop).,Tampering,1,1,1,1,1,0,1,2,1,0,Invalid Claim
CLM-01489,PRD-01489,Home Appliances,ThermaPure,KitchenPro Convection 30L,SN-THE-5684472,2024-12-23,1689.97,Industrial Supply Direct,INV-2024-72808,2024-12-23,2027-12-08,36,636,444,0,2026-09-12,Electronic PCB failure,Claim submitted without primary proof of purchase receipt. Customer submitted affidavit instead.,Incomplete Documentation,0,1,1,0,0,2,1,0,0,0,Manual Review
CLM-00247,PRD-00247,Consumer Electronics,QuantumCompute,NovaPhone 12 Pro,SN-QUA-1848243,2025-03-22,2310.47,Official Brand Store,INV-2024-45910,2025-03-22,2027-03-12,24,547,173,0,2026-09-06,Bluetooth/Wi-Fi failure,Reported genuine hardware failure: Bluetooth/Wi-Fi failure under regular domestic usage.,Hardware Defect,1,1,1,1,0,0,1,1,0,0,Valid Claim
CLM-00804,PRD-00804,Industrial & Automotive Tools,MegaWrench,TitanDrill 20V HD,SN-MEG-7511414,2025-01-12,1244.34,Official Brand Store,INV-2025-80092,2025-01-12,2027-12-28,36,616,464,0,2026-09-10,Gearbox seizure,Device submitted does not match registered unit. Serial on invoice differs from backplate.,Serial Mismatch,1,0,1,1,0,1,0,0,0,0,Invalid Claim
CLM-01150,PRD-01150,Consumer Electronics,QuantumCompute,PixelSlate 12,SN-QUA-5213894,2024-09-26,1799.86,National Appliance Depot,INV-2026-36144,2024-09-26,2026-09-16,24,724,0,0,2026-09-16,Unresponsive touch panel,Fault occurred near warranty expiration boundary. Customer requests grace period evaluation.,Borderline Lifecycle,1,1,1,1,0,0,1,1,0,0,Manual Review
CLM-01409,PRD-01409,Consumer Electronics,ApexTech,QuantumBook Ultra 15,SN-APE-6905124,2025-10-25,2135.98,National Appliance Depot,INV-2025-59563,2025-10-25,2027-10-15,24,330,390,0,2026-09-11,Screen flickering,Diagnostic report inconclusive regarding whether component failure was thermal surge or defect.,Ambiguous Diagnostic,1,1,1,1,1,0,1,1,0,0,Manual Review
CLM-00463,PRD-00463,Industrial & Automotive Tools,TitanPower,TitanAir 50L Heavy Duty,SN-TIT-5650930,2024-03-15,716.01,TechMegaStore Downtown,INV-2026-57416,2024-03-15,2027-02-28,36,919,161,0,2026-09-10,Chuck bearing breakdown,Reported genuine hardware failure: Chuck bearing breakdown under regular domestic usage.,Hardware Defect,1,1,1,1,0,0,1,0,0,0,Valid Claim
CLM-01295,PRD-01295,Home Appliances,FrostGuard,FrostGuard Side-by-Side 600L,SN-FRO-4809589,2025-11-30,1631.04,Prime Retail Express,INV-2026-61758,2025-11-30,2027-11-20,24,294,426,0,2025-11-12,Water pump leakage,Discrepancy detected: Claimed fault occurrence date predates registered purchase date.,Date Inconsistency,1,1,1,1,0,0,1,0,0,1,Manual Review
CLM-00409,PRD-00409,Industrial & Automotive Tools,TorqueMaster,TorqueGrinder 1500W,SN-TOR-2420416,2024-02-03,306.8,Industrial Supply Direct,INV-2025-89223,2024-02-03,2028-01-13,48,960,480,1,2026-09-02,Chuck bearing breakdown,Reported genuine hardware failure: Chuck bearing breakdown under regular domestic usage.,Hardware Defect,1,1,1,1,0,0,1,0,0,0,Valid Claim
CLM-00493,PRD-00493,Home Appliances,CleanCycle,AeroBreeze Inverter 1.5T,SN-CLE-7097414,2025-01-14,1373.68,TechMegaStore Downtown,INV-2025-28423,2025-01-14,2027-12-30,36,614,466,1,2026-08-26,Electronic PCB failure,Reported genuine hardware failure: Electronic PCB failure under regular domestic usage.,Hardware Defect,1,1,1,1,0,0,1,1,0,0,Valid Claim
CLM-01366,PRD-01366,Home Appliances,ThermaPure,FrostGuard Side-by-Side 600L,SN-THE-9175112,2023-11-18,1878.84,Official Brand Store,INV-2024-27259,2023-11-18,2026-11-02,36,1037,43,1,2026-09-13,Electronic PCB failure,Diagnostic report inconclusive regarding whether component failure was thermal surge or defect.,Ambiguous Diagnostic,1,1,1,1,1,0,1,1,0,0,Manual Review
CLM-00449,PRD-00449,Home Appliances,KitchenPro,FrostGuard Side-by-Side 600L,SN-KIT-9939831,2024-02-20,1738.12,Industrial Supply Direct,INV-2026-58253,2024-02-20,2027-02-04,36,943,137,1,2026-09-04,Compressor failure,Reported genuine hardware failure: Compressor failure under regular domestic usage.,Hardware Defect,1,1,1,1,1,0,1,0,0,0,Valid Claim
CLM-00827,PRD-00827,Industrial & Automotive Tools,IronForge,IronForge Impact 24V,SN-IRO-1643521,2024-04-03,647.38,Official Brand Store,INV-2026-51618,2024-04-03,2026-03-24,24,900,0,0,2026-09-15,Hydraulic pressure seal failure,Failure: Hydraulic pressure seal failure. Note: product warranty expired 180 days ago.,Hardware Wear,1,1,1,1,0,0,1,0,0,0,Invalid Claim
CLM-01262,PRD-01262,Consumer Electronics,NovaSound,NovaWatch Ultra,SN-NOV-3122028,2026-03-02,2177.03,Prime Retail Express,INV-2026-24029,2026-03-02,2028-02-20,24,202,518,0,2026-02-25,Motherboard failure,Discrepancy detected: Claimed fault occurrence date predates registered purchase date.,Date Inconsistency,1,1,1,1,0,0,1,0,0,1,Manual Review
CLM-00708,PRD-00708,Industrial & Automotive Tools,MegaWrench,TitanAir 50L Heavy Duty,SN-MEG-7410771,2026-06-02,697.5,TechMegaStore Downtown,INV-2025-31131,2026-06-02,2028-05-22,24,110,610,0,2026-09-17,Hydraulic pressure seal failure,Device submitted does not match registered unit. Serial on invoice differs from backplate.,Serial Mismatch,1,0,1,1,0,1,0,0,0,0,Invalid Claim
CLM-01220,PRD-01220,Industrial & Automotive Tools,ApexIndustrial,TorqueGrinder 1500W,SN-APE-2308486,2025-07-14,1257.05,TechMegaStore Downtown,INV-2026-92289,2025-07-14,2028-06-28,36,433,647,0,2026-09-10,Hydraulic pressure seal failure,Diagnostic report inconclusive regarding whether component failure was thermal surge or defect.,Ambiguous Diagnostic,1,1,1,1,1,0,1,2,0,0,Manual Review
CLM-00467,PRD-00467,Consumer Electronics,PixelCraft,NovaPhone 12 Pro,SN-PIX-4709668,2025-12-29,2111.62,Prime Retail Express,INV-2026-78898,2025-12-29,2026-12-24,12,265,95,0,2026-09-16,Screen flickering,Reported genuine hardware failure: Screen flickering under regular domestic usage.,Hardware Defect,1,1,1,1,0,0,1,0,0,0,Valid Claim
CLM-00833,PRD-00833,Home Appliances,CleanCycle,AeroBreeze DualCool 2.0T,SN-CLE-8414716,2025-08-29,979.32,National Appliance Depot,INV-2024-45168,2025-08-29,2028-08-13,36,387,693,0,2026-09-17,Rust and environmental corrosion,Physical inspection reveals clear Rust and environmental corrosion violating warranty coverage terms.,Customer Induced Damage,1,1,1,1,0,0,1,0,0,0,Invalid Claim
CLM-01037,PRD-01037,Consumer Electronics,NovaSound,QuantumPixel 8,SN-NOV-2541145,2024-09-26,1934.72,National Appliance Depot,INV-2025-20637,2024-09-26,2026-09-16,24,724,0,0,2026-09-16,Unresponsive touch panel,Fault occurred near warranty expiration boundary. Customer requests grace period evaluation.,Borderline Lifecycle,1,1,1,1,0,0,1,1,0,0,Manual Review
CLM-00219,PRD-00219,Consumer Electronics,VividDisplay,QuantumPixel 8,SN-VIV-1676621,2026-01-31,693.55,National Appliance Depot,INV-2024-21955,2026-01-31,2027-01-26,12,232,128,0,2026-09-02,Screen flickering,Reported genuine hardware failure: Screen flickering under regular domestic usage.,Hardware Defect,1,1,1,1,0,0,1,0,0,0,Valid Claim
CLM-00469,PRD-00469,Consumer Electronics,NovaSound,NovaPhone 12 Lite,SN-NOV-4520547,2025-04-13,498.5,TechMegaStore Downtown,INV-2025-24643,2025-04-13,2027-04-03,24,525,195,1,2026-09-05,Screen flickering,Reported genuine hardware failure: Screen flickering under regular domestic usage.,Hardware Defect,1,1,1,1,1,0,1,0,0,0,Valid Claim
CLM-01421,PRD-01421,Home Appliances,KitchenPro,FrostGuard 450L Smart,SN-KIT-4748802,2023-10-04,1205.52,TechMegaStore Downtown,INV-2024-56631,2023-10-04,2026-09-18,36,1082,0,1,2026-09-16,Thermostat failure,Fault occurred near warranty expiration boundary. Customer requests grace period evaluation.,Borderline Lifecycle,1,1,1,1,0,0,1,1,0,0,Manual Review
CLM-01217,PRD-01217,Home Appliances,FrostGuard,ThermaAir Silent,SN-FRO-3656453,2025-03-10,502.0,TechMegaStore Downtown,INV-2025-14444,2025-03-10,2027-02-28,24,559,161,0,2025-02-24,Water pump leakage,Discrepancy detected: Claimed fault occurrence date predates registered purchase date.,Date Inconsistency,1,1,1,1,0,0,1,0,0,1,Manual Review
CLM-00766,PRD-00766,Home Appliances,FrostGuard,AeroBreeze Inverter 1.5T,SN-FRO-9370606,2024-12-28,1782.57,Electronics Hub Metro,INV-2025-99249,2024-12-28,2026-12-18,24,631,89,0,2026-09-07,Motor burnout,Unit previously opened and tampered with at non-authorized workshop (Joe's Unofficial Fix Shop).,Tampering,1,1,1,1,1,0,1,2,1,0,Invalid Claim
CLM-00117,PRD-00117,Home Appliances,AeroBreeze,CleanCycle FrontLoad 8kg,SN-AER-8351320,2025-07-25,354.68,TechMegaStore Downtown,INV-2024-94562,2025-07-25,2028-07-09,36,422,658,0,2026-08-31,Compressor failure,Reported genuine hardware failure: Compressor failure under regular domestic usage.,Hardware Defect,1,1,1,1,0,0,1,1,0,0,Valid Claim
CLM-00850,PRD-00850,Consumer Electronics,VividDisplay,NovaPhone 12 Lite,SN-VIV-8149873,2024-12-25,1543.28,National Appliance Depot,INV-2025-91854,2024-12-25,2026-12-15,24,634,86,0,2026-09-09,Bluetooth/Wi-Fi failure,Unit previously opened and tampered with at non-authorized workshop (Downtown Third-Party Repair Stall).,Tampering,1,1,1,1,1,0,1,1,1,0,Invalid Claim
CLM-01433,PRD-01433,Consumer Electronics,QuantumCompute,VividTab 11 Max,SN-QUA-7938840,2024-10-23,2306.47,National Appliance Depot,INV-2026-81626,2024-10-23,2027-10-08,36,697,383,1,2026-09-08,Bluetooth/Wi-Fi failure,Diagnostic report inconclusive regarding whether component failure was thermal surge or defect.,Ambiguous Diagnostic,1,1,1,1,1,0,1,2,0,0,Manual Review
CLM-00982,PRD-00982,Home Appliances,CleanCycle,CleanCycle FrontLoad 8kg,SN-CLE-4159823,2023-05-06,1569.49,TechMegaStore Downtown,INV-2025-17683,2023-05-06,2026-04-20,36,1233,0,0,2026-09-13,Water pump leakage,Failure: Water pump leakage. Note: product warranty expired 153 days ago.,Hardware Wear,1,1,1,1,0,0,1,2,0,0,Invalid Claim
CLM-00307,PRD-00307,Consumer Electronics,NovaSound,NovaPhone 12 Lite,SN-NOV-9667792,2026-07-09,2402.95,Prime Retail Express,INV-2026-93574,2026-07-09,2027-07-04,12,73,287,0,2026-09-12,Speaker malfunction,Reported genuine hardware failure: Speaker malfunction under regular domestic usage.,Hardware Defect,1,1,1,1,0,0,1,0,0,0,Valid Claim
CLM-01438,PRD-01438,Industrial & Automotive Tools,TorqueMaster,IronForge Impact 24V,SN-TOR-3534208,2024-12-17,554.4,Prime Retail Express,INV-2026-90904,2024-12-17,2027-12-02,36,642,438,0,2026-09-13,Armature burning,Claim submitted without primary proof of purchase receipt. Customer submitted affidavit instead.,Incomplete Documentation,0,1,1,0,0,2,1,0,0,0,Manual Review
CLM-00455,PRD-00455,Industrial & Automotive Tools,TitanPower,MegaWash Pro 2500PSI,SN-TIT-7787429,2024-07-26,1219.73,Electronics Hub Metro,INV-2025-51971,2024-07-26,2027-07-11,36,786,294,1,2026-09-01,Trigger switch failure,Reported genuine hardware failure: Trigger switch failure under regular domestic usage.,Hardware Defect,1,1,1,1,0,0,1,1,0,0,Valid Claim
CLM-01382,PRD-01382,Consumer Electronics,QuantumCompute,VividTab 11 Max,SN-QUA-3392353,2026-02-06,942.12,National Appliance Depot,INV-2026-59976,2026-02-06,2028-01-27,24,226,494,0,2026-09-17,Motherboard failure,Diagnostic report inconclusive regarding whether component failure was thermal surge or defect.,Ambiguous Diagnostic,1,1,1,1,1,0,1,1,0,0,Manual Review
CLM-01310,PRD-01310,Home Appliances,CleanCycle,CleanCycle FrontLoad 8kg,SN-CLE-4851116,2025-04-28,819.0,Prime Retail Express,INV-2026-28982,2025-04-28,2029-04-07,48,510,930,1,2025-04-14,Compressor failure,Discrepancy detected: Claimed fault occurrence date predates registered purchase date.,Date Inconsistency,1,1,1,1,0,0,1,0,0,1,Manual Review
CLM-00768,PRD-00768,Home Appliances,ThermaPure,FrostGuard 450L Smart,SN-THE-3310537,2024-07-03,859.35,National Appliance Depot,INV-2026-97205,2024-07-03,2026-06-23,24,809,0,0,2026-09-11,Water pump leakage,Failure: Water pump leakage. Note: product warranty expired 89 days ago.,Hardware Wear,1,1,1,1,0,0,1,0,0,0,Invalid Claim
CLM-01263,PRD-01263,Industrial & Automotive Tools,TorqueMaster,MegaWash Pro 2500PSI,SN-TOR-1983946,2025-06-04,292.4,Prime Retail Express,INV-2025-63154,2025-06-04,2028-05-19,36,473,607,0,2025-05-21,Trigger switch failure,Discrepancy detected: Claimed fault occurrence date predates registered purchase date.,Date Inconsistency,1,1,1,1,0,0,1,0,0,1,Manual Review
CLM-01069,PRD-01069,Home Appliances,CleanCycle,ThermaWash Eco,SN-CLE-1187797,2025-11-04,893.97,Prime Retail Express,INV-2024-24778,2025-11-04,2029-10-14,48,320,1120,1,2025-10-20,Motor burnout,Discrepancy detected: Claimed fault occurrence date predates registered purchase date.,Date Inconsistency,1,1,1,1,0,0,1,0,0,1,Manual Review
CLM-00746,PRD-00746,Industrial & Automotive Tools,IronForge,TitanPressure 3000PSI Commercial,SN-IRO-6801971,2025-10-20,609.4,Prime Retail Express,INV-2025-74725,2025-10-20,2027-10-10,24,335,385,0,2026-09-11,Chuck bearing breakdown,Device submitted does not match registered unit. Serial on invoice differs from backplate.,Serial Mismatch,1,0,1,1,0,1,0,0,0,0,Invalid Claim
CLM-00347,PRD-00347,Consumer Electronics,NovaSound,NovaPhone 12 Lite,SN-NOV-6314007,2025-07-31,2456.85,Official Brand Store,INV-2025-67503,2025-07-31,2027-07-21,24,416,304,1,2026-09-07,Bluetooth/Wi-Fi failure,Reported genuine hardware failure: Bluetooth/Wi-Fi failure under regular domestic usage.,Hardware Defect,1,1,1,1,1,0,1,0,0,0,Valid Claim
CLM-00680,PRD-00680,Consumer Electronics,NovaSound,PixelSlate 12,SN-NOV-5859627,2025-02-22,303.52,Prime Retail Express,INV-2024-34928,2025-02-22,2027-02-12,24,575,145,0,2026-09-10,Screen flickering,Device submitted does not match registered unit. Serial on invoice differs from backplate.,Serial Mismatch,1,0,1,1,0,1,0,0,0,0,Invalid Claim
CLM-01082,PRD-01082,Home Appliances,AeroBreeze,CleanCycle FrontLoad 8kg,SN-AER-5475083,2026-02-27,1783.56,National Appliance Depot,INV-2024-29884,2026-02-27,2028-02-17,24,205,515,0,2026-09-12,Motor burnout,Claim submitted without primary proof of purchase receipt. Customer submitted affidavit instead.,Incomplete Documentation,0,1,1,0,0,2,1,0,0,0,Manual Review
CLM-01031,PRD-01031,Consumer Electronics,NovaSound,NovaWatch Ultra,SN-NOV-1051224,2025-12-06,951.59,Prime Retail Express,INV-2025-83646,2025-12-06,2026-12-01,12,288,72,0,2025-11-21,Unresponsive touch panel,Discrepancy detected: Claimed fault occurrence date predates registered purchase date.,Date Inconsistency,1,1,1,1,0,0,1,0,0,1,Manual Review
CLM-00242,PRD-00242,Home Appliances,KitchenPro,AeroBreeze DualCool 2.0T,SN-KIT-8686601,2024-04-25,1766.46,TechMegaStore Downtown,INV-2026-91665,2024-04-25,2028-04-04,48,878,562,1,2026-09-14,Motor burnout,Reported genuine hardware failure: Motor burnout under regular domestic usage.,Hardware Defect,1,1,1,1,0,0,1,1,0,0,Valid Claim
CLM-00677,PRD-00677,Industrial & Automotive Tools,TorqueMaster,TitanPressure 3000PSI Commercial,SN-TOR-5629621,2024-08-31,390.54,Industrial Supply Direct,INV-2024-23941,2024-08-31,2026-08-21,24,750,0,0,2026-09-09,Hydraulic pressure seal failure,Failure: Hydraulic pressure seal failure. Note: product warranty expired 30 days ago.,Hardware Wear,1,1,1,1,0,0,1,2,0,0,Invalid Claim
CLM-00425,PRD-00425,Industrial & Automotive Tools,TorqueMaster,TorqueGrinder 1500W,SN-TOR-6533643,2025-06-01,1189.31,Prime Retail Express,INV-2024-77552,2025-06-01,2028-05-16,36,476,604,0,2026-09-06,Armature burning,Reported genuine hardware failure: Armature burning under regular domestic usage.,Hardware Defect,1,1,1,1,0,0,1,0,0,0,Valid Claim
CLM-00362,PRD-00362,Industrial & Automotive Tools,TitanPower,TorqueGrinder 1500W,SN-TIT-7686174,2023-11-26,726.1,Official Brand Store,INV-2024-27677,2023-11-26,2027-11-05,48,1029,411,1,2026-09-06,Trigger switch failure,Reported genuine hardware failure: Trigger switch failure under regular domestic usage.,Hardware Defect,1,1,1,1,1,0,1,1,0,0,Valid Claim
CLM-00521,PRD-00521,Home Appliances,AeroBreeze,AeroBreeze Inverter 1.5T,SN-AER-4105251,2025-02-20,424.15,Prime Retail Express,INV-2025-98265,2025-02-20,2027-02-10,24,577,143,0,2026-09-18,Compressor failure,Device submitted does not match registered unit. Serial on invoice differs from backplate.,Serial Mismatch,1,0,1,1,0,1,0,0,0,0,Invalid Claim
CLM-00272,PRD-00272,Consumer Electronics,QuantumCompute,QuantumPixel 8,SN-QUA-7765865,2024-03-27,2078.34,TechMegaStore Downtown,INV-2025-68220,2024-03-27,2027-03-12,36,907,173,1,2026-09-03,Speaker malfunction,Reported genuine hardware failure: Speaker malfunction under regular domestic usage.,Hardware Defect,1,1,1,1,0,0,1,0,0,0,Valid Claim
CLM-00961,PRD-00961,Consumer Electronics,VividDisplay,NovaPhone 12 Pro,SN-VIV-2657659,2025-08-04,871.24,Industrial Supply Direct,INV-2024-69850,2025-08-04,2027-07-25,24,412,308,0,2026-09-12,Motherboard failure,Unit previously opened and tampered with at non-authorized workshop (Joe's Unofficial Fix Shop).,Tampering,1,1,1,1,1,0,1,2,1,0,Invalid Claim
CLM-01172,PRD-01172,Industrial & Automotive Tools,IronForge,TorqueMaster Brushless 18V,SN-IRO-3977034,2025-02-26,778.6,Industrial Supply Direct,INV-2025-42638,2025-02-26,2027-02-16,24,571,149,0,2026-09-17,Chuck bearing breakdown,Claim submitted without primary proof of purchase receipt. Customer submitted affidavit instead.,Incomplete Documentation,0,1,1,0,0,2,1,0,0,0,Manual Review
CLM-01250,PRD-01250,Industrial & Automotive Tools,TitanPower,IronGrind 9-inch Industrial,SN-TIT-4388917,2024-09-26,168.94,National Appliance Depot,INV-2024-60836,2024-09-26,2026-09-16,24,724,0,0,2026-09-19,Gearbox seizure,Fault occurred near warranty expiration boundary. Customer requests grace period evaluation.,Borderline Lifecycle,1,1,1,1,0,0,1,1,0,0,Manual Review
CLM-01408,PRD-01408,Home Appliances,AeroBreeze,AeroBreeze DualCool 2.0T,SN-AER-1518033,2025-12-09,1825.1,Official Brand Store,INV-2026-85788,2025-12-09,2029-11-18,48,285,1155,1,2026-09-16,Compressor failure,Claim submitted without primary proof of purchase receipt. Customer submitted affidavit instead.,Incomplete Documentation,0,1,1,0,0,2,1,0,0,0,Manual Review
CLM-01190,PRD-01190,Industrial & Automotive Tools,MegaWrench,TitanAir 50L Heavy Duty,SN-MEG-5425545,2025-07-10,482.96,TechMegaStore Downtown,INV-2024-41732,2025-07-10,2029-06-19,48,437,1003,1,2026-09-13,Gearbox seizure,Diagnostic report inconclusive regarding whether component failure was thermal surge or defect.,Ambiguous Diagnostic,1,1,1,1,1,0,1,1,0,0,Manual Review
CLM-00040,PRD-00040,Home Appliances,FrostGuard,FrostGuard Side-by-Side 600L,SN-FRO-1873851,2024-07-10,1898.85,National Appliance Depot,INV-2024-95215,2024-07-10,2027-06-25,36,802,278,1,2026-09-18,Motor burnout,Reported genuine hardware failure: Motor burnout under regular domestic usage.,Hardware Defect,1,1,1,1,1,0,1,0,0,0,Valid Claim
CLM-00603,PRD-00603,Home Appliances,ThermaPure,FrostGuard 450L Smart,SN-THE-2924056,2025-05-06,1433.56,Electronics Hub Metro,INV-2025-97856,2025-05-06,2028-04-20,36,502,578,0,2026-09-17,Compressor failure,Device submitted does not match registered unit. Serial on invoice differs from backplate.,Serial Mismatch,1,0,1,1,0,1,0,0,0,0,Invalid Claim
CLM-00322,PRD-00322,Consumer Electronics,VividDisplay,NovaPhone 12 Lite,SN-VIV-6931382,2026-05-11,701.7,Prime Retail Express,INV-2025-33957,2026-05-11,2027-05-06,12,132,228,0,2026-09-11,Bluetooth/Wi-Fi failure,Reported genuine hardware failure: Bluetooth/Wi-Fi failure under regular domestic usage.,Hardware Defect,1,1,1,1,1,0,1,0,0,0,Valid Claim
CLM-00661,PRD-00661,Home Appliances,CleanCycle,KitchenPro Convection 30L,SN-CLE-9534273,2026-08-07,1790.91,Electronics Hub Metro,INV-2025-75248,2026-08-07,2028-07-27,24,44,676,0,2026-09-15,Water pump leakage,Device submitted does not match registered unit. Serial on invoice differs from backplate.,Serial Mismatch,1,0,1,1,0,1,0,0,0,0,Invalid Claim
CLM-00855,PRD-00855,Home Appliances,ThermaPure,KitchenPro Grill 25L,SN-THE-3017289,2024-06-09,1191.65,Industrial Supply Direct,INV-2026-55636,2024-06-09,2026-05-30,24,833,0,0,2026-09-01,Water pump leakage,Failure: Water pump leakage. Note: product warranty expired 113 days ago.,Hardware Wear,1,1,1,1,0,0,1,1,0,0,Invalid Claim
CLM-01086,PRD-01086,Home Appliances,KitchenPro,FrostGuard Side-by-Side 600L,SN-KIT-7507893,2026-02-20,1640.15,Prime Retail Express,INV-2024-58884,2026-02-20,2029-02-04,36,212,868,1,2026-09-06,Drum spin malfunction,Diagnostic report inconclusive regarding whether component failure was thermal surge or defect.,Ambiguous Diagnostic,1,1,1,1,1,0,1,1,0,0,Manual Review
CLM-01047,PRD-01047,Home Appliances,ThermaPure,KitchenPro Convection 30L,SN-THE-1587080,2022-10-10,1736.63,National Appliance Depot,INV-2024-44435,2022-10-10,2026-09-19,48,1441,0,1,2026-09-16,Motor burnout,Fault occurred near warranty expiration boundary. Customer requests grace period evaluation.,Borderline Lifecycle,1,1,1,1,0,0,1,1,0,0,Manual Review
CLM-00809,PRD-00809,Industrial & Automotive Tools,TitanPower,TitanDrill 20V HD,SN-TIT-1645952,2023-04-28,360.89,Prime Retail Express,INV-2025-86007,2023-04-28,2026-04-12,36,1241,0,0,2026-09-08,Armature burning,Failure: Armature burning. Note: product warranty expired 161 days ago.,Hardware Wear,1,1,1,1,0,0,1,2,0,0,Invalid Claim
CLM-01070,PRD-01070,Home Appliances,CleanCycle,CleanCycle FrontLoad 8kg,SN-CLE-9024130,2024-03-26,1064.97,TechMegaStore Downtown,INV-2024-60837,2024-03-26,2027-03-11,36,908,172,1,2026-09-10,Motor burnout,Claim submitted without primary proof of purchase receipt. Customer submitted affidavit instead.,Incomplete Documentation,0,1,1,0,0,2,1,0,0,0,Manual Review
CLM-00879,PRD-00879,Home Appliances,CleanCycle,CleanCycle FrontLoad 8kg,SN-CLE-9679668,2026-08-09,1633.77,Industrial Supply Direct,INV-2024-55388,2026-08-09,2028-07-29,24,42,678,0,2026-09-16,Thermostat failure,Device submitted does not match registered unit. Serial on invoice differs from backplate.,Serial Mismatch,1,0,1,1,0,1,0,0,0,0,Invalid Claim
CLM-01343,PRD-01343,Industrial & Automotive Tools,TitanPower,IronForge Impact 24V,SN-TIT-6591955,2023-10-01,1186.66,National Appliance Depot,INV-2024-15571,2023-10-01,2026-09-15,36,1085,0,0,2026-09-19,Hydraulic pressure seal failure,Fault occurred near warranty expiration boundary. Customer requests grace period evaluation.,Borderline Lifecycle,1,1,1,1,0,0,1,1,0,0,Manual Review
CLM-00146,PRD-00146,Consumer Electronics,VividDisplay,PixelSlate 12,SN-VIV-4964499,2025-12-07,341.89,TechMegaStore Downtown,INV-2025-50213,2025-12-07,2026-12-02,12,287,73,0,2026-08-27,Battery failure to charge,Reported genuine hardware failure: Battery failure to charge under regular domestic usage.,Hardware Defect,1,1,1,1,0,0,1,1,0,0,Valid Claim
CLM-01191,PRD-01191,Home Appliances,FrostGuard,CleanCycle QuickWash 7kg,SN-FRO-4556111,2025-05-06,673.0,National Appliance Depot,INV-2026-26270,2025-05-06,2028-04-20,36,502,578,1,2025-05-01,Electronic PCB failure,Discrepancy detected: Claimed fault occurrence date predates registered purchase date.,Date Inconsistency,1,1,1,1,0,0,1,0,0,1,Manual Review
CLM-00298,PRD-00298,Consumer Electronics,VividDisplay,ApexFit Chrono 3,SN-VIV-3253277,2025-10-13,1762.03,National Appliance Depot,INV-2025-70666,2025-10-13,2027-10-03,24,342,378,0,2026-09-03,Unresponsive touch panel,Reported genuine hardware failure: Unresponsive touch panel under regular domestic usage.,Hardware Defect,1,1,1,1,1,0,1,1,0,0,Valid Claim
CLM-00924,PRD-00924,Industrial & Automotive Tools,TorqueMaster,IronGrind 9-inch Industrial,SN-TOR-6013965,2024-12-13,809.2,Prime Retail Express,INV-2024-67443,2024-12-13,2026-12-03,24,646,74,0,2026-09-09,Gearbox seizure,Unit previously opened and tampered with at non-authorized workshop (Joe's Unofficial Fix Shop).,Tampering,1,1,1,1,1,0,1,3,1,0,Invalid Claim
CLM-00133,PRD-00133,Consumer Electronics,VividDisplay,PixelSlate 12,SN-VIV-3726331,2025-01-22,1102.8,Prime Retail Express,INV-2026-49221,2025-01-22,2027-01-12,24,606,114,0,2026-09-09,Speaker malfunction,Reported genuine hardware failure: Speaker malfunction under regular domestic usage.,Hardware Defect,1,1,1,1,0,0,1,0,0,0,Valid Claim
CLM-01291,PRD-01291,Consumer Electronics,ApexTech,ApexFit Chrono 3,SN-APE-9653473,2025-04-26,490.59,National Appliance Depot,INV-2026-80548,2025-04-26,2027-04-16,24,512,208,1,2026-09-05,Unresponsive touch panel,Diagnostic report inconclusive regarding whether component failure was thermal surge or defect.,Ambiguous Diagnostic,1,1,1,1,1,0,1,1,0,0,Manual Review
CLM-01079,PRD-01079,Consumer Electronics,QuantumCompute,NovaPhone 12 Lite,SN-QUA-8629616,2026-06-20,2348.93,Prime Retail Express,INV-2026-46318,2026-06-20,2029-06-04,36,92,988,1,2026-06-02,Bluetooth/Wi-Fi failure,Discrepancy detected: Claimed fault occurrence date predates registered purchase date.,Date Inconsistency,1,1,1,1,0,0,1,0,0,1,Manual Review
CLM-00027,PRD-00027,Consumer Electronics,NovaSound,QuantumBook Ultra 15,SN-NOV-7685149,2026-07-24,954.0,TechMegaStore Downtown,INV-2025-56025,2026-07-24,2028-07-13,24,58,662,0,2026-09-15,Battery failure to charge,Reported genuine hardware failure: Battery failure to charge under regular domestic usage.,Hardware Defect,1,1,1,1,1,0,1,0,0,0,Valid Claim
CLM-00484,PRD-00484,Consumer Electronics,VividDisplay,NovaPhone 12 Pro,SN-VIV-2425085,2026-08-01,2292.89,TechMegaStore Downtown,INV-2025-25003,2026-08-01,2029-07-16,36,50,1030,1,2026-09-01,Battery failure to charge,Reported genuine hardware failure: Battery failure to charge under regular domestic usage.,Hardware Defect,1,1,1,1,1,0,1,1,0,0,Valid Claim
CLM-00316,PRD-00316,Consumer Electronics,PixelCraft,ApexFit Chrono 3,SN-PIX-9741022,2026-08-11,857.88,Prime Retail Express,INV-2024-32973,2026-08-11,2028-07-31,24,40,680,0,2026-09-12,Bluetooth/Wi-Fi failure,Reported genuine hardware failure: Bluetooth/Wi-Fi failure under regular domestic usage.,Hardware Defect,1,1,1,1,0,0,1,1,0,0,Valid Claim
CLM-00367,PRD-00367,Consumer Electronics,PixelCraft,VividTab 11 Max,SN-PIX-5551347,2025-08-18,321.1,Official Brand Store,INV-2024-18729,2025-08-18,2027-08-08,24,398,322,0,2026-09-15,Screen flickering,Reported genuine hardware failure: Screen flickering under regular domestic usage.,Hardware Defect,1,1,1,1,1,0,1,1,0,0,Valid Claim
CLM-00351,PRD-00351,Consumer Electronics,NovaSound,ApexBook Pro 16,SN-NOV-1524686,2025-12-14,663.78,Industrial Supply Direct,INV-2024-22943,2025-12-14,2026-12-09,12,280,80,0,2026-09-02,Unresponsive touch panel,Reported genuine hardware failure: Unresponsive touch panel under regular domestic usage.,Hardware Defect,1,1,1,1,0,0,1,0,0,0,Valid Claim
CLM-00666,PRD-00666,Home Appliances,FrostGuard,KitchenPro Convection 30L,SN-FRO-9876767,2023-08-08,1121.91,Electronics Hub Metro,INV-2025-26232,2023-08-08,2026-07-23,36,1139,0,0,2026-09-07,Motor burnout,Failure: Motor burnout. Note: product warranty expired 59 days ago.,Hardware Wear,1,1,1,1,0,0,1,1,0,0,Invalid Claim
CLM-00390,PRD-00390,Consumer Electronics,QuantumCompute,NovaPad Pro 10,SN-QUA-1488508,2026-07-16,2112.7,Electronics Hub Metro,INV-2025-54294,2026-07-16,2028-07-05,24,66,654,0,2026-08-29,Motherboard failure,Reported genuine hardware failure: Motherboard failure under regular domestic usage.,Hardware Defect,1,1,1,1,0,0,1,1,0,0,Valid Claim
CLM-00080,PRD-00080,Home Appliances,FrostGuard,ThermaWash Eco,SN-FRO-5651899,2026-01-08,1672.45,Electronics Hub Metro,INV-2024-80807,2026-01-08,2029-12-18,48,255,1185,1,2026-08-28,Compressor failure,Reported genuine hardware failure: Compressor failure under regular domestic usage.,Hardware Defect,1,1,1,1,1,0,1,0,0,0,Valid Claim
CLM-00199,PRD-00199,Consumer Electronics,NovaSound,PixelSlate 12,SN-NOV-1868846,2024-08-31,1110.59,National Appliance Depot,INV-2026-40689,2024-08-31,2027-08-16,36,750,330,1,2026-09-15,Screen flickering,Reported genuine hardware failure: Screen flickering under regular domestic usage.,Hardware Defect,1,1,1,1,1,0,1,0,0,0,Valid Claim
CLM-00856,PRD-00856,Industrial & Automotive Tools,MegaWrench,IronGrind 9-inch Industrial,SN-MEG-4204180,2025-08-17,588.83,Electronics Hub Metro,INV-2026-11398,2025-08-17,2027-08-07,24,399,321,0,2026-09-10,Hydraulic pressure seal failure,Device submitted does not match registered unit. Serial on invoice differs from backplate.,Serial Mismatch,1,0,1,1,0,1,0,0,0,0,Invalid Claim
CLM-00323,PRD-00323,Consumer Electronics,NovaSound,NovaPhone 12 Pro,SN-NOV-6973148,2024-06-30,557.79,TechMegaStore Downtown,INV-2024-20287,2024-06-30,2027-06-15,36,812,268,1,2026-09-01,Screen flickering,Reported genuine hardware failure: Screen flickering under regular domestic usage.,Hardware Defect,1,1,1,1,0,0,1,0,0,0,Valid Claim
CLM-01358,PRD-01358,Consumer Electronics,VividDisplay,PixelSlate 12,SN-VIV-8659445,2026-05-24,967.39,Prime Retail Express,INV-2026-81176,2026-05-24,2028-05-13,24,119,601,0,2026-09-16,Unresponsive touch panel,Claim submitted without primary proof of purchase receipt. Customer submitted affidavit instead.,Incomplete Documentation,0,1,1,0,0,2,1,0,0,0,Manual Review
CLM-00678,PRD-00678,Home Appliances,KitchenPro,FrostGuard 450L Smart,SN-KIT-6752873,2024-08-09,781.36,Industrial Supply Direct,INV-2024-79934,2024-08-09,2026-07-30,24,772,0,0,2026-09-09,Drum spin malfunction,Failure: Drum spin malfunction. Note: product warranty expired 52 days ago.,Hardware Wear,1,1,1,1,0,0,1,2,0,0,Invalid Claim
CLM-00400,PRD-00400,Home Appliances,AeroBreeze,KitchenPro Grill 25L,SN-AER-4754647,2024-10-14,528.95,Prime Retail Express,INV-2025-57638,2024-10-14,2028-09-23,48,706,734,1,2026-09-08,Drum spin malfunction,Reported genuine hardware failure: Drum spin malfunction under regular domestic usage.,Hardware Defect,1,1,1,1,0,0,1,0,0,0,Valid Claim
CLM-01254,PRD-01254,Industrial & Automotive Tools,TitanPower,TitanAir 50L Heavy Duty,SN-TIT-2497141,2023-10-05,282.32,Industrial Supply Direct,INV-2025-23697,2023-10-05,2026-09-19,36,1081,0,1,2026-09-19,Chuck bearing breakdown,Fault occurred near warranty expiration boundary. Customer requests grace period evaluation.,Borderline Lifecycle,1,1,1,1,0,0,1,1,0,0,Manual Review
CLM-00602,PRD-00602,Consumer Electronics,PixelCraft,VividTab 11 Max,SN-PIX-1748853,2025-09-04,1261.99,TechMegaStore Downtown,INV-2026-98555,2025-09-04,2027-08-25,24,381,339,0,2026-09-12,Motherboard failure,Device submitted does not match registered unit. Serial on invoice differs from backplate.,Serial Mismatch,1,0,1,1,0,1,0,0,0,0,Invalid Claim
CLM-01260,PRD-01260,Home Appliances,AeroBreeze,KitchenPro Grill 25L,SN-AER-4556981,2024-01-02,1653.15,National Appliance Depot,INV-2024-30469,2024-01-02,2026-12-17,36,992,88,1,2026-09-18,Drum spin malfunction,Diagnostic report inconclusive regarding whether component failure was thermal surge or defect.,Ambiguous Diagnostic,1,1,1,1,1,0,1,1,0,0,Manual Review
CLM-00988,PRD-00988,Consumer Electronics,VividDisplay,QuantumPixel 8,SN-VIV-3970536,2026-05-31,2469.3,Electronics Hub Metro,INV-2025-62685,2026-05-31,2027-05-26,12,112,248,0,2026-09-11,Power surge overvoltage,Physical inspection reveals clear Power surge overvoltage violating warranty coverage terms.,Customer Induced Damage,1,1,1,1,0,0,1,0,0,0,Invalid Claim
CLM-01395,PRD-01395,Consumer Electronics,PixelCraft,NovaPhone 12 Lite,SN-PIX-9352271,2025-09-24,2011.2,TechMegaStore Downtown,INV-2026-30761,2025-09-24,2026-09-19,12,361,0,0,2026-09-19,Speaker malfunction,Fault occurred near warranty expiration boundary. Customer requests grace period evaluation.,Borderline Lifecycle,1,1,1,1,0,0,1,1,0,0,Manual Review
CLM-00239,PRD-00239,Industrial & Automotive Tools,TitanPower,TitanDrill 20V HD,SN-TIT-2437930,2024-04-13,917.36,Prime Retail Express,INV-2025-87296,2024-04-13,2027-03-29,36,890,190,1,2026-09-06,Trigger switch failure,Reported genuine hardware failure: Trigger switch failure under regular domestic usage.,Hardware Defect,1,1,1,1,0,0,1,1,0,0,Valid Claim
CLM-01400,PRD-01400,Home Appliances,FrostGuard,KitchenPro Grill 25L,SN-FRO-4964703,2025-10-11,309.1,Official Brand Store,INV-2025-40030,2025-10-11,2029-09-20,48,344,1096,1,2025-10-06,Water pump leakage,Discrepancy detected: Claimed fault occurrence date predates registered purchase date.,Date Inconsistency,1,1,1,1,0,0,1,0,0,1,Manual Review
CLM-00847,PRD-00847,Home Appliances,AeroBreeze,ThermaAir Silent,SN-AER-3374271,2025-03-26,763.31,Official Brand Store,INV-2024-90478,2025-03-26,2028-03-10,36,543,537,0,2026-09-10,Motor burnout,Unit previously opened and tampered with at non-authorized workshop (Joe's Unofficial Fix Shop).,Tampering,1,1,1,1,1,0,1,3,1,0,Invalid Claim
CLM-00051,PRD-00051,Consumer Electronics,QuantumCompute,ApexBook Air 14,SN-QUA-2914064,2026-03-22,2089.87,Industrial Supply Direct,INV-2025-19710,2026-03-22,2028-03-11,24,182,538,1,2026-08-31,Battery failure to charge,Reported genuine hardware failure: Battery failure to charge under regular domestic usage.,Hardware Defect,1,1,1,1,1,0,1,0,0,0,Valid Claim
CLM-00383,PRD-00383,Consumer Electronics,NovaSound,NovaWatch Ultra,SN-NOV-8981122,2025-02-07,1242.6,Industrial Supply Direct,INV-2024-88802,2025-02-07,2027-01-28,24,590,130,1,2026-09-10,Unresponsive touch panel,Reported genuine hardware failure: Unresponsive touch panel under regular domestic usage.,Hardware Defect,1,1,1,1,0,0,1,0,0,0,Valid Claim
CLM-00508,PRD-00508,Industrial & Automotive Tools,IronForge,IronGrind 9-inch Industrial,SN-IRO-2960284,2025-11-05,509.26,Electronics Hub Metro,INV-2025-46831,2025-11-05,2028-10-20,36,319,761,0,2026-09-14,Trigger switch failure,Device submitted does not match registered unit. Serial on invoice differs from backplate.,Serial Mismatch,1,0,1,1,0,1,0,0,0,0,Invalid Claim
CLM-01195,PRD-01195,Home Appliances,KitchenPro,FrostGuard Side-by-Side 600L,SN-KIT-1385216,2026-07-11,1883.04,Industrial Supply Direct,INV-2024-62165,2026-07-11,2028-06-30,24,71,649,0,2026-09-08,Drum spin malfunction,Diagnostic report inconclusive regarding whether component failure was thermal surge or defect.,Ambiguous Diagnostic,1,1,1,1,1,0,1,1,0,0,Manual Review
CLM-01225,PRD-01225,Consumer Electronics,QuantumCompute,PixelSlate 12,SN-QUA-3984642,2026-04-30,2301.09,National Appliance Depot,INV-2025-31978,2026-04-30,2027-04-25,12,143,217,0,2026-09-13,Unresponsive touch panel,Claim submitted without primary proof of purchase receipt. Customer submitted affidavit instead.,Incomplete Documentation,0,1,1,0,0,2,1,0,0,0,Manual Review
CLM-00583,PRD-00583,Industrial & Automotive Tools,TorqueMaster,IronForge TwinPiston 100L,SN-TOR-6497568,2024-07-28,433.25,Official Brand Store,INV-2025-26575,2024-07-28,2027-07-13,36,784,296,0,2026-09-16,Use of non-spec hydraulic oil,Physical inspection reveals clear Use of non-spec hydraulic oil violating warranty coverage terms.,Customer Induced Damage,1,1,1,1,0,0,1,0,0,0,Invalid Claim
CLM-01454,PRD-01454,Home Appliances,CleanCycle,FrostGuard 450L Smart,SN-CLE-8491253,2023-10-04,544.48,Industrial Supply Direct,INV-2026-89876,2023-10-04,2027-09-13,48,1082,358,1,2026-09-15,Compressor failure,Claim submitted without primary proof of purchase receipt. Customer submitted affidavit instead.,Incomplete Documentation,0,1,1,0,0,2,1,0,0,0,Manual Review
CLM-00789,PRD-00789,Home Appliances,KitchenPro,KitchenPro Convection 30L,SN-KIT-2311035,2025-12-28,502.51,Prime Retail Express,INV-2025-23226,2025-12-28,2027-12-18,24,266,454,0,2026-09-18,Electronic PCB failure,Device submitted does not match registered unit. Serial on invoice differs from backplate.,Serial Mismatch,1,0,1,1,0,1,0,0,0,0,Invalid Claim
CLM-00417,PRD-00417,Consumer Electronics,QuantumCompute,ApexBook Pro 16,SN-QUA-7689827,2026-02-03,1294.33,Industrial Supply Direct,INV-2026-79798,2026-02-03,2027-01-29,12,229,131,0,2026-09-03,Battery failure to charge,Reported genuine hardware failure: Battery failure to charge under regular domestic usage.,Hardware Defect,1,1,1,1,1,0,1,0,0,0,Valid Claim
CLM-00244,PRD-00244,Home Appliances,KitchenPro,ThermaWash Eco,SN-KIT-7739741,2025-11-19,361.05,National Appliance Depot,INV-2026-41139,2025-11-19,2027-11-09,24,305,415,0,2026-09-07,Compressor failure,Reported genuine hardware failure: Compressor failure under regular domestic usage.,Hardware Defect,1,1,1,1,0,0,1,0,0,0,Valid Claim
CLM-01447,PRD-01447,Home Appliances,ThermaPure,KitchenPro Convection 30L,SN-THE-5348804,2025-06-28,1296.6,TechMegaStore Downtown,INV-2026-97663,2025-06-28,2029-06-07,48,449,991,1,2026-09-17,Motor burnout,Claim submitted without primary proof of purchase receipt. Customer submitted affidavit instead.,Incomplete Documentation,0,1,1,0,0,2,1,0,0,0,Manual Review
CLM-00645,PRD-00645,Consumer Electronics,VividDisplay,QuantumBook Ultra 15,SN-VIV-8278315,2025-08-06,2429.37,Official Brand Store,INV-2026-62952,2025-08-06,2026-08-01,12,410,0,0,2026-09-08,Speaker malfunction,Failure: Speaker malfunction. Note: product warranty expired 50 days ago.,Hardware Wear,1,1,1,1,0,0,1,1,0,0,Invalid Claim
CLM-00108,PRD-00108,Industrial & Automotive Tools,TorqueMaster,MegaWash Pro 2500PSI,SN-TOR-1642620,2024-11-29,478.91,Industrial Supply Direct,INV-2026-28191,2024-11-29,2027-11-14,36,660,420,0,2026-09-18,Armature burning,Reported genuine hardware failure: Armature burning under regular domestic usage.,Hardware Defect,1,1,1,1,1,0,1,0,0,0,Valid Claim
CLM-00007,PRD-00007,Consumer Electronics,PixelCraft,PixelSlate 12,SN-PIX-8187926,2026-07-06,2263.99,Industrial Supply Direct,INV-2025-38746,2026-07-06,2027-07-01,12,76,284,0,2026-09-17,Screen flickering,Reported genuine hardware failure: Screen flickering under regular domestic usage.,Hardware Defect,1,1,1,1,1,0,1,0,0,0,Valid Claim
CLM-01312,PRD-01312,Home Appliances,ThermaPure,AeroBreeze DualCool 2.0T,SN-THE-8172217,2023-03-26,384.58,Prime Retail Express,INV-2024-80134,2023-03-26,2027-03-05,48,1274,166,1,2026-09-09,Motor burnout,Diagnostic report inconclusive regarding whether component failure was thermal surge or defect.,Ambiguous Diagnostic,1,1,1,1,1,0,1,2,0,0,Manual Review
CLM-01404,PRD-01404,Consumer Electronics,ApexTech,ApexBook Air 14,SN-APE-3299952,2026-05-05,240.77,Electronics Hub Metro,INV-2025-30748,2026-05-05,2028-04-24,24,138,582,1,2026-09-16,Bluetooth/Wi-Fi failure,Diagnostic report inconclusive regarding whether component failure was thermal surge or defect.,Ambiguous Diagnostic,1,1,1,1,1,0,1,1,0,0,Manual Review
CLM-01010,PRD-01010,Industrial & Automotive Tools,MegaWrench,TorqueMaster Brushless 18V,SN-MEG-9300525,2025-03-14,167.35,Prime Retail Express,INV-2025-32159,2025-03-14,2028-02-27,36,555,525,0,2026-09-14,Trigger switch failure,Claim submitted without primary proof of purchase receipt. Customer submitted affidavit instead.,Incomplete Documentation,0,1,1,0,0,2,1,0,0,0,Manual Review
CLM-00878,PRD-00878,Consumer Electronics,ApexTech,NovaPad Pro 10,SN-APE-6697318,2025-06-21,1082.35,Electronics Hub Metro,INV-2025-29758,2025-06-21,2027-06-11,24,456,264,0,2026-09-07,Speaker malfunction,Unit previously opened and tampered with at non-authorized workshop (Local QuickFix Electronics).,Tampering,1,1,1,1,1,0,1,2,1,0,Invalid Claim
CLM-00861,PRD-00861,Consumer Electronics,ApexTech,ApexFit Chrono 3,SN-APE-2089762,2025-12-27,642.76,Prime Retail Express,INV-2024-44948,2025-12-27,2026-12-22,12,267,93,0,2026-09-17,Third-party unauthorized disassembly,Physical inspection reveals clear Third-party unauthorized disassembly violating warranty coverage terms.,Customer Induced Damage,1,1,1,1,0,0,1,0,0,0,Invalid Claim
CLM-00658,PRD-00658,Industrial & Automotive Tools,TitanPower,IronForge TwinPiston 100L,SN-TIT-9616197,2026-05-29,969.21,Official Brand Store,INV-2024-28700,2026-05-29,2029-05-13,36,114,966,0,2026-09-06,Gearbox seizure,Unit previously opened and tampered with at non-authorized workshop (Downtown Third-Party Repair Stall).,Tampering,1,1,1,1,1,0,1,3,1,0,Invalid Claim
CLM-00891,PRD-00891,Home Appliances,CleanCycle,AeroBreeze DualCool 2.0T,SN-CLE-3546422,2025-12-03,1038.12,Official Brand Store,INV-2025-37608,2025-12-03,2027-11-23,24,291,429,0,2026-09-12,Compressor failure,Device submitted does not match registered unit. Serial on invoice differs from backplate.,Serial Mismatch,1,0,1,1,0,1,0,0,0,0,Invalid Claim
CLM-01345,PRD-01345,Industrial & Automotive Tools,TitanPower,TitanAir 50L Heavy Duty,SN-TIT-7813611,2026-08-20,973.65,National Appliance Depot,INV-2024-51304,2026-08-20,2030-07-30,48,31,1409,1,2026-09-17,Hydraulic pressure seal failure,Claim submitted without primary proof of purchase receipt. Customer submitted affidavit instead.,Incomplete Documentation,0,1,1,0,0,2,1,0,0,0,Manual Review
CLM-00830,PRD-00830,Industrial & Automotive Tools,TorqueMaster,IronForge TwinPiston 100L,SN-TOR-5900891,2025-10-23,917.17,Industrial Supply Direct,INV-2026-61407,2025-10-23,2028-10-07,36,332,748,0,2026-09-17,Hydraulic pressure seal failure,Device submitted does not match registered unit. Serial on invoice differs from backplate.,Serial Mismatch,1,0,1,1,0,1,0,0,0,0,Invalid Claim
CLM-00304,PRD-00304,Industrial & Automotive Tools,TorqueMaster,TitanPressure 3000PSI Commercial,SN-TOR-9663280,2025-05-28,615.72,National Appliance Depot,INV-2025-73191,2025-05-28,2028-05-12,36,480,600,1,2026-09-13,Hydraulic pressure seal failure,Reported genuine hardware failure: Hydraulic pressure seal failure under regular domestic usage.,Hardware Defect,1,1,1,1,1,0,1,1,0,0,Valid Claim
CLM-01479,PRD-01479,Home Appliances,FrostGuard,AeroBreeze Inverter 1.5T,SN-FRO-4888291,2025-09-04,1154.0,National Appliance Depot,INV-2024-74107,2025-09-04,2028-08-19,36,381,699,1,2025-08-19,Motor burnout,Discrepancy detected: Claimed fault occurrence date predates registered purchase date.,Date Inconsistency,1,1,1,1,0,0,1,0,0,1,Manual Review
CLM-00282,PRD-00282,Industrial & Automotive Tools,TorqueMaster,IronForge TwinPiston 100L,SN-TOR-9571853,2025-07-21,1050.95,Official Brand Store,INV-2025-97096,2025-07-21,2027-07-11,24,426,294,0,2026-09-05,Gearbox seizure,Reported genuine hardware failure: Gearbox seizure under regular domestic usage.,Hardware Defect,1,1,1,1,0,0,1,0,0,0,Valid Claim
CLM-00229,PRD-00229,Industrial & Automotive Tools,IronForge,TorqueMaster Brushless 18V,SN-IRO-6412383,2026-02-24,305.92,Electronics Hub Metro,INV-2026-67261,2026-02-24,2029-02-08,36,208,872,0,2026-08-27,Trigger switch failure,Reported genuine hardware failure: Trigger switch failure under regular domestic usage.,Hardware Defect,1,1,1,1,0,0,1,1,0,0,Valid Claim
CLM-00305,PRD-00305,Home Appliances,AeroBreeze,CleanCycle FrontLoad 8kg,SN-AER-3640018,2025-09-17,878.56,Official Brand Store,INV-2024-96652,2025-09-17,2027-09-07,24,368,352,0,2026-08-26,Compressor failure,Reported genuine hardware failure: Compressor failure under regular domestic usage.,Hardware Defect,1,1,1,1,0,0,1,0,0,0,Valid Claim
CLM-01144,PRD-01144,Consumer Electronics,VividDisplay,NovaPhone 12 Lite,SN-VIV-4154128,2026-06-22,2199.89,Official Brand Store,INV-2024-74213,2026-06-22,2028-06-11,24,90,630,0,2026-09-14,Screen flickering,Diagnostic report inconclusive regarding whether component failure was thermal surge or defect.,Ambiguous Diagnostic,1,1,1,1,1,0,1,2,0,0,Manual Review
CLM-00497,PRD-00497,Home Appliances,AeroBreeze,ThermaCold 320L,SN-AER-8422287,2025-10-21,920.55,Industrial Supply Direct,INV-2025-49438,2025-10-21,2028-10-05,36,334,746,1,2026-09-12,Motor burnout,Reported genuine hardware failure: Motor burnout under regular domestic usage.,Hardware Defect,1,1,1,1,0,0,1,1,0,0,Valid Claim
CLM-00358,PRD-00358,Home Appliances,ThermaPure,CleanCycle FrontLoad 8kg,SN-THE-6038238,2025-04-14,446.05,Industrial Supply Direct,INV-2026-38499,2025-04-14,2027-04-04,24,524,196,0,2026-09-13,Drum spin malfunction,Reported genuine hardware failure: Drum spin malfunction under regular domestic usage.,Hardware Defect,1,1,1,1,0,0,1,1,0,0,Valid Claim
CLM-01092,PRD-01092,Consumer Electronics,ApexTech,ApexBook Pro 16,SN-APE-5513811,2026-03-18,2078.77,Electronics Hub Metro,INV-2026-26270,2026-03-18,2028-03-07,24,186,534,0,2026-09-10,Motherboard failure,Claim submitted without primary proof of purchase receipt. Customer submitted affidavit instead.,Incomplete Documentation,0,1,1,0,0,2,1,0,0,0,Manual Review
CLM-00084,PRD-00084,Home Appliances,FrostGuard,ThermaCold 320L,SN-FRO-4607488,2025-06-22,987.11,Electronics Hub Metro,INV-2025-54424,2025-06-22,2028-06-06,36,455,625,0,2026-08-26,Compressor failure,Reported genuine hardware failure: Compressor failure under regular domestic usage.,Hardware Defect,1,1,1,1,0,0,1,0,0,0,Valid Claim
CLM-01354,PRD-01354,Home Appliances,ThermaPure,KitchenPro Convection 30L,SN-THE-6504465,2026-01-06,311.88,Electronics Hub Metro,INV-2026-55605,2026-01-06,2028-12-21,36,257,823,1,2026-09-12,Thermostat failure,Diagnostic report inconclusive regarding whether component failure was thermal surge or defect.,Ambiguous Diagnostic,1,1,1,1,1,0,1,2,0,0,Manual Review
CLM-00030,PRD-00030,Home Appliances,CleanCycle,CleanCycle FrontLoad 8kg,SN-CLE-7361002,2025-02-06,1382.71,Electronics Hub Metro,INV-2026-84593,2025-02-06,2028-01-22,36,591,489,0,2026-09-18,Thermostat failure,Reported genuine hardware failure: Thermostat failure under regular domestic usage.,Hardware Defect,1,1,1,1,1,0,1,0,0,0,Valid Claim
CLM-00028,PRD-00028,Consumer Electronics,QuantumCompute,QuantumBook Ultra 15,SN-QUA-6799667,2026-05-16,1874.65,National Appliance Depot,INV-2025-89457,2026-05-16,2027-05-11,12,127,233,0,2026-09-10,Screen flickering,Reported genuine hardware failure: Screen flickering under regular domestic usage.,Hardware Defect,1,1,1,1,0,0,1,0,0,0,Valid Claim
CLM-00750,PRD-00750,Industrial & Automotive Tools,ApexIndustrial,IronForge TwinPiston 100L,SN-APE-5706707,2025-09-22,519.2,Official Brand Store,INV-2025-39600,2025-09-22,2027-09-12,24,363,357,0,2026-09-06,Armature burning,Unit previously opened and tampered with at non-authorized workshop (Joe's Unofficial Fix Shop).,Tampering,1,1,1,1,1,0,1,3,1,0,Invalid Claim
CLM-00649,PRD-00649,Home Appliances,KitchenPro,ThermaCold 320L,SN-KIT-3081873,2026-08-06,1504.61,Electronics Hub Metro,INV-2026-25378,2026-08-06,2028-07-26,24,45,675,0,2026-09-01,Improper electrical supply rating,Physical inspection reveals clear Improper electrical supply rating violating warranty coverage terms.,Customer Induced Damage,1,1,1,1,0,0,1,0,0,0,Invalid Claim
CLM-00447,PRD-00447,Home Appliances,CleanCycle,FrostGuard 450L Smart,SN-CLE-7133596,2025-01-24,1043.56,TechMegaStore Downtown,INV-2025-58029,2025-01-24,2028-01-09,36,604,476,1,2026-08-27,Motor burnout,Reported genuine hardware failure: Motor burnout under regular domestic usage.,Hardware Defect,1,1,1,1,1,0,1,0,0,0,Valid Claim
CLM-01135,PRD-01135,Industrial & Automotive Tools,TitanPower,TorqueMaster Brushless 18V,SN-TIT-2596473,2023-10-04,1269.83,National Appliance Depot,INV-2025-26217,2023-10-04,2026-09-18,36,1082,0,1,2026-09-19,Gearbox seizure,Fault occurred near warranty expiration boundary. Customer requests grace period evaluation.,Borderline Lifecycle,1,1,1,1,0,0,1,1,0,0,Manual Review
CLM-00374,PRD-00374,Industrial & Automotive Tools,MegaWrench,MegaWash Pro 2500PSI,SN-MEG-4895376,2023-10-28,414.55,TechMegaStore Downtown,INV-2025-20417,2023-10-28,2027-10-07,48,1058,382,1,2026-08-30,Chuck bearing breakdown,Reported genuine hardware failure: Chuck bearing breakdown under regular domestic usage.,Hardware Defect,1,1,1,1,0,0,1,0,0,0,Valid Claim
CLM-01337,PRD-01337,Consumer Electronics,PixelCraft,ApexFit Chrono 3,SN-PIX-4579226,2026-04-15,2188.97,Industrial Supply Direct,INV-2025-27236,2026-04-15,2028-04-04,24,158,562,0,2026-09-12,Bluetooth/Wi-Fi failure,Diagnostic report inconclusive regarding whether component failure was thermal surge or defect.,Ambiguous Diagnostic,1,1,1,1,1,0,1,1,0,0,Manual Review
CLM-01360,PRD-01360,Industrial & Automotive Tools,IronForge,TitanAir 50L Heavy Duty,SN-IRO-8750129,2026-04-16,1279.8,TechMegaStore Downtown,INV-2026-88097,2026-04-16,2029-03-31,36,157,923,1,2026-09-17,Gearbox seizure,Diagnostic report inconclusive regarding whether component failure was thermal surge or defect.,Ambiguous Diagnostic,1,1,1,1,1,0,1,1,0,0,Manual Review
CLM-01189,PRD-01189,Consumer Electronics,VividDisplay,NovaPhone 12 Pro,SN-VIV-6713202,2025-09-21,1017.33,Industrial Supply Direct,INV-2026-82127,2025-09-21,2026-09-16,12,364,0,0,2026-09-16,Speaker malfunction,Fault occurred near warranty expiration boundary. Customer requests grace period evaluation.,Borderline Lifecycle,1,1,1,1,0,0,1,1,0,0,Manual Review
CLM-00934,PRD-00934,Industrial & Automotive Tools,TorqueMaster,TitanDrill 20V HD,SN-TOR-3019277,2026-02-07,1230.8,Official Brand Store,INV-2026-56974,2026-02-07,2029-01-22,36,225,855,0,2026-09-15,Armature burning,Device submitted does not match registered unit. Serial on invoice differs from backplate.,Serial Mismatch,1,0,1,1,0,1,0,0,0,0,Invalid Claim
CLM-01151,PRD-01151,Consumer Electronics,ApexTech,NovaPhone 12 Lite,SN-APE-6639627,2023-12-05,1019.83,Electronics Hub Metro,INV-2026-53703,2023-12-05,2026-11-19,36,1020,60,1,2026-09-10,Screen flickering,Diagnostic report inconclusive regarding whether component failure was thermal surge or defect.,Ambiguous Diagnostic,1,1,1,1,1,0,1,1,0,0,Manual Review
CLM-00926,PRD-00926,Consumer Electronics,PixelCraft,NovaPad Pro 10,SN-PIX-1388196,2026-07-03,521.62,Official Brand Store,INV-2025-66011,2026-07-03,2028-06-22,24,79,641,0,2026-09-10,Screen flickering,Device submitted does not match registered unit. Serial on invoice differs from backplate.,Serial Mismatch,1,0,1,1,0,1,0,0,0,0,Invalid Claim
CLM-00749,PRD-00749,Home Appliances,KitchenPro,CleanCycle FrontLoad 8kg,SN-KIT-8729158,2024-10-06,490.84,National Appliance Depot,INV-2024-86563,2024-10-06,2027-09-21,36,714,366,0,2026-09-17,Electronic PCB failure,Device submitted does not match registered unit. Serial on invoice differs from backplate.,Serial Mismatch,1,0,1,1,0,1,0,0,0,0,Invalid Claim
CLM-01247,PRD-01247,Home Appliances,AeroBreeze,KitchenPro Convection 30L,SN-AER-3924781,2026-04-18,1003.23,Electronics Hub Metro,INV-2024-53399,2026-04-18,2028-04-07,24,155,565,0,2026-09-15,Drum spin malfunction,Diagnostic report inconclusive regarding whether component failure was thermal surge or defect.,Ambiguous Diagnostic,1,1,1,1,1,0,1,2,0,0,Manual Review
CLM-01482,PRD-01482,Consumer Electronics,VividDisplay,VividTab 11 Max,SN-VIV-3347855,2026-02-04,1838.45,National Appliance Depot,INV-2024-63225,2026-02-04,2027-01-30,12,228,132,0,2026-09-09,Screen flickering,Diagnostic report inconclusive regarding whether component failure was thermal surge or defect.,Ambiguous Diagnostic,1,1,1,1,1,0,1,2,0,0,Manual Review
CLM-01211,PRD-01211,Home Appliances,FrostGuard,CleanCycle FrontLoad 8kg,SN-FRO-1235107,2025-11-27,1633.33,Official Brand Store,INV-2024-74431,2025-11-27,2028-11-11,36,297,783,1,2026-09-10,Drum spin malfunction,Claim submitted without primary proof of purchase receipt. Customer submitted affidavit instead.,Incomplete Documentation,0,1,1,0,0,2,1,0,0,0,Manual Review
CLM-00053,PRD-00053,Consumer Electronics,NovaSound,QuantumPixel 8,SN-NOV-5440025,2026-08-19,1717.98,Electronics Hub Metro,INV-2024-32782,2026-08-19,2028-08-08,24,32,688,1,2026-09-05,Speaker malfunction,Reported genuine hardware failure: Speaker malfunction under regular domestic usage.,Hardware Defect,1,1,1,1,0,0,1,0,0,0,Valid Claim
CLM-00412,PRD-00412,Consumer Electronics,PixelCraft,NovaWatch Ultra,SN-PIX-6242875,2025-03-15,1608.99,National Appliance Depot,INV-2026-11413,2025-03-15,2027-03-05,24,554,166,0,2026-09-03,Unresponsive touch panel,Reported genuine hardware failure: Unresponsive touch panel under regular domestic usage.,Hardware Defect,1,1,1,1,0,0,1,0,0,0,Valid Claim
CLM-01165,PRD-01165,Home Appliances,KitchenPro,ThermaWash Eco,SN-KIT-2360014,2023-10-01,431.21,Electronics Hub Metro,INV-2025-22879,2023-10-01,2026-09-15,36,1085,0,0,2026-09-19,Water pump leakage,Fault occurred near warranty expiration boundary. Customer requests grace period evaluation.,Borderline Lifecycle,1,1,1,1,0,0,1,1,0,0,Manual Review
CLM-00717,PRD-00717,Home Appliances,AeroBreeze,ThermaWash Eco,SN-AER-6371840,2023-11-23,1208.13,Prime Retail Express,INV-2025-18178,2023-11-23,2026-11-07,36,1032,48,0,2026-09-11,Motor burnout,Device submitted does not match registered unit. Serial on invoice differs from backplate.,Serial Mismatch,1,0,1,1,0,1,0,0,0,0,Invalid Claim
CLM-00254,PRD-00254,Industrial & Automotive Tools,TitanPower,IronForge TwinPiston 100L,SN-TIT-8898392,2026-05-22,296.14,National Appliance Depot,INV-2026-83273,2026-05-22,2028-05-11,24,121,599,0,2026-09-11,Gearbox seizure,Reported genuine hardware failure: Gearbox seizure under regular domestic usage.,Hardware Defect,1,1,1,1,1,0,1,0,0,0,Valid Claim
CLM-01094,PRD-01094,Consumer Electronics,PixelCraft,NovaPhone 12 Pro,SN-PIX-7160440,2023-10-04,1518.89,National Appliance Depot,INV-2025-42216,2023-10-04,2026-09-18,36,1082,0,1,2026-09-18,Bluetooth/Wi-Fi failure,Fault occurred near warranty expiration boundary. Customer requests grace period evaluation.,Borderline Lifecycle,1,1,1,1,0,0,1,1,0,0,Manual Review
CLM-01003,PRD-01003,Industrial & Automotive Tools,TorqueMaster,IronGrind 9-inch Industrial,SN-TOR-4643644,2026-06-24,537.34,Electronics Hub Metro,INV-2026-60369,2026-06-24,2030-06-03,48,88,1352,1,2026-09-07,Hydraulic pressure seal failure,Diagnostic report inconclusive regarding whether component failure was thermal surge or defect.,Ambiguous Diagnostic,1,1,1,1,1,0,1,2,0,0,Manual Review
CLM-00995,PRD-00995,Home Appliances,KitchenPro,CleanCycle QuickWash 7kg,SN-KIT-2067859,2023-05-27,659.38,Official Brand Store,INV-2024-54025,2023-05-27,2026-05-11,36,1212,0,0,2026-09-13,Motor burnout,Failure: Motor burnout. Note: product warranty expired 132 days ago.,Hardware Wear,1,1,1,1,0,0,1,2,0,0,Invalid Claim
CLM-01236,PRD-01236,Consumer Electronics,QuantumCompute,NovaPad Pro 10,SN-QUA-1566890,2025-10-05,1399.11,Official Brand Store,INV-2026-65795,2025-10-05,2027-09-25,24,350,370,1,2025-09-21,Unresponsive touch panel,Discrepancy detected: Claimed fault occurrence date predates registered purchase date.,Date Inconsistency,1,1,1,1,0,0,1,0,0,1,Manual Review
CLM-00319,PRD-00319,Consumer Electronics,QuantumCompute,NovaPhone 12 Lite,SN-QUA-1078038,2026-02-28,799.55,Industrial Supply Direct,INV-2026-23954,2026-02-28,2027-02-23,12,204,156,0,2026-09-15,Unresponsive touch panel,Reported genuine hardware failure: Unresponsive touch panel under regular domestic usage.,Hardware Defect,1,1,1,1,0,0,1,1,0,0,Valid Claim
CLM-01200,PRD-01200,Industrial & Automotive Tools,MegaWrench,TitanAir 50L Heavy Duty,SN-MEG-6213397,2024-07-02,1126.23,National Appliance Depot,INV-2026-15316,2024-07-02,2027-06-17,36,810,270,1,2026-09-15,Armature burning,Diagnostic report inconclusive regarding whether component failure was thermal surge or defect.,Ambiguous Diagnostic,1,1,1,1,1,0,1,1,0,0,Manual Review
CLM-00165,PRD-00165,Industrial & Automotive Tools,TitanPower,TorqueGrinder 1500W,SN-TIT-1110936,2026-08-04,761.04,Industrial Supply Direct,INV-2024-12192,2026-08-04,2029-07-19,36,47,1033,0,2026-09-02,Chuck bearing breakdown,Reported genuine hardware failure: Chuck bearing breakdown under regular domestic usage.,Hardware Defect,1,1,1,1,0,0,1,0,0,0,Valid Claim
CLM-00779,PRD-00779,Industrial & Automotive Tools,ApexIndustrial,IronForge Impact 24V,SN-APE-7162932,2024-05-10,916.85,Industrial Supply Direct,INV-2025-24068,2024-05-10,2027-04-25,36,863,217,0,2026-09-12,Hydraulic pressure seal failure,Device submitted does not match registered unit. Serial on invoice differs from backplate.,Serial Mismatch,1,0,1,1,0,1,0,0,0,0,Invalid Claim
CLM-01405,PRD-01405,Consumer Electronics,NovaSound,VividTab 11 Max,SN-NOV-5087783,2026-07-05,1928.36,Industrial Supply Direct,INV-2026-62891,2026-07-05,2028-06-24,24,77,643,0,2026-09-09,Unresponsive touch panel,Diagnostic report inconclusive regarding whether component failure was thermal surge or defect.,Ambiguous Diagnostic,1,1,1,1,1,0,1,2,0,0,Manual Review
CLM-01012,PRD-01012,Industrial & Automotive Tools,IronForge,IronGrind 9-inch Industrial,SN-IRO-1526365,2026-01-19,299.25,Prime Retail Express,INV-2024-85189,2026-01-19,2028-01-09,24,244,476,0,2026-09-11,Chuck bearing breakdown,Diagnostic report inconclusive regarding whether component failure was thermal surge or defect.,Ambiguous Diagnostic,1,1,1,1,1,0,1,2,0,0,Manual Review
CLM-00560,PRD-00560,Home Appliances,KitchenPro,KitchenPro Convection 30L,SN-KIT-9469478,2025-11-15,1830.87,National Appliance Depot,INV-2026-54909,2025-11-15,2028-10-30,36,309,771,0,2026-09-15,Water pump leakage,Device submitted does not match registered unit. Serial on invoice differs from backplate.,Serial Mismatch,1,0,1,1,0,1,0,0,0,0,Invalid Claim
CLM-00101,PRD-00101,Consumer Electronics,VividDisplay,NovaPhone 12 Lite,SN-VIV-7575963,2026-04-13,495.59,Official Brand Store,INV-2024-50577,2026-04-13,2028-04-02,24,160,560,0,2026-08-28,Bluetooth/Wi-Fi failure,Reported genuine hardware failure: Bluetooth/Wi-Fi failure under regular domestic usage.,Hardware Defect,1,1,1,1,0,0,1,1,0,0,Valid Claim
CLM-01329,PRD-01329,Home Appliances,AeroBreeze,AeroBreeze Inverter 1.5T,SN-AER-3364132,2024-09-27,1264.05,Industrial Supply Direct,INV-2025-77138,2024-09-27,2026-09-17,24,723,0,0,2026-09-17,Thermostat failure,Fault occurred near warranty expiration boundary. Customer requests grace period evaluation.,Borderline Lifecycle,1,1,1,1,0,0,1,1,0,0,Manual Review
CLM-00733,PRD-00733,Consumer Electronics,ApexTech,QuantumPixel 8,SN-APE-2735086,2026-03-10,454.14,Prime Retail Express,INV-2024-24034,2026-03-10,2027-03-05,12,194,166,0,2026-09-15,Screen flickering,Unit previously opened and tampered with at non-authorized workshop (Local QuickFix Electronics).,Tampering,1,1,1,1,1,0,1,2,1,0,Invalid Claim
CLM-00725,PRD-00725,Industrial & Automotive Tools,MegaWrench,TorqueGrinder 1500W,SN-MEG-2664720,2026-05-07,1293.67,TechMegaStore Downtown,INV-2024-95147,2026-05-07,2028-04-26,24,136,584,0,2026-09-11,Trigger switch failure,Device submitted does not match registered unit. Serial on invoice differs from backplate.,Serial Mismatch,1,0,1,1,0,1,0,0,0,0,Invalid Claim
CLM-00842,PRD-00842,Consumer Electronics,NovaSound,NovaPad Pro 10,SN-NOV-2403154,2025-07-31,418.39,Electronics Hub Metro,INV-2024-74200,2025-07-31,2026-07-26,12,416,0,0,2026-09-03,Unresponsive touch panel,Failure: Unresponsive touch panel. Note: product warranty expired 56 days ago.,Hardware Wear,1,1,1,1,0,0,1,1,0,0,Invalid Claim
CLM-00796,PRD-00796,Home Appliances,ThermaPure,ThermaCold 320L,SN-THE-6902041,2024-04-13,608.83,Industrial Supply Direct,INV-2024-41217,2024-04-13,2026-04-03,24,890,0,0,2026-09-15,Motor burnout,Failure: Motor burnout. Note: product warranty expired 170 days ago.,Hardware Wear,1,1,1,1,0,0,1,1,0,0,Invalid Claim
CLM-01194,PRD-01194,Consumer Electronics,PixelCraft,VividTab 11 Max,SN-PIX-6194113,2025-10-24,1508.81,Electronics Hub Metro,INV-2024-34952,2025-10-24,2027-10-14,24,331,389,1,2026-09-16,Speaker malfunction,Claim submitted without primary proof of purchase receipt. Customer submitted affidavit instead.,Incomplete Documentation,0,1,1,0,0,2,1,0,0,0,Manual Review
CLM-01473,PRD-01473,Industrial & Automotive Tools,MegaWrench,IronGrind 9-inch Industrial,SN-MEG-6970859,2023-06-11,890.81,TechMegaStore Downtown,INV-2025-60777,2023-06-11,2027-05-21,48,1197,243,1,2023-05-31,Chuck bearing breakdown,Discrepancy detected: Claimed fault occurrence date predates registered purchase date.,Date Inconsistency,1,1,1,1,0,0,1,0,0,1,Manual Review
CLM-00788,PRD-00788,Industrial & Automotive Tools,TorqueMaster,TorqueMaster Brushless 18V,SN-TOR-9860962,2024-10-27,719.6,Electronics Hub Metro,INV-2026-72093,2024-10-27,2027-10-12,36,693,387,0,2026-09-09,Hydraulic pressure seal failure,Unit previously opened and tampered with at non-authorized workshop (Local QuickFix Electronics).,Tampering,1,1,1,1,1,0,1,2,1,0,Invalid Claim
CLM-00530,PRD-00530,Consumer Electronics,QuantumCompute,NovaWatch Ultra,SN-QUA-9283332,2026-03-11,897.4,Electronics Hub Metro,INV-2026-16166,2026-03-11,2027-03-06,12,193,167,0,2026-09-12,Bluetooth/Wi-Fi failure,Unit previously opened and tampered with at non-authorized workshop (Downtown Third-Party Repair Stall).,Tampering,1,1,1,1,1,0,1,1,1,0,Invalid Claim
CLM-01110,PRD-01110,Consumer Electronics,QuantumCompute,ApexFit Chrono 3,SN-QUA-4590803,2026-03-07,1131.23,Electronics Hub Metro,INV-2025-41881,2026-03-07,2027-03-02,12,197,163,0,2026-09-12,Screen flickering,Claim submitted without primary proof of purchase receipt. Customer submitted affidavit instead.,Incomplete Documentation,0,1,1,0,0,2,1,0,0,0,Manual Review
CLM-00067,PRD-00067,Industrial & Automotive Tools,TitanPower,MegaWash Pro 2500PSI,SN-TIT-8280833,2024-12-16,1274.09,Official Brand Store,INV-2026-23173,2024-12-16,2028-11-25,48,643,797,1,2026-09-18,Armature burning,Reported genuine hardware failure: Armature burning under regular domestic usage.,Hardware Defect,1,1,1,1,0,0,1,0,0,0,Valid Claim
CLM-01140,PRD-01140,Industrial & Automotive Tools,MegaWrench,IronGrind 9-inch Industrial,SN-MEG-5910796,2024-11-28,544.91,Industrial Supply Direct,INV-2026-63941,2024-11-28,2027-11-13,36,661,419,0,2026-09-17,Chuck bearing breakdown,Claim submitted without primary proof of purchase receipt. Customer submitted affidavit instead.,Incomplete Documentation,0,1,1,0,0,2,1,0,0,0,Manual Review
CLM-01275,PRD-01275,Consumer Electronics,VividDisplay,NovaPhone 12 Lite,SN-VIV-1823831,2025-05-21,1314.55,Prime Retail Express,INV-2025-42537,2025-05-21,2027-05-11,24,487,233,1,2025-05-11,Motherboard failure,Discrepancy detected: Claimed fault occurrence date predates registered purchase date.,Date Inconsistency,1,1,1,1,0,0,1,0,0,1,Manual Review
CLM-00907,PRD-00907,Consumer Electronics,PixelCraft,NovaPad Pro 10,SN-PIX-9670766,2025-10-28,1132.44,Prime Retail Express,INV-2024-55116,2025-10-28,2026-10-23,12,327,33,0,2026-09-12,Speaker malfunction,Unit previously opened and tampered with at non-authorized workshop (Corner Hardware & Mobile Repairs).,Tampering,1,1,1,1,1,0,1,3,1,0,Invalid Claim
CLM-00295,PRD-00295,Industrial & Automotive Tools,TorqueMaster,TitanAir 50L Heavy Duty,SN-TOR-4704207,2024-04-02,858.42,National Appliance Depot,INV-2024-25023,2024-04-02,2027-03-18,36,901,179,1,2026-09-01,Chuck bearing breakdown,Reported genuine hardware failure: Chuck bearing breakdown under regular domestic usage.,Hardware Defect,1,1,1,1,0,0,1,0,0,0,Valid Claim
CLM-00346,PRD-00346,Home Appliances,FrostGuard,CleanCycle QuickWash 7kg,SN-FRO-5172867,2026-04-21,551.32,TechMegaStore Downtown,INV-2026-91087,2026-04-21,2030-03-31,48,152,1288,1,2026-09-07,Water pump leakage,Reported genuine hardware failure: Water pump leakage under regular domestic usage.,Hardware Defect,1,1,1,1,1,0,1,1,0,0,Valid Claim
CLM-01269,PRD-01269,Consumer Electronics,VividDisplay,NovaWatch Ultra,SN-VIV-9920306,2025-03-21,2175.63,Official Brand Store,INV-2025-68565,2025-03-21,2027-03-11,24,548,172,0,2025-03-16,Motherboard failure,Discrepancy detected: Claimed fault occurrence date predates registered purchase date.,Date Inconsistency,1,1,1,1,0,0,1,0,0,1,Manual Review
CLM-00689,PRD-00689,Home Appliances,FrostGuard,FrostGuard 450L Smart,SN-FRO-1733836,2024-08-14,510.49,TechMegaStore Downtown,INV-2025-28695,2024-08-14,2026-08-04,24,767,0,0,2026-09-05,Water pump leakage,Failure: Water pump leakage. Note: product warranty expired 47 days ago.,Hardware Wear,1,1,1,1,0,0,1,0,0,0,Invalid Claim
CLM-00240,PRD-00240,Industrial & Automotive Tools,ApexIndustrial,IronGrind 9-inch Industrial,SN-APE-6013906,2023-12-23,239.8,Official Brand Store,INV-2024-75811,2023-12-23,2026-12-07,36,1002,78,1,2026-09-04,Hydraulic pressure seal failure,Reported genuine hardware failure: Hydraulic pressure seal failure under regular domestic usage.,Hardware Defect,1,1,1,1,0,0,1,0,0,0,Valid Claim
CLM-00675,PRD-00675,Industrial & Automotive Tools,IronForge,IronGrind 9-inch Industrial,SN-IRO-1797863,2025-10-23,358.01,TechMegaStore Downtown,INV-2024-96563,2025-10-23,2028-10-07,36,332,748,0,2026-09-03,Unlubricated operation,Physical inspection reveals clear Unlubricated operation violating warranty coverage terms.,Customer Induced Damage,1,1,1,1,0,0,1,0,0,0,Invalid Claim
CLM-00909,PRD-00909,Industrial & Automotive Tools,TorqueMaster,IronForge Impact 24V,SN-TOR-6981102,2025-08-04,722.61,Prime Retail Express,INV-2026-11599,2025-08-04,2027-07-25,24,412,308,0,2026-09-17,Use of non-spec hydraulic oil,Physical inspection reveals clear Use of non-spec hydraulic oil violating warranty coverage terms.,Customer Induced Damage,1,1,1,1,0,0,1,0,0,0,Invalid Claim
CLM-00851,PRD-00851,Industrial & Automotive Tools,TorqueMaster,TitanAir 50L Heavy Duty,SN-TOR-5697377,2024-12-10,354.07,Prime Retail Express,INV-2024-26607,2024-12-10,2027-11-25,36,649,431,0,2026-09-05,Trigger switch failure,Unit previously opened and tampered with at non-authorized workshop (Joe's Unofficial Fix Shop).,Tampering,1,1,1,1,1,0,1,3,1,0,Invalid Claim
CLM-00475,PRD-00475,Industrial & Automotive Tools,TorqueMaster,TitanPressure 3000PSI Commercial,SN-TOR-7833061,2026-02-19,483.18,Industrial Supply Direct,INV-2024-19123,2026-02-19,2029-02-03,36,213,867,0,2026-09-18,Chuck bearing breakdown,Reported genuine hardware failure: Chuck bearing breakdown under regular domestic usage.,Hardware Defect,1,1,1,1,0,0,1,0,0,0,Valid Claim
CLM-00151,PRD-00151,Home Appliances,FrostGuard,ThermaAir Silent,SN-FRO-2010921,2026-02-18,1794.33,TechMegaStore Downtown,INV-2025-14159,2026-02-18,2029-02-02,36,214,866,0,2026-09-14,Water pump leakage,Reported genuine hardware failure: Water pump leakage under regular domestic usage.,Hardware Defect,1,1,1,1,0,0,1,1,0,0,Valid Claim
CLM-00763,PRD-00763,Home Appliances,ThermaPure,KitchenPro Convection 30L,SN-THE-9712557,2025-08-11,1464.14,TechMegaStore Downtown,INV-2024-63781,2025-08-11,2027-08-01,24,405,315,0,2026-09-03,Commercial heavy utilization,Physical inspection reveals clear Commercial heavy utilization violating warranty coverage terms.,Customer Induced Damage,1,1,1,1,0,0,1,0,0,0,Invalid Claim
CLM-00606,PRD-00606,Industrial & Automotive Tools,IronForge,TorqueMaster Brushless 18V,SN-IRO-8448860,2025-07-24,209.28,TechMegaStore Downtown,INV-2024-59465,2025-07-24,2027-07-14,24,423,297,0,2026-09-11,"Normal consumable wear (brushes, chuck teeth)","Physical inspection reveals clear Normal consumable wear (brushes, chuck teeth) violating warranty coverage terms.",Customer Induced Damage,1,1,1,1,0,0,1,0,0,0,Invalid Claim
CLM-00201,PRD-00201,Consumer Electronics,VividDisplay,NovaPad Pro 10,SN-VIV-3300647,2025-02-24,1079.26,Electronics Hub Metro,INV-2026-98753,2025-02-24,2027-02-14,24,573,147,1,2026-08-31,Screen flickering,Reported genuine hardware failure: Screen flickering under regular domestic usage.,Hardware Defect,1,1,1,1,0,0,1,0,0,0,Valid Claim
CLM-01423,PRD-01423,Consumer Electronics,VividDisplay,PixelSlate 12,SN-VIV-6005392,2023-10-05,634.05,Official Brand Store,INV-2025-61976,2023-10-05,2026-09-19,36,1081,0,1,2026-09-18,Unresponsive touch panel,Fault occurred near warranty expiration boundary. Customer requests grace period evaluation.,Borderline Lifecycle,1,1,1,1,0,0,1,1,0,0,Manual Review
CLM-00632,PRD-00632,Home Appliances,ThermaPure,CleanCycle FrontLoad 8kg,SN-THE-1279010,2024-11-28,1313.04,TechMegaStore Downtown,INV-2026-52667,2024-11-28,2027-11-13,36,661,419,0,2026-09-03,Improper electrical supply rating,Physical inspection reveals clear Improper electrical supply rating violating warranty coverage terms.,Customer Induced Damage,1,1,1,1,0,0,1,0,0,0,Invalid Claim
CLM-00127,PRD-00127,Home Appliances,AeroBreeze,KitchenPro Grill 25L,SN-AER-6707484,2026-04-10,1269.66,National Appliance Depot,INV-2026-51853,2026-04-10,2029-03-25,36,163,917,0,2026-09-07,Electronic PCB failure,Reported genuine hardware failure: Electronic PCB failure under regular domestic usage.,Hardware Defect,1,1,1,1,0,0,1,0,0,0,Valid Claim
CLM-01266,PRD-01266,Home Appliances,CleanCycle,AeroBreeze Inverter 1.5T,SN-CLE-3715801,2026-04-24,977.09,TechMegaStore Downtown,INV-2026-11720,2026-04-24,2028-04-13,24,149,571,0,2026-09-16,Electronic PCB failure,Diagnostic report inconclusive regarding whether component failure was thermal surge or defect.,Ambiguous Diagnostic,1,1,1,1,1,0,1,1,0,0,Manual Review
CLM-00290,PRD-00290,Home Appliances,KitchenPro,FrostGuard 450L Smart,SN-KIT-8302077,2025-05-08,1333.5,TechMegaStore Downtown,INV-2026-99921,2025-05-08,2028-04-22,36,500,580,1,2026-08-27,Thermostat failure,Reported genuine hardware failure: Thermostat failure under regular domestic usage.,Hardware Defect,1,1,1,1,1,0,1,0,0,0,Valid Claim
CLM-00991,PRD-00991,Consumer Electronics,NovaSound,NovaWatch Ultra,SN-NOV-6492500,2025-01-19,583.94,Official Brand Store,INV-2025-99247,2025-01-19,2027-01-09,24,609,111,0,2026-09-13,Battery failure to charge,Unit previously opened and tampered with at non-authorized workshop (Joe's Unofficial Fix Shop).,Tampering,1,1,1,1,1,0,1,1,1,0,Invalid Claim
CLM-00620,PRD-00620,Home Appliances,CleanCycle,ThermaWash Eco,SN-CLE-4283565,2025-07-03,546.56,Electronics Hub Metro,INV-2024-11682,2025-07-03,2028-06-17,36,444,636,0,2026-09-12,Drum spin malfunction,Device submitted does not match registered unit. Serial on invoice differs from backplate.,Serial Mismatch,1,0,1,1,0,1,0,0,0,0,Invalid Claim
CLM-00743,PRD-00743,Consumer Electronics,VividDisplay,QuantumBook Ultra 15,SN-VIV-2255341,2025-08-29,1519.08,Official Brand Store,INV-2025-99408,2025-08-29,2027-08-19,24,387,333,0,2026-09-14,Motherboard failure,Unit previously opened and tampered with at non-authorized workshop (Local QuickFix Electronics).,Tampering,1,1,1,1,1,0,1,2,1,0,Invalid Claim
CLM-01439,PRD-01439,Home Appliances,AeroBreeze,FrostGuard 450L Smart,SN-AER-3384125,2026-02-06,1747.51,Industrial Supply Direct,INV-2026-43361,2026-02-06,2029-01-21,36,226,854,1,2026-09-16,Compressor failure,Diagnostic report inconclusive regarding whether component failure was thermal surge or defect.,Ambiguous Diagnostic,1,1,1,1,1,0,1,2,0,0,Manual Review
CLM-00263,PRD-00263,Industrial & Automotive Tools,ApexIndustrial,TorqueMaster Brushless 18V,SN-APE-2694160,2026-05-06,910.86,National Appliance Depot,INV-2026-89381,2026-05-06,2028-04-25,24,137,583,0,2026-09-02,Trigger switch failure,Reported genuine hardware failure: Trigger switch failure under regular domestic usage.,Hardware Defect,1,1,1,1,1,0,1,0,0,0,Valid Claim
CLM-00366,PRD-00366,Industrial & Automotive Tools,MegaWrench,TitanAir 50L Heavy Duty,SN-MEG-9778944,2025-08-01,1011.91,Prime Retail Express,INV-2025-91663,2025-08-01,2028-07-16,36,415,665,1,2026-08-31,Trigger switch failure,Reported genuine hardware failure: Trigger switch failure under regular domestic usage.,Hardware Defect,1,1,1,1,1,0,1,0,0,0,Valid Claim
CLM-01224,PRD-01224,Industrial & Automotive Tools,MegaWrench,TitanAir 50L Heavy Duty,SN-MEG-5517306,2026-02-24,1056.97,Electronics Hub Metro,INV-2024-81589,2026-02-24,2028-02-14,24,208,512,0,2026-09-14,Armature burning,Diagnostic report inconclusive regarding whether component failure was thermal surge or defect.,Ambiguous Diagnostic,1,1,1,1,1,0,1,2,0,0,Manual Review
CLM-00365,PRD-00365,Industrial & Automotive Tools,TitanPower,TitanDrill 20V HD,SN-TIT-5077673,2024-12-05,1240.28,Electronics Hub Metro,INV-2025-11800,2024-12-05,2028-11-14,48,654,786,1,2026-09-04,Chuck bearing breakdown,Reported genuine hardware failure: Chuck bearing breakdown under regular domestic usage.,Hardware Defect,1,1,1,1,1,0,1,0,0,0,Valid Claim
CLM-00913,PRD-00913,Consumer Electronics,QuantumCompute,NovaWatch Ultra,SN-QUA-4311759,2024-12-17,428.71,Prime Retail Express,INV-2024-88419,2024-12-17,2026-12-07,24,642,78,0,2026-09-17,Unresponsive touch panel,Unit previously opened and tampered with at non-authorized workshop (Corner Hardware & Mobile Repairs).,Tampering,1,1,1,1,1,0,1,1,1,0,Invalid Claim
CLM-00444,PRD-00444,Consumer Electronics,QuantumCompute,QuantumBook Ultra 15,SN-QUA-4657541,2025-04-17,504.24,National Appliance Depot,INV-2024-94887,2025-04-17,2027-04-07,24,521,199,1,2026-08-28,Battery failure to charge,Reported genuine hardware failure: Battery failure to charge under regular domestic usage.,Hardware Defect,1,1,1,1,1,0,1,0,0,0,Valid Claim
CLM-00872,PRD-00872,Home Appliances,KitchenPro,FrostGuard 450L Smart,SN-KIT-3791472,2026-03-31,1774.77,Prime Retail Express,INV-2026-78692,2026-03-31,2028-03-20,24,173,547,0,2026-09-08,Commercial heavy utilization,Physical inspection reveals clear Commercial heavy utilization violating warranty coverage terms.,Customer Induced Damage,1,1,1,1,0,0,1,0,0,0,Invalid Claim
CLM-01156,PRD-01156,Industrial & Automotive Tools,MegaWrench,IronForge Impact 24V,SN-MEG-1358384,2026-02-02,916.39,Electronics Hub Metro,INV-2024-30572,2026-02-02,2029-01-17,36,230,850,1,2026-09-15,Hydraulic pressure seal failure,Claim submitted without primary proof of purchase receipt. Customer submitted affidavit instead.,Incomplete Documentation,0,1,1,0,0,2,1,0,0,0,Manual Review
CLM-01126,PRD-01126,Consumer Electronics,VividDisplay,PixelSlate 12,SN-VIV-7972202,2025-09-29,571.28,Industrial Supply Direct,INV-2024-31483,2025-09-29,2028-09-13,36,356,724,1,2025-09-22,Screen flickering,Discrepancy detected: Claimed fault occurrence date predates registered purchase date.,Date Inconsistency,1,1,1,1,0,0,1,0,0,1,Manual Review
CLM-00948,PRD-00948,Consumer Electronics,VividDisplay,QuantumBook Ultra 15,SN-VIV-3118949,2026-01-20,2207.61,National Appliance Depot,INV-2025-67168,2026-01-20,2027-01-15,12,243,117,0,2026-09-02,Screen shattering from drops,Physical inspection reveals clear Screen shattering from drops violating warranty coverage terms.,Customer Induced Damage,1,1,1,1,0,0,1,0,0,0,Invalid Claim
CLM-00837,PRD-00837,Industrial & Automotive Tools,TitanPower,TorqueGrinder 1500W,SN-TIT-3633108,2024-07-03,474.55,TechMegaStore Downtown,INV-2024-92779,2024-07-03,2026-06-23,24,809,0,0,2026-09-12,Chuck bearing breakdown,Failure: Chuck bearing breakdown. Note: product warranty expired 89 days ago.,Hardware Wear,1,1,1,1,0,0,1,2,0,0,Invalid Claim
CLM-01018,PRD-01018,Industrial & Automotive Tools,TorqueMaster,TorqueMaster Brushless 18V,SN-TOR-9515853,2023-10-05,156.26,Electronics Hub Metro,INV-2024-44506,2023-10-05,2026-09-19,36,1081,0,1,2026-09-18,Hydraulic pressure seal failure,Fault occurred near warranty expiration boundary. Customer requests grace period evaluation.,Borderline Lifecycle,1,1,1,1,0,0,1,1,0,0,Manual Review
CLM-00388,PRD-00388,Home Appliances,KitchenPro,KitchenPro Convection 30L,SN-KIT-4904421,2026-04-23,1432.74,Electronics Hub Metro,INV-2024-25493,2026-04-23,2028-04-12,24,150,570,0,2026-08-26,Motor burnout,Reported genuine hardware failure: Motor burnout under regular domestic usage.,Hardware Defect,1,1,1,1,0,0,1,0,0,0,Valid Claim
CLM-01385,PRD-01385,Consumer Electronics,ApexTech,QuantumBook Ultra 15,SN-APE-1503109,2026-03-29,1427.56,Official Brand Store,INV-2026-25988,2026-03-29,2028-03-18,24,175,545,0,2026-09-17,Screen flickering,Claim submitted without primary proof of purchase receipt. Customer submitted affidavit instead.,Incomplete Documentation,0,1,1,0,0,2,1,0,0,0,Manual Review
CLM-00584,PRD-00584,Industrial & Automotive Tools,MegaWrench,TitanDrill 20V HD,SN-MEG-7511503,2026-02-19,1013.0,Official Brand Store,INV-2026-59055,2026-02-19,2029-02-03,36,213,867,0,2026-09-13,Gearbox seizure,Device submitted does not match registered unit. Serial on invoice differs from backplate.,Serial Mismatch,1,0,1,1,0,1,0,0,0,0,Invalid Claim
CLM-01436,PRD-01436,Industrial & Automotive Tools,ApexIndustrial,TitanAir 50L Heavy Duty,SN-APE-5179267,2026-05-27,870.28,Industrial Supply Direct,INV-2026-20001,2026-05-27,2029-05-11,36,116,964,1,2026-09-17,Armature burning,Claim submitted without primary proof of purchase receipt. Customer submitted affidavit instead.,Incomplete Documentation,0,1,1,0,0,2,1,0,0,0,Manual Review
CLM-00315,PRD-00315,Industrial & Automotive Tools,ApexIndustrial,TitanDrill 20V HD,SN-APE-1088762,2026-04-12,1074.02,Electronics Hub Metro,INV-2025-88675,2026-04-12,2030-03-22,48,161,1279,1,2026-09-10,Hydraulic pressure seal failure,Reported genuine hardware failure: Hydraulic pressure seal failure under regular domestic usage.,Hardware Defect,1,1,1,1,0,0,1,1,0,0,Valid Claim
CLM-01388,PRD-01388,Home Appliances,KitchenPro,KitchenPro Convection 30L,SN-KIT-8213778,2024-09-29,939.49,National Appliance Depot,INV-2025-34680,2024-09-29,2026-09-19,24,721,0,0,2026-09-17,Compressor failure,Fault occurred near warranty expiration boundary. Customer requests grace period evaluation.,Borderline Lifecycle,1,1,1,1,0,0,1,1,0,0,Manual Review
CLM-01313,PRD-01313,Industrial & Automotive Tools,IronForge,TitanDrill 20V HD,SN-IRO-5042026,2024-05-10,889.2,TechMegaStore Downtown,INV-2024-80337,2024-05-10,2027-04-25,36,863,217,0,2026-09-09,Trigger switch failure,Diagnostic report inconclusive regarding whether component failure was thermal surge or defect.,Ambiguous Diagnostic,1,1,1,1,1,0,1,2,0,0,Manual Review
CLM-00321,PRD-00321,Consumer Electronics,QuantumCompute,NovaPhone 12 Lite,SN-QUA-6923972,2026-07-05,1386.96,TechMegaStore Downtown,INV-2026-44517,2026-07-05,2027-06-30,12,77,283,0,2026-09-06,Bluetooth/Wi-Fi failure,Reported genuine hardware failure: Bluetooth/Wi-Fi failure under regular domestic usage.,Hardware Defect,1,1,1,1,0,0,1,0,0,0,Valid Claim
CLM-00688,PRD-00688,Industrial & Automotive Tools,TorqueMaster,TitanAir 50L Heavy Duty,SN-TOR-2208776,2026-07-30,639.35,Industrial Supply Direct,INV-2026-62757,2026-07-30,2028-07-19,24,52,668,0,2026-09-15,Use of non-spec hydraulic oil,Physical inspection reveals clear Use of non-spec hydraulic oil violating warranty coverage terms.,Customer Induced Damage,1,1,1,1,0,0,1,0,0,0,Invalid Claim
CLM-00683,PRD-00683,Home Appliances,AeroBreeze,ThermaCold 320L,SN-AER-5659980,2025-02-10,1782.6,National Appliance Depot,INV-2024-94202,2025-02-10,2027-01-31,24,587,133,0,2026-09-15,Commercial heavy utilization,Physical inspection reveals clear Commercial heavy utilization violating warranty coverage terms.,Customer Induced Damage,1,1,1,1,0,0,1,0,0,0,Invalid Claim
CLM-00150,PRD-00150,Consumer Electronics,PixelCraft,ApexFit Chrono 3,SN-PIX-1968662,2026-08-18,1484.23,Official Brand Store,INV-2025-12853,2026-08-18,2028-08-07,24,33,687,0,2026-08-26,Motherboard failure,Reported genuine hardware failure: Motherboard failure under regular domestic usage.,Hardware Defect,1,1,1,1,0,0,1,0,0,0,Valid Claim
CLM-00309,PRD-00309,Home Appliances,FrostGuard,KitchenPro Convection 30L,SN-FRO-1277874,2026-02-21,622.76,Prime Retail Express,INV-2026-65023,2026-02-21,2029-02-05,36,211,869,1,2026-09-03,Electronic PCB failure,Reported genuine hardware failure: Electronic PCB failure under regular domestic usage.,Hardware Defect,1,1,1,1,0,0,1,1,0,0,Valid Claim
CLM-00495,PRD-00495,Home Appliances,ThermaPure,KitchenPro Grill 25L,SN-THE-1938272,2025-04-22,1083.57,National Appliance Depot,INV-2026-24806,2025-04-22,2028-04-06,36,516,564,0,2026-08-28,Motor burnout,Reported genuine hardware failure: Motor burnout under regular domestic usage.,Hardware Defect,1,1,1,1,0,0,1,0,0,0,Valid Claim
CLM-00580,PRD-00580,Consumer Electronics,NovaSound,NovaPhone 12 Lite,SN-NOV-6701191,2026-03-30,2148.33,Electronics Hub Metro,INV-2024-35688,2026-03-30,2027-03-25,12,174,186,0,2026-09-15,Liquid ingress damage,Physical inspection reveals clear Liquid ingress damage violating warranty coverage terms.,Customer Induced Damage,1,1,1,1,0,0,1,0,0,0,Invalid Claim
CLM-01155,PRD-01155,Consumer Electronics,PixelCraft,QuantumBook Ultra 15,SN-PIX-4847505,2025-01-19,2326.07,National Appliance Depot,INV-2024-65981,2025-01-19,2027-01-09,24,609,111,0,2026-09-07,Motherboard failure,Diagnostic report inconclusive regarding whether component failure was thermal surge or defect.,Ambiguous Diagnostic,1,1,1,1,1,0,1,1,0,0,Manual Review
CLM-01171,PRD-01171,Industrial & Automotive Tools,TitanPower,TorqueGrinder 1500W,SN-TIT-9821826,2025-11-26,361.48,TechMegaStore Downtown,INV-2024-45102,2025-11-26,2028-11-10,36,298,782,1,2026-09-05,Trigger switch failure,Diagnostic report inconclusive regarding whether component failure was thermal surge or defect.,Ambiguous Diagnostic,1,1,1,1,1,0,1,1,0,0,Manual Review
CLM-01078,PRD-01078,Consumer Electronics,VividDisplay,ApexFit Chrono 3,SN-VIV-8702071,2025-09-21,1435.04,Electronics Hub Metro,INV-2025-89427,2025-09-21,2026-09-16,12,364,0,0,2026-09-16,Screen flickering,Fault occurred near warranty expiration boundary. Customer requests grace period evaluation.,Borderline Lifecycle,1,1,1,1,0,0,1,1,0,0,Manual Review
CLM-00112,PRD-00112,Home Appliances,ThermaPure,CleanCycle FrontLoad 8kg,SN-THE-6679880,2025-11-18,1600.61,Electronics Hub Metro,INV-2026-70899,2025-11-18,2029-10-28,48,306,1134,1,2026-09-16,Water pump leakage,Reported genuine hardware failure: Water pump leakage under regular domestic usage.,Hardware Defect,1,1,1,1,0,0,1,0,0,0,Valid Claim
CLM-00810,PRD-00810,Home Appliances,ThermaPure,AeroBreeze Inverter 1.5T,SN-THE-1750496,2023-05-09,1259.93,National Appliance Depot,INV-2024-20155,2023-05-09,2026-04-23,36,1230,0,0,2026-09-13,Motor burnout,Failure: Motor burnout. Note: product warranty expired 150 days ago.,Hardware Wear,1,1,1,1,0,0,1,0,0,0,Invalid Claim
CLM-00038,PRD-00038,Home Appliances,CleanCycle,ThermaAir Silent,SN-CLE-3768991,2024-12-23,1643.81,Electronics Hub Metro,INV-2026-80008,2024-12-23,2026-12-13,24,636,84,0,2026-08-31,Water pump leakage,Reported genuine hardware failure: Water pump leakage under regular domestic usage.,Hardware Defect,1,1,1,1,1,0,1,1,0,0,Valid Claim
CLM-00016,PRD-00016,Home Appliances,KitchenPro,FrostGuard 450L Smart,SN-KIT-1247595,2026-01-15,1849.39,Electronics Hub Metro,INV-2024-63269,2026-01-15,2028-12-30,36,248,832,0,2026-09-06,Compressor failure,Reported genuine hardware failure: Compressor failure under regular domestic usage.,Hardware Defect,1,1,1,1,1,0,1,0,0,0,Valid Claim
CLM-01089,PRD-01089,Consumer Electronics,VividDisplay,NovaPad Pro 10,SN-VIV-9028413,2025-08-03,562.63,Electronics Hub Metro,INV-2026-94542,2025-08-03,2027-07-24,24,413,307,1,2026-09-18,Motherboard failure,Diagnostic report inconclusive regarding whether component failure was thermal surge or defect.,Ambiguous Diagnostic,1,1,1,1,1,0,1,1,0,0,Manual Review
CLM-00213,PRD-00213,Consumer Electronics,ApexTech,QuantumPixel 8,SN-APE-7726402,2025-02-01,357.53,Industrial Supply Direct,INV-2025-50723,2025-02-01,2028-01-17,36,596,484,1,2026-09-04,Screen flickering,Reported genuine hardware failure: Screen flickering under regular domestic usage.,Hardware Defect,1,1,1,1,0,0,1,0,0,0,Valid Claim
CLM-01152,PRD-01152,Consumer Electronics,QuantumCompute,NovaPhone 12 Pro,SN-QUA-1736129,2026-04-30,670.41,Industrial Supply Direct,INV-2026-19516,2026-04-30,2027-04-25,12,143,217,0,2026-09-15,Motherboard failure,Claim submitted without primary proof of purchase receipt. Customer submitted affidavit instead.,Incomplete Documentation,0,1,1,0,0,2,1,0,0,0,Manual Review
CLM-00593,PRD-00593,Home Appliances,KitchenPro,KitchenPro Grill 25L,SN-KIT-6027078,2025-09-07,820.73,TechMegaStore Downtown,INV-2026-14221,2025-09-07,2027-08-28,24,378,342,0,2026-08-31,Third-party modifications,Physical inspection reveals clear Third-party modifications violating warranty coverage terms.,Customer Induced Damage,1,1,1,1,0,0,1,0,0,0,Invalid Claim
CLM-01347,PRD-01347,Consumer Electronics,PixelCraft,NovaPhone 12 Lite,SN-PIX-5355863,2024-09-26,1211.36,Prime Retail Express,INV-2025-14193,2024-09-26,2026-09-16,24,724,0,0,2026-09-19,Speaker malfunction,Fault occurred near warranty expiration boundary. Customer requests grace period evaluation.,Borderline Lifecycle,1,1,1,1,0,0,1,1,0,0,Manual Review
CLM-00083,PRD-00083,Consumer Electronics,PixelCraft,ApexBook Air 14,SN-PIX-3488628,2024-12-18,350.07,National Appliance Depot,INV-2026-92978,2024-12-18,2026-12-08,24,641,79,0,2026-09-02,Battery failure to charge,Reported genuine hardware failure: Battery failure to charge under regular domestic usage.,Hardware Defect,1,1,1,1,0,0,1,1,0,0,Valid Claim
CLM-00754,PRD-00754,Consumer Electronics,NovaSound,ApexBook Air 14,SN-NOV-5475434,2026-03-23,264.75,Official Brand Store,INV-2026-69328,2026-03-23,2028-03-12,24,181,539,0,2026-09-09,Screen flickering,Unit previously opened and tampered with at non-authorized workshop (Joe's Unofficial Fix Shop).,Tampering,1,1,1,1,1,0,1,2,1,0,Invalid Claim
CLM-01330,PRD-01330,Consumer Electronics,VividDisplay,QuantumBook Ultra 15,SN-VIV-5926603,2026-04-14,1056.55,TechMegaStore Downtown,INV-2025-67031,2026-04-14,2028-04-03,24,159,561,1,2026-09-13,Speaker malfunction,Claim submitted without primary proof of purchase receipt. Customer submitted affidavit instead.,Incomplete Documentation,0,1,1,0,0,2,1,0,0,0,Manual Review
CLM-00301,PRD-00301,Home Appliances,AeroBreeze,ThermaCold 320L,SN-AER-3782393,2024-07-29,1510.53,Electronics Hub Metro,INV-2025-30869,2024-07-29,2027-07-14,36,783,297,1,2026-08-26,Drum spin malfunction,Reported genuine hardware failure: Drum spin malfunction under regular domestic usage.,Hardware Defect,1,1,1,1,0,0,1,0,0,0,Valid Claim
CLM-01042,PRD-01042,Home Appliances,KitchenPro,CleanCycle FrontLoad 8kg,SN-KIT-5299635,2026-07-13,834.18,National Appliance Depot,INV-2025-61463,2026-07-13,2028-07-02,24,69,651,0,2026-09-11,Electronic PCB failure,Diagnostic report inconclusive regarding whether component failure was thermal surge or defect.,Ambiguous Diagnostic,1,1,1,1,1,0,1,2,0,0,Manual Review
CLM-00983,PRD-00983,Home Appliances,ThermaPure,KitchenPro Convection 30L,SN-THE-6374017,2025-06-02,515.76,Electronics Hub Metro,INV-2025-92095,2025-06-02,2028-05-17,36,475,605,0,2026-09-12,Compressor failure,Device submitted does not match registered unit. Serial on invoice differs from backplate.,Serial Mismatch,1,0,1,1,0,1,0,0,0,0,Invalid Claim
CLM-01064,PRD-01064,Consumer Electronics,NovaSound,NovaPhone 12 Pro,SN-NOV-9089070,2025-09-22,1317.37,TechMegaStore Downtown,INV-2025-95704,2025-09-22,2026-09-17,12,363,0,0,2026-09-18,Motherboard failure,Fault occurred near warranty expiration boundary. Customer requests grace period evaluation.,Borderline Lifecycle,1,1,1,1,0,0,1,1,0,0,Manual Review
CLM-00559,PRD-00559,Industrial & Automotive Tools,TitanPower,IronForge TwinPiston 100L,SN-TIT-3708116,2026-04-18,999.06,Prime Retail Express,INV-2024-49405,2026-04-18,2028-04-07,24,155,565,0,2026-09-16,Trigger switch failure,Device submitted does not match registered unit. Serial on invoice differs from backplate.,Serial Mismatch,1,0,1,1,0,1,0,0,0,0,Invalid Claim
CLM-00705,PRD-00705,Home Appliances,ThermaPure,FrostGuard 450L Smart,SN-THE-3730666,2026-01-11,1165.51,TechMegaStore Downtown,INV-2024-88264,2026-01-11,2028-01-01,24,252,468,0,2026-09-09,Motor burnout,Unit previously opened and tampered with at non-authorized workshop (Local QuickFix Electronics).,Tampering,1,1,1,1,1,0,1,1,1,0,Invalid Claim
CLM-00794,PRD-00794,Consumer Electronics,VividDisplay,NovaWatch Ultra,SN-VIV-8239629,2025-11-11,1297.46,Electronics Hub Metro,INV-2024-17255,2025-11-11,2026-11-06,12,313,47,0,2026-09-06,Rooted firmware malfunction,Physical inspection reveals clear Rooted firmware malfunction violating warranty coverage terms.,Customer Induced Damage,1,1,1,1,0,0,1,0,0,0,Invalid Claim
CLM-00079,PRD-00079,Consumer Electronics,PixelCraft,QuantumPixel 8,SN-PIX-1358318,2025-01-31,315.33,National Appliance Depot,INV-2024-26505,2025-01-31,2027-01-21,24,597,123,1,2026-09-12,Unresponsive touch panel,Reported genuine hardware failure: Unresponsive touch panel under regular domestic usage.,Hardware Defect,1,1,1,1,1,0,1,0,0,0,Valid Claim
CLM-00283,PRD-00283,Consumer Electronics,PixelCraft,VividTab 11 Max,SN-PIX-8433377,2024-06-18,2107.96,Official Brand Store,INV-2026-94886,2024-06-18,2027-06-03,36,824,256,1,2026-08-26,Motherboard failure,Reported genuine hardware failure: Motherboard failure under regular domestic usage.,Hardware Defect,1,1,1,1,1,0,1,0,0,0,Valid Claim
CLM-01159,PRD-01159,Consumer Electronics,QuantumCompute,NovaWatch Ultra,SN-QUA-4846296,2024-12-21,1808.28,Electronics Hub Metro,INV-2025-78191,2024-12-21,2026-12-11,24,638,82,0,2026-09-10,Bluetooth/Wi-Fi failure,Claim submitted without primary proof of purchase receipt. Customer submitted affidavit instead.,Incomplete Documentation,0,1,1,0,0,2,1,0,0,0,Manual Review
CLM-01390,PRD-01390,Home Appliances,AeroBreeze,ThermaWash Eco,SN-AER-2102474,2026-07-15,793.7,National Appliance Depot,INV-2025-96844,2026-07-15,2029-06-29,36,67,1013,1,2026-09-09,Thermostat failure,Diagnostic report inconclusive regarding whether component failure was thermal surge or defect.,Ambiguous Diagnostic,1,1,1,1,1,0,1,1,0,0,Manual Review
CLM-00410,PRD-00410,Home Appliances,AeroBreeze,AeroBreeze Inverter 1.5T,SN-AER-8126489,2024-01-16,1266.32,Prime Retail Express,INV-2025-41031,2024-01-16,2026-12-31,36,978,102,0,2026-09-01,Electronic PCB failure,Reported genuine hardware failure: Electronic PCB failure under regular domestic usage.,Hardware Defect,1,1,1,1,0,0,1,0,0,0,Valid Claim
CLM-01437,PRD-01437,Consumer Electronics,NovaSound,NovaWatch Ultra,SN-NOV-6815916,2026-06-22,2458.8,Prime Retail Express,INV-2025-90503,2026-06-22,2028-06-11,24,90,630,1,2026-09-05,Speaker malfunction,Diagnostic report inconclusive regarding whether component failure was thermal surge or defect.,Ambiguous Diagnostic,1,1,1,1,1,0,1,2,0,0,Manual Review
CLM-00397,PRD-00397,Consumer Electronics,NovaSound,VividTab 11 Max,SN-NOV-5590865,2025-02-12,462.26,Prime Retail Express,INV-2026-77378,2025-02-12,2027-02-02,24,585,135,1,2026-09-07,Unresponsive touch panel,Reported genuine hardware failure: Unresponsive touch panel under regular domestic usage.,Hardware Defect,1,1,1,1,0,0,1,0,0,0,Valid Claim
CLM-00727,PRD-00727,Consumer Electronics,ApexTech,NovaPhone 12 Lite,SN-APE-6882321,2024-06-07,2424.52,Industrial Supply Direct,INV-2025-94523,2024-06-07,2026-05-28,24,835,0,0,2026-09-08,Unresponsive touch panel,Failure: Unresponsive touch panel. Note: product warranty expired 115 days ago.,Hardware Wear,1,1,1,1,0,0,1,1,0,0,Invalid Claim
CLM-00402,PRD-00402,Consumer Electronics,QuantumCompute,PixelSlate 12,SN-QUA-7724584,2026-02-06,1557.23,Electronics Hub Metro,INV-2026-41941,2026-02-06,2027-02-01,12,226,134,0,2026-09-16,Battery failure to charge,Reported genuine hardware failure: Battery failure to charge under regular domestic usage.,Hardware Defect,1,1,1,1,1,0,1,1,0,0,Valid Claim
CLM-00522,PRD-00522,Home Appliances,AeroBreeze,FrostGuard 450L Smart,SN-AER-9004743,2024-10-27,1035.26,Industrial Supply Direct,INV-2026-88890,2024-10-27,2027-10-12,36,693,387,0,2026-09-08,Thermostat failure,Unit previously opened and tampered with at non-authorized workshop (Corner Hardware & Mobile Repairs).,Tampering,1,1,1,1,1,0,1,2,1,0,Invalid Claim
CLM-00922,PRD-00922,Home Appliances,AeroBreeze,FrostGuard 450L Smart,SN-AER-3691366,2023-06-09,819.77,Industrial Supply Direct,INV-2026-87717,2023-06-09,2026-05-24,36,1199,0,0,2026-08-31,Motor burnout,Failure: Motor burnout. Note: product warranty expired 119 days ago.,Hardware Wear,1,1,1,1,0,0,1,1,0,0,Invalid Claim
CLM-00464,PRD-00464,Home Appliances,AeroBreeze,FrostGuard Side-by-Side 600L,SN-AER-1981641,2026-05-05,532.82,Industrial Supply Direct,INV-2026-27759,2026-05-05,2030-04-14,48,138,1302,1,2026-09-10,Thermostat failure,Reported genuine hardware failure: Thermostat failure under regular domestic usage.,Hardware Defect,1,1,1,1,0,0,1,0,0,0,Valid Claim
CLM-00404,PRD-00404,Consumer Electronics,VividDisplay,NovaWatch Ultra,SN-VIV-7808088,2025-04-02,359.1,TechMegaStore Downtown,INV-2026-88172,2025-04-02,2027-03-23,24,536,184,0,2026-08-29,Bluetooth/Wi-Fi failure,Reported genuine hardware failure: Bluetooth/Wi-Fi failure under regular domestic usage.,Hardware Defect,1,1,1,1,1,0,1,0,0,0,Valid Claim
CLM-00188,PRD-00188,Industrial & Automotive Tools,ApexIndustrial,IronForge TwinPiston 100L,SN-APE-4116429,2025-04-07,708.67,Prime Retail Express,INV-2026-94575,2025-04-07,2028-03-22,36,531,549,1,2026-09-09,Hydraulic pressure seal failure,Reported genuine hardware failure: Hydraulic pressure seal failure under regular domestic usage.,Hardware Defect,1,1,1,1,1,0,1,0,0,0,Valid Claim
CLM-00696,PRD-00696,Consumer Electronics,NovaSound,VividTab 11 Max,SN-NOV-7459520,2026-03-03,1010.0,Industrial Supply Direct,INV-2025-73083,2026-03-03,2028-02-21,24,201,519,0,2026-09-05,Bluetooth/Wi-Fi failure,Unit previously opened and tampered with at non-authorized workshop (Downtown Third-Party Repair Stall).,Tampering,1,1,1,1,1,0,1,2,1,0,Invalid Claim
CLM-00130,PRD-00130,Consumer Electronics,QuantumCompute,ApexBook Air 14,SN-QUA-8895137,2026-02-15,856.22,TechMegaStore Downtown,INV-2024-66482,2026-02-15,2027-02-10,12,217,143,0,2026-09-06,Battery failure to charge,Reported genuine hardware failure: Battery failure to charge under regular domestic usage.,Hardware Defect,1,1,1,1,1,0,1,0,0,0,Valid Claim
CLM-00104,PRD-00104,Industrial & Automotive Tools,ApexIndustrial,IronGrind 9-inch Industrial,SN-APE-7111929,2025-12-25,926.82,Electronics Hub Metro,INV-2025-90031,2025-12-25,2028-12-09,36,269,811,0,2026-09-01,Hydraulic pressure seal failure,Reported genuine hardware failure: Hydraulic pressure seal failure under regular domestic usage.,Hardware Defect,1,1,1,1,0,0,1,0,0,0,Valid Claim
CLM-01403,PRD-01403,Consumer Electronics,QuantumCompute,NovaPad Pro 10,SN-QUA-5557013,2025-05-07,237.89,Official Brand Store,INV-2024-85527,2025-05-07,2028-04-21,36,501,579,1,2025-04-17,Battery failure to charge,Discrepancy detected: Claimed fault occurrence date predates registered purchase date.,Date Inconsistency,1,1,1,1,0,0,1,0,0,1,Manual Review
CLM-00168,PRD-00168,Industrial & Automotive Tools,MegaWrench,MegaWash Pro 2500PSI,SN-MEG-1713900,2026-03-22,413.23,Official Brand Store,INV-2026-72324,2026-03-22,2030-03-01,48,182,1258,1,2026-08-28,Gearbox seizure,Reported genuine hardware failure: Gearbox seizure under regular domestic usage.,Hardware Defect,1,1,1,1,0,0,1,1,0,0,Valid Claim
CLM-00174,PRD-00174,Industrial & Automotive Tools,TitanPower,TitanPressure 3000PSI Commercial,SN-TIT-5896386,2024-09-19,624.88,TechMegaStore Downtown,INV-2026-83339,2024-09-19,2027-09-04,36,731,349,1,2026-09-06,Hydraulic pressure seal failure,Reported genuine hardware failure: Hydraulic pressure seal failure under regular domestic usage.,Hardware Defect,1,1,1,1,1,0,1,0,0,0,Valid Claim
CLM-00548,PRD-00548,Consumer Electronics,ApexTech,VividTab 11 Max,SN-APE-8005748,2025-04-22,1305.71,National Appliance Depot,INV-2026-69293,2025-04-22,2027-04-12,24,516,204,0,2026-09-16,Motherboard failure,Device submitted does not match registered unit. Serial on invoice differs from backplate.,Serial Mismatch,1,0,1,1,0,1,0,0,0,0,Invalid Claim
CLM-01208,PRD-01208,Home Appliances,ThermaPure,ThermaWash Eco,SN-THE-3220569,2025-06-01,1047.36,Prime Retail Express,INV-2026-55215,2025-06-01,2029-05-11,48,476,964,1,2026-09-11,Compressor failure,Claim submitted without primary proof of purchase receipt. Customer submitted affidavit instead.,Incomplete Documentation,0,1,1,0,0,2,1,0,0,0,Manual Review
CLM-01021,PRD-01021,Home Appliances,KitchenPro,ThermaAir Silent,SN-KIT-2105263,2025-03-18,1209.72,Official Brand Store,INV-2025-69085,2025-03-18,2028-03-02,36,551,529,0,2025-03-04,Drum spin malfunction,Discrepancy detected: Claimed fault occurrence date predates registered purchase date.,Date Inconsistency,1,1,1,1,0,0,1,0,0,1,Manual Review
CLM-00086,PRD-00086,Industrial & Automotive Tools,ApexIndustrial,MegaWash Pro 2500PSI,SN-APE-6932391,2025-08-26,1153.65,Industrial Supply Direct,INV-2026-16743,2025-08-26,2028-08-10,36,390,690,0,2026-09-15,Trigger switch failure,Reported genuine hardware failure: Trigger switch failure under regular domestic usage.,Hardware Defect,1,1,1,1,0,0,1,0,0,0,Valid Claim
CLM-00432,PRD-00432,Industrial & Automotive Tools,TitanPower,TorqueGrinder 1500W,SN-TIT-3304005,2026-06-18,518.83,Electronics Hub Metro,INV-2024-87736,2026-06-18,2028-06-07,24,94,626,0,2026-09-15,Gearbox seizure,Reported genuine hardware failure: Gearbox seizure under regular domestic usage.,Hardware Defect,1,1,1,1,1,0,1,0,0,0,Valid Claim
CLM-00572,PRD-00572,Home Appliances,CleanCycle,ThermaCold 320L,SN-CLE-4910970,2025-05-03,1682.33,Official Brand Store,INV-2026-11390,2025-05-03,2028-04-17,36,505,575,0,2026-09-12,Electronic PCB failure,Device submitted does not match registered unit. Serial on invoice differs from backplate.,Serial Mismatch,1,0,1,1,0,1,0,0,0,0,Invalid Claim
CLM-00359,PRD-00359,Industrial & Automotive Tools,IronForge,IronForge Impact 24V,SN-IRO-1626991,2025-08-30,989.41,Prime Retail Express,INV-2025-20286,2025-08-30,2027-08-20,24,386,334,0,2026-09-05,Chuck bearing breakdown,Reported genuine hardware failure: Chuck bearing breakdown under regular domestic usage.,Hardware Defect,1,1,1,1,0,0,1,0,0,0,Valid Claim
CLM-00896,PRD-00896,Home Appliances,AeroBreeze,AeroBreeze DualCool 2.0T,SN-AER-3980080,2024-09-11,939.09,TechMegaStore Downtown,INV-2026-53785,2024-09-11,2027-08-27,36,739,341,0,2026-09-15,Improper electrical supply rating,Physical inspection reveals clear Improper electrical supply rating violating warranty coverage terms.,Customer Induced Damage,1,1,1,1,0,0,1,0,0,0,Invalid Claim
CLM-00832,PRD-00832,Consumer Electronics,PixelCraft,ApexFit Chrono 3,SN-PIX-7912261,2026-07-21,1779.61,TechMegaStore Downtown,INV-2025-45117,2026-07-21,2027-07-16,12,61,299,0,2026-09-10,Battery failure to charge,Device submitted does not match registered unit. Serial on invoice differs from backplate.,Serial Mismatch,1,0,1,1,0,1,0,0,0,0,Invalid Claim
CLM-00767,PRD-00767,Home Appliances,FrostGuard,FrostGuard Side-by-Side 600L,SN-FRO-8614476,2025-10-12,364.52,National Appliance Depot,INV-2026-26178,2025-10-12,2027-10-02,24,343,377,0,2026-09-18,Drum spin malfunction,Device submitted does not match registered unit. Serial on invoice differs from backplate.,Serial Mismatch,1,0,1,1,0,1,0,0,0,0,Invalid Claim
CLM-00955,PRD-00955,Consumer Electronics,ApexTech,NovaWatch Ultra,SN-APE-6727358,2026-01-15,2212.04,TechMegaStore Downtown,INV-2025-43482,2026-01-15,2027-01-10,12,248,112,0,2026-09-16,Bluetooth/Wi-Fi failure,Device submitted does not match registered unit. Serial on invoice differs from backplate.,Serial Mismatch,1,0,1,1,0,1,0,0,0,0,Invalid Claim
CLM-00826,PRD-00826,Home Appliances,ThermaPure,FrostGuard 450L Smart,SN-THE-2953918,2026-02-12,1848.5,TechMegaStore Downtown,INV-2026-39155,2026-02-12,2028-02-02,24,220,500,0,2026-09-09,Thermostat failure,Unit previously opened and tampered with at non-authorized workshop (Joe's Unofficial Fix Shop).,Tampering,1,1,1,1,1,0,1,2,1,0,Invalid Claim
CLM-01355,PRD-01355,Consumer Electronics,VividDisplay,NovaWatch Ultra,SN-VIV-2774490,2026-01-09,1255.57,National Appliance Depot,INV-2024-86298,2026-01-09,2027-12-30,24,254,466,1,2026-09-15,Battery failure to charge,Claim submitted without primary proof of purchase receipt. Customer submitted affidavit instead.,Incomplete Documentation,0,1,1,0,0,2,1,0,0,0,Manual Review
CLM-00993,PRD-00993,Consumer Electronics,ApexTech,QuantumBook Ultra 15,SN-APE-5055922,2024-05-05,1201.68,National Appliance Depot,INV-2025-28711,2024-05-05,2026-04-25,24,868,0,0,2026-09-09,Motherboard failure,Failure: Motherboard failure. Note: product warranty expired 148 days ago.,Hardware Wear,1,1,1,1,0,0,1,2,0,0,Invalid Claim
CLM-00512,PRD-00512,Consumer Electronics,ApexTech,NovaPhone 12 Lite,SN-APE-5129836,2026-05-21,1965.98,Official Brand Store,INV-2024-53077,2026-05-21,2027-05-16,12,122,238,0,2026-09-11,Battery failure to charge,Unit previously opened and tampered with at non-authorized workshop (Local QuickFix Electronics).,Tampering,1,1,1,1,1,0,1,2,1,0,Invalid Claim
CLM-01075,PRD-01075,Industrial & Automotive Tools,IronForge,TorqueMaster Brushless 18V,SN-IRO-5550839,2025-01-19,1154.96,Prime Retail Express,INV-2026-39863,2025-01-19,2028-01-04,36,609,471,0,2026-09-15,Gearbox seizure,Claim submitted without primary proof of purchase receipt. Customer submitted affidavit instead.,Incomplete Documentation,0,1,1,0,0,2,1,0,0,0,Manual Review
CLM-01331,PRD-01331,Consumer Electronics,ApexTech,QuantumBook Ultra 15,SN-APE-2063160,2024-09-26,1652.87,Electronics Hub Metro,INV-2026-54849,2024-09-26,2026-09-16,24,724,0,0,2026-09-18,Motherboard failure,Fault occurred near warranty expiration boundary. Customer requests grace period evaluation.,Borderline Lifecycle,1,1,1,1,0,0,1,1,0,0,Manual Review
CLM-00243,PRD-00243,Consumer Electronics,ApexTech,QuantumBook Ultra 15,SN-APE-5799841,2025-01-13,2194.19,National Appliance Depot,INV-2025-44620,2025-01-13,2027-01-03,24,615,105,0,2026-08-30,Speaker malfunction,Reported genuine hardware failure: Speaker malfunction under regular domestic usage.,Hardware Defect,1,1,1,1,1,0,1,0,0,0,Valid Claim
CLM-00341,PRD-00341,Consumer Electronics,VividDisplay,NovaPhone 12 Pro,SN-VIV-5516344,2026-03-20,486.59,Industrial Supply Direct,INV-2026-11075,2026-03-20,2028-03-09,24,184,536,1,2026-09-18,Speaker malfunction,Reported genuine hardware failure: Speaker malfunction under regular domestic usage.,Hardware Defect,1,1,1,1,1,0,1,0,0,0,Valid Claim
CLM-00091,PRD-00091,Consumer Electronics,PixelCraft,PixelSlate 12,SN-PIX-9164342,2026-08-14,1410.95,National Appliance Depot,INV-2024-38903,2026-08-14,2029-07-29,36,37,1043,1,2026-09-12,Battery failure to charge,Reported genuine hardware failure: Battery failure to charge under regular domestic usage.,Hardware Defect,1,1,1,1,0,0,1,0,0,0,Valid Claim
CLM-00637,PRD-00637,Home Appliances,ThermaPure,CleanCycle FrontLoad 8kg,SN-THE-2940955,2024-04-17,764.56,TechMegaStore Downtown,INV-2024-54595,2024-04-17,2026-04-07,24,886,0,0,2026-09-04,Motor burnout,Failure: Motor burnout. Note: product warranty expired 166 days ago.,Hardware Wear,1,1,1,1,0,0,1,1,0,0,Invalid Claim
CLM-00731,PRD-00731,Consumer Electronics,ApexTech,VividTab 11 Max,SN-APE-2564733,2025-03-31,257.97,TechMegaStore Downtown,INV-2026-87763,2025-03-31,2026-03-26,12,538,0,0,2026-09-13,Unresponsive touch panel,Failure: Unresponsive touch panel. Note: product warranty expired 178 days ago.,Hardware Wear,1,1,1,1,0,0,1,1,0,0,Invalid Claim
CLM-01145,PRD-01145,Home Appliances,FrostGuard,CleanCycle FrontLoad 8kg,SN-FRO-8696507,2025-01-16,1137.85,Electronics Hub Metro,INV-2025-24472,2025-01-16,2028-12-26,48,612,828,1,2025-01-06,Drum spin malfunction,Discrepancy detected: Claimed fault occurrence date predates registered purchase date.,Date Inconsistency,1,1,1,1,0,0,1,0,0,1,Manual Review
CLM-00393,PRD-00393,Industrial & Automotive Tools,ApexIndustrial,TorqueMaster Brushless 18V,SN-APE-2456225,2023-09-11,720.61,Electronics Hub Metro,INV-2025-69232,2023-09-11,2027-08-21,48,1105,335,1,2026-09-09,Hydraulic pressure seal failure,Reported genuine hardware failure: Hydraulic pressure seal failure under regular domestic usage.,Hardware Defect,1,1,1,1,1,0,1,0,0,0,Valid Claim
CLM-00905,PRD-00905,Home Appliances,AeroBreeze,FrostGuard 450L Smart,SN-AER-9754003,2025-09-11,760.49,Electronics Hub Metro,INV-2025-83864,2025-09-11,2028-08-26,36,374,706,0,2026-09-06,Motor burnout,Unit previously opened and tampered with at non-authorized workshop (Joe's Unofficial Fix Shop).,Tampering,1,1,1,1,1,0,1,2,1,0,Invalid Claim
CLM-01344,PRD-01344,Consumer Electronics,QuantumCompute,ApexBook Pro 16,SN-QUA-9514611,2025-12-27,2364.23,TechMegaStore Downtown,INV-2026-12503,2025-12-27,2026-12-22,12,267,93,0,2025-12-10,Screen flickering,Discrepancy detected: Claimed fault occurrence date predates registered purchase date.,Date Inconsistency,1,1,1,1,0,0,1,0,0,1,Manual Review
CLM-00709,PRD-00709,Consumer Electronics,NovaSound,QuantumPixel 8,SN-NOV-9415785,2026-04-09,1386.49,Official Brand Store,INV-2026-95379,2026-04-09,2028-03-29,24,164,556,0,2026-09-13,Battery failure to charge,Device submitted does not match registered unit. Serial on invoice differs from backplate.,Serial Mismatch,1,0,1,1,0,1,0,0,0,0,Invalid Claim
CLM-00430,PRD-00430,Industrial & Automotive Tools,TitanPower,TitanAir 50L Heavy Duty,SN-TIT-1618704,2025-04-11,994.78,Industrial Supply Direct,INV-2026-12498,2025-04-11,2029-03-21,48,527,913,1,2026-08-27,Hydraulic pressure seal failure,Reported genuine hardware failure: Hydraulic pressure seal failure under regular domestic usage.,Hardware Defect,1,1,1,1,1,0,1,1,0,0,Valid Claim
CLM-00451,PRD-00451,Home Appliances,CleanCycle,AeroBreeze DualCool 2.0T,SN-CLE-1360413,2025-01-06,765.43,TechMegaStore Downtown,INV-2024-40451,2025-01-06,2027-12-22,36,622,458,0,2026-09-08,Water pump leakage,Reported genuine hardware failure: Water pump leakage under regular domestic usage.,Hardware Defect,1,1,1,1,0,0,1,0,0,0,Valid Claim
CLM-00148,PRD-00148,Consumer Electronics,PixelCraft,QuantumPixel 8,SN-PIX-2373555,2026-06-19,1407.67,Prime Retail Express,INV-2026-57419,2026-06-19,2028-06-08,24,93,627,1,2026-09-01,Unresponsive touch panel,Reported genuine hardware failure: Unresponsive touch panel under regular domestic usage.,Hardware Defect,1,1,1,1,1,0,1,1,0,0,Valid Claim
CLM-01033,PRD-01033,Home Appliances,ThermaPure,CleanCycle FrontLoad 8kg,SN-THE-1424190,2025-05-21,345.11,Official Brand Store,INV-2025-20316,2025-05-21,2028-05-05,36,487,593,0,2026-09-12,Electronic PCB failure,Claim submitted without primary proof of purchase receipt. Customer submitted affidavit instead.,Incomplete Documentation,0,1,1,0,0,2,1,0,0,0,Manual Review
CLM-00313,PRD-00313,Home Appliances,CleanCycle,ThermaAir Silent,SN-CLE-7134489,2026-02-19,1278.01,Official Brand Store,INV-2025-36698,2026-02-19,2029-02-03,36,213,867,0,2026-09-07,Electronic PCB failure,Reported genuine hardware failure: Electronic PCB failure under regular domestic usage.,Hardware Defect,1,1,1,1,0,0,1,0,0,0,Valid Claim
CLM-01264,PRD-01264,Consumer Electronics,PixelCraft,NovaPad Pro 10,SN-PIX-6839010,2024-09-28,1054.53,Industrial Supply Direct,INV-2024-42256,2024-09-28,2026-09-18,24,722,0,0,2026-09-17,Speaker malfunction,Fault occurred near warranty expiration boundary. Customer requests grace period evaluation.,Borderline Lifecycle,1,1,1,1,0,0,1,1,0,0,Manual Review
CLM-00391,PRD-00391,Home Appliances,CleanCycle,AeroBreeze DualCool 2.0T,SN-CLE-1939897,2025-06-21,1635.17,National Appliance Depot,INV-2026-98892,2025-06-21,2029-05-31,48,456,984,1,2026-08-31,Water pump leakage,Reported genuine hardware failure: Water pump leakage under regular domestic usage.,Hardware Defect,1,1,1,1,0,0,1,0,0,0,Valid Claim
CLM-00994,PRD-00994,Home Appliances,FrostGuard,ThermaCold 320L,SN-FRO-3562057,2024-01-31,845.16,National Appliance Depot,INV-2024-55890,2024-01-31,2027-01-15,36,963,117,0,2026-09-17,Improper electrical supply rating,Physical inspection reveals clear Improper electrical supply rating violating warranty coverage terms.,Customer Induced Damage,1,1,1,1,0,0,1,0,0,0,Invalid Claim
CLM-01406,PRD-01406,Consumer Electronics,QuantumCompute,ApexBook Pro 16,SN-QUA-9230054,2025-07-09,2253.35,Electronics Hub Metro,INV-2024-88897,2025-07-09,2027-06-29,24,438,282,1,2026-09-08,Screen flickering,Diagnostic report inconclusive regarding whether component failure was thermal surge or defect.,Ambiguous Diagnostic,1,1,1,1,1,0,1,2,0,0,Manual Review
CLM-01341,PRD-01341,Home Appliances,AeroBreeze,CleanCycle QuickWash 7kg,SN-AER-7419383,2025-09-03,1772.82,Official Brand Store,INV-2025-63201,2025-09-03,2028-08-18,36,382,698,1,2025-08-28,Drum spin malfunction,Discrepancy detected: Claimed fault occurrence date predates registered purchase date.,Date Inconsistency,1,1,1,1,0,0,1,0,0,1,Manual Review
CLM-00756,PRD-00756,Consumer Electronics,QuantumCompute,VividTab 11 Max,SN-QUA-3963613,2024-08-29,1565.31,Prime Retail Express,INV-2026-74699,2024-08-29,2026-08-19,24,752,0,0,2026-09-08,Screen flickering,Failure: Screen flickering. Note: product warranty expired 32 days ago.,Hardware Wear,1,1,1,1,0,0,1,0,0,0,Invalid Claim
CLM-00446,PRD-00446,Industrial & Automotive Tools,ApexIndustrial,TorqueMaster Brushless 18V,SN-APE-5526314,2024-11-24,951.76,Prime Retail Express,INV-2026-85396,2024-11-24,2027-11-09,36,665,415,1,2026-09-08,Armature burning,Reported genuine hardware failure: Armature burning under regular domestic usage.,Hardware Defect,1,1,1,1,0,0,1,1,0,0,Valid Claim
CLM-01474,PRD-01474,Industrial & Automotive Tools,ApexIndustrial,TitanPressure 3000PSI Commercial,SN-APE-1868830,2025-06-23,727.05,Industrial Supply Direct,INV-2026-12556,2025-06-23,2027-06-13,24,454,266,0,2026-09-18,Armature burning,Claim submitted without primary proof of purchase receipt. Customer submitted affidavit instead.,Incomplete Documentation,0,1,1,0,0,2,1,0,0,0,Manual Review
CLM-00510,PRD-00510,Consumer Electronics,VividDisplay,ApexBook Air 14,SN-VIV-3743996,2026-02-20,1822.71,Industrial Supply Direct,INV-2024-74868,2026-02-20,2027-02-15,12,212,148,0,2026-09-10,Speaker malfunction,Device submitted does not match registered unit. Serial on invoice differs from backplate.,Serial Mismatch,1,0,1,1,0,1,0,0,0,0,Invalid Claim
CLM-00012,PRD-00012,Home Appliances,CleanCycle,KitchenPro Grill 25L,SN-CLE-9683481,2023-05-05,1021.38,Electronics Hub Metro,INV-2024-18392,2023-05-05,2027-04-14,48,1234,206,1,2026-09-01,Motor burnout,Reported genuine hardware failure: Motor burnout under regular domestic usage.,Hardware Defect,1,1,1,1,0,0,1,0,0,0,Valid Claim
CLM-00384,PRD-00384,Consumer Electronics,ApexTech,NovaPhone 12 Pro,SN-APE-6855581,2026-05-24,283.46,TechMegaStore Downtown,INV-2026-85771,2026-05-24,2028-05-13,24,119,601,0,2026-09-17,Screen flickering,Reported genuine hardware failure: Screen flickering under regular domestic usage.,Hardware Defect,1,1,1,1,0,0,1,0,0,0,Valid Claim
CLM-00546,PRD-00546,Industrial & Automotive Tools,TitanPower,IronForge TwinPiston 100L,SN-TIT-7855503,2026-04-13,275.89,National Appliance Depot,INV-2026-47957,2026-04-13,2028-04-02,24,160,560,0,2026-09-07,Unlubricated operation,Physical inspection reveals clear Unlubricated operation violating warranty coverage terms.,Customer Induced Damage,1,1,1,1,0,0,1,0,0,0,Invalid Claim
CLM-01060,PRD-01060,Industrial & Automotive Tools,MegaWrench,TorqueGrinder 1500W,SN-MEG-2644281,2026-05-24,635.11,Prime Retail Express,INV-2026-56013,2026-05-24,2030-05-03,48,119,1321,1,2026-09-11,Armature burning,Diagnostic report inconclusive regarding whether component failure was thermal surge or defect.,Ambiguous Diagnostic,1,1,1,1,1,0,1,2,0,0,Manual Review
CLM-00671,PRD-00671,Home Appliances,CleanCycle,AeroBreeze DualCool 2.0T,SN-CLE-2386047,2025-10-28,1516.44,Electronics Hub Metro,INV-2026-29987,2025-10-28,2027-10-18,24,327,393,0,2026-09-15,Rust and environmental corrosion,Physical inspection reveals clear Rust and environmental corrosion violating warranty coverage terms.,Customer Induced Damage,1,1,1,1,0,0,1,0,0,0,Invalid Claim
CLM-00694,PRD-00694,Industrial & Automotive Tools,TorqueMaster,IronForge TwinPiston 100L,SN-TOR-6059400,2024-10-13,867.47,National Appliance Depot,INV-2025-23621,2024-10-13,2027-09-28,36,707,373,0,2026-09-13,Gearbox seizure,Device submitted does not match registered unit. Serial on invoice differs from backplate.,Serial Mismatch,1,0,1,1,0,1,0,0,0,0,Invalid Claim
CLM-00129,PRD-00129,Home Appliances,CleanCycle,CleanCycle FrontLoad 8kg,SN-CLE-9635649,2025-03-22,1045.9,National Appliance Depot,INV-2025-13037,2025-03-22,2027-03-12,24,547,173,0,2026-09-04,Motor burnout,Reported genuine hardware failure: Motor burnout under regular domestic usage.,Hardware Defect,1,1,1,1,1,0,1,0,0,0,Valid Claim
CLM-00693,PRD-00693,Home Appliances,KitchenPro,AeroBreeze Inverter 1.5T,SN-KIT-6598972,2025-05-30,488.36,TechMegaStore Downtown,INV-2024-89233,2025-05-30,2027-05-20,24,478,242,0,2026-09-02,Rust and environmental corrosion,Physical inspection reveals clear Rust and environmental corrosion violating warranty coverage terms.,Customer Induced Damage,1,1,1,1,0,0,1,0,0,0,Invalid Claim
CLM-00360,PRD-00360,Consumer Electronics,QuantumCompute,QuantumBook Ultra 15,SN-QUA-1908116,2025-12-07,900.0,TechMegaStore Downtown,INV-2025-80769,2025-12-07,2026-12-02,12,287,73,0,2026-08-27,Motherboard failure,Reported genuine hardware failure: Motherboard failure under regular domestic usage.,Hardware Defect,1,1,1,1,1,0,1,1,0,0,Valid Claim
CLM-00817,PRD-00817,Home Appliances,KitchenPro,KitchenPro Convection 30L,SN-KIT-9291304,2026-04-10,1311.21,Electronics Hub Metro,INV-2024-69515,2026-04-10,2028-03-30,24,163,557,0,2026-09-05,Rust and environmental corrosion,Physical inspection reveals clear Rust and environmental corrosion violating warranty coverage terms.,Customer Induced Damage,1,1,1,1,0,0,1,0,0,0,Invalid Claim
CLM-00438,PRD-00438,Industrial & Automotive Tools,TitanPower,TitanAir 50L Heavy Duty,SN-TIT-9137979,2026-01-30,741.14,TechMegaStore Downtown,INV-2024-68303,2026-01-30,2029-01-14,36,233,847,0,2026-08-26,Gearbox seizure,Reported genuine hardware failure: Gearbox seizure under regular domestic usage.,Hardware Defect,1,1,1,1,1,0,1,0,0,0,Valid Claim
CLM-00899,PRD-00899,Industrial & Automotive Tools,ApexIndustrial,TitanAir 50L Heavy Duty,SN-APE-4351841,2025-05-08,520.13,National Appliance Depot,INV-2024-14048,2025-05-08,2027-04-28,24,500,220,0,2026-09-15,Trigger switch failure,Device submitted does not match registered unit. Serial on invoice differs from backplate.,Serial Mismatch,1,0,1,1,0,1,0,0,0,0,Invalid Claim
CLM-00902,PRD-00902,Home Appliances,ThermaPure,KitchenPro Convection 30L,SN-THE-7701313,2024-06-06,1445.6,Prime Retail Express,INV-2026-95148,2024-06-06,2027-05-22,36,836,244,0,2026-09-17,Compressor failure,Device submitted does not match registered unit. Serial on invoice differs from backplate.,Serial Mismatch,1,0,1,1,0,1,0,0,0,0,Invalid Claim
CLM-00853,PRD-00853,Home Appliances,AeroBreeze,FrostGuard 450L Smart,SN-AER-9584989,2025-02-25,1590.58,Industrial Supply Direct,INV-2026-71825,2025-02-25,2028-02-10,36,572,508,0,2026-09-05,Compressor failure,Unit previously opened and tampered with at non-authorized workshop (Downtown Third-Party Repair Stall).,Tampering,1,1,1,1,1,0,1,3,1,0,Invalid Claim
CLM-00206,PRD-00206,Consumer Electronics,VividDisplay,ApexBook Pro 16,SN-VIV-4619565,2025-06-14,290.6,TechMegaStore Downtown,INV-2025-76402,2025-06-14,2027-06-04,24,463,257,0,2026-08-27,Speaker malfunction,Reported genuine hardware failure: Speaker malfunction under regular domestic usage.,Hardware Defect,1,1,1,1,1,0,1,1,0,0,Valid Claim
CLM-00180,PRD-00180,Industrial & Automotive Tools,IronForge,IronGrind 9-inch Industrial,SN-IRO-2425760,2023-01-04,274.77,Electronics Hub Metro,INV-2026-97122,2023-01-04,2026-12-14,48,1355,85,1,2026-08-30,Armature burning,Reported genuine hardware failure: Armature burning under regular domestic usage.,Hardware Defect,1,1,1,1,0,0,1,1,0,0,Valid Claim
CLM-01338,PRD-01338,Industrial & Automotive Tools,TorqueMaster,IronForge TwinPiston 100L,SN-TOR-6215275,2026-06-26,1081.58,TechMegaStore Downtown,INV-2024-19269,2026-06-26,2028-06-15,24,86,634,0,2026-06-17,Gearbox seizure,Discrepancy detected: Claimed fault occurrence date predates registered purchase date.,Date Inconsistency,1,1,1,1,0,0,1,0,0,1,Manual Review
CLM-00808,PRD-00808,Industrial & Automotive Tools,ApexIndustrial,MegaWash Pro 2500PSI,SN-APE-4016609,2024-11-04,445.71,National Appliance Depot,INV-2025-74871,2024-11-04,2026-10-25,24,685,35,0,2026-09-13,"Normal consumable wear (brushes, chuck teeth)","Physical inspection reveals clear Normal consumable wear (brushes, chuck teeth) violating warranty coverage terms.",Customer Induced Damage,1,1,1,1,0,0,1,0,0,0,Invalid Claim
CLM-00089,PRD-00089,Industrial & Automotive Tools,MegaWrench,TitanDrill 20V HD,SN-MEG-4609330,2024-08-13,581.62,Industrial Supply Direct,INV-2025-30631,2024-08-13,2027-07-29,36,768,312,0,2026-09-08,Trigger switch failure,Reported genuine hardware failure: Trigger switch failure under regular domestic usage.,Hardware Defect,1,1,1,1,0,0,1,0,0,0,Valid Claim
CLM-00470,PRD-00470,Industrial & Automotive Tools,TitanPower,TorqueMaster Brushless 18V,SN-TIT-5244844,2024-01-22,198.77,National Appliance Depot,INV-2026-11346,2024-01-22,2027-01-06,36,972,108,1,2026-08-30,Hydraulic pressure seal failure,Reported genuine hardware failure: Hydraulic pressure seal failure under regular domestic usage.,Hardware Defect,1,1,1,1,0,0,1,0,0,0,Valid Claim
CLM-00147,PRD-00147,Home Appliances,AeroBreeze,ThermaAir Silent,SN-AER-4676367,2024-09-02,1830.78,Industrial Supply Direct,INV-2024-69634,2024-09-02,2027-08-18,36,748,332,0,2026-09-01,Drum spin malfunction,Reported genuine hardware failure: Drum spin malfunction under regular domestic usage.,Hardware Defect,1,1,1,1,0,0,1,1,0,0,Valid Claim
CLM-00535,PRD-00535,Home Appliances,KitchenPro,CleanCycle FrontLoad 8kg,SN-KIT-8075324,2023-12-21,1558.55,Electronics Hub Metro,INV-2025-64186,2023-12-21,2026-12-05,36,1004,76,0,2026-09-10,Water pump leakage,Device submitted does not match registered unit. Serial on invoice differs from backplate.,Serial Mismatch,1,0,1,1,0,1,0,0,0,0,Invalid Claim
CLM-00249,PRD-00249,Home Appliances,FrostGuard,FrostGuard Side-by-Side 600L,SN-FRO-3733132,2025-11-19,1665.11,Electronics Hub Metro,INV-2024-94853,2025-11-19,2028-11-03,36,305,775,1,2026-08-29,Drum spin malfunction,Reported genuine hardware failure: Drum spin malfunction under regular domestic usage.,Hardware Defect,1,1,1,1,0,0,1,1,0,0,Valid Claim
CLM-00576,PRD-00576,Consumer Electronics,VividDisplay,ApexBook Air 14,SN-VIV-4278387,2025-04-11,2444.97,Official Brand Store,INV-2024-18965,2025-04-11,2027-04-01,24,527,193,0,2026-09-04,Power surge overvoltage,Physical inspection reveals clear Power surge overvoltage violating warranty coverage terms.,Customer Induced Damage,1,1,1,1,0,0,1,0,0,0,Invalid Claim
CLM-00992,PRD-00992,Consumer Electronics,ApexTech,NovaWatch Ultra,SN-APE-9354503,2024-08-13,660.81,Prime Retail Express,INV-2024-71467,2024-08-13,2026-08-03,24,768,0,0,2026-09-08,Screen flickering,Failure: Screen flickering. Note: product warranty expired 48 days ago.,Hardware Wear,1,1,1,1,0,0,1,1,0,0,Invalid Claim
CLM-00897,PRD-00897,Industrial & Automotive Tools,ApexIndustrial,TorqueGrinder 1500W,SN-APE-4168795,2026-07-29,880.88,Prime Retail Express,INV-2024-28162,2026-07-29,2028-07-18,24,53,667,0,2026-09-13,Trigger switch failure,Device submitted does not match registered unit. Serial on invoice differs from backplate.,Serial Mismatch,1,0,1,1,0,1,0,0,0,0,Invalid Claim
CLM-00056,PRD-00056,Home Appliances,FrostGuard,KitchenPro Grill 25L,SN-FRO-1668752,2026-02-15,1722.08,Official Brand Store,INV-2025-89129,2026-02-15,2030-01-25,48,217,1223,1,2026-09-11,Water pump leakage,Reported genuine hardware failure: Water pump leakage under regular domestic usage.,Hardware Defect,1,1,1,1,0,0,1,1,0,0,Valid Claim
CLM-01339,PRD-01339,Industrial & Automotive Tools,TorqueMaster,IronGrind 9-inch Industrial,SN-TOR-2152942,2025-09-10,687.51,National Appliance Depot,INV-2024-57178,2025-09-10,2028-08-25,36,375,705,0,2026-09-16,Chuck bearing breakdown,Claim submitted without primary proof of purchase receipt. Customer submitted affidavit instead.,Incomplete Documentation,0,1,1,0,0,2,1,0,0,0,Manual Review
CLM-01132,PRD-01132,Consumer Electronics,PixelCraft,QuantumBook Ultra 15,SN-PIX-2954443,2023-10-03,1562.64,Industrial Supply Direct,INV-2025-82559,2023-10-03,2026-09-17,36,1083,0,1,2026-09-18,Battery failure to charge,Fault occurred near warranty expiration boundary. Customer requests grace period evaluation.,Borderline Lifecycle,1,1,1,1,0,0,1,1,0,0,Manual Review
CLM-00437,PRD-00437,Home Appliances,FrostGuard,CleanCycle FrontLoad 8kg,SN-FRO-1906432,2024-11-28,1330.78,National Appliance Depot,INV-2024-66973,2024-11-28,2027-11-13,36,661,419,0,2026-09-04,Compressor failure,Reported genuine hardware failure: Compressor failure under regular domestic usage.,Hardware Defect,1,1,1,1,1,0,1,0,0,0,Valid Claim
CLM-00271,PRD-00271,Home Appliances,KitchenPro,ThermaWash Eco,SN-KIT-1915467,2026-03-21,317.63,Electronics Hub Metro,INV-2026-71510,2026-03-21,2030-02-28,48,183,1257,1,2026-09-03,Thermostat failure,Reported genuine hardware failure: Thermostat failure under regular domestic usage.,Hardware Defect,1,1,1,1,1,0,1,0,0,0,Valid Claim
CLM-00057,PRD-00057,Industrial & Automotive Tools,IronForge,IronForge Impact 24V,SN-IRO-1674975,2026-02-17,1026.58,Electronics Hub Metro,INV-2025-78021,2026-02-17,2029-02-01,36,215,865,0,2026-08-31,Chuck bearing breakdown,Reported genuine hardware failure: Chuck bearing breakdown under regular domestic usage.,Hardware Defect,1,1,1,1,0,0,1,0,0,0,Valid Claim
CLM-00889,PRD-00889,Industrial & Automotive Tools,IronForge,IronForge TwinPiston 100L,SN-IRO-8758476,2026-07-24,837.94,Official Brand Store,INV-2025-22733,2026-07-24,2028-07-13,24,58,662,0,2026-09-08,"Normal consumable wear (brushes, chuck teeth)","Physical inspection reveals clear Normal consumable wear (brushes, chuck teeth) violating warranty coverage terms.",Customer Induced Damage,1,1,1,1,0,0,1,0,0,0,Invalid Claim
CLM-00178,PRD-00178,Home Appliances,KitchenPro,AeroBreeze Inverter 1.5T,SN-KIT-4352088,2026-01-19,1246.56,Prime Retail Express,INV-2024-99353,2026-01-19,2028-01-09,24,244,476,0,2026-09-04,Thermostat failure,Reported genuine hardware failure: Thermostat failure under regular domestic usage.,Hardware Defect,1,1,1,1,0,0,1,0,0,0,Valid Claim
CLM-00617,PRD-00617,Industrial & Automotive Tools,ApexIndustrial,TitanAir 50L Heavy Duty,SN-APE-3960096,2025-11-06,845.73,National Appliance Depot,INV-2025-85552,2025-11-06,2028-10-21,36,318,762,0,2026-09-03,Abnormal overload beyond specified torque limits,Physical inspection reveals clear Abnormal overload beyond specified torque limits violating warranty coverage terms.,Customer Induced Damage,1,1,1,1,0,0,1,0,0,0,Invalid Claim
CLM-00476,PRD-00476,Home Appliances,AeroBreeze,FrostGuard 450L Smart,SN-AER-7623837,2026-01-30,940.0,Prime Retail Express,INV-2024-32114,2026-01-30,2028-01-20,24,233,487,0,2026-09-08,Motor burnout,Reported genuine hardware failure: Motor burnout under regular domestic usage.,Hardware Defect,1,1,1,1,0,0,1,0,0,0,Valid Claim
CLM-00940,PRD-00940,Industrial & Automotive Tools,TitanPower,IronForge TwinPiston 100L,SN-TIT-7325627,2024-09-07,1025.88,Official Brand Store,INV-2026-32248,2024-09-07,2026-08-28,24,743,0,0,2026-09-04,Hydraulic pressure seal failure,Failure: Hydraulic pressure seal failure. Note: product warranty expired 23 days ago.,Hardware Wear,1,1,1,1,0,0,1,0,0,0,Invalid Claim
CLM-00033,PRD-00033,Home Appliances,AeroBreeze,KitchenPro Grill 25L,SN-AER-3475836,2024-05-20,1348.69,TechMegaStore Downtown,INV-2024-65724,2024-05-20,2027-05-05,36,853,227,1,2026-08-27,Electronic PCB failure,Reported genuine hardware failure: Electronic PCB failure under regular domestic usage.,Hardware Defect,1,1,1,1,0,0,1,1,0,0,Valid Claim
CLM-00118,PRD-00118,Home Appliances,CleanCycle,AeroBreeze DualCool 2.0T,SN-CLE-2289923,2025-12-09,1217.27,Prime Retail Express,INV-2025-62171,2025-12-09,2028-11-23,36,285,795,0,2026-09-15,Compressor failure,Reported genuine hardware failure: Compressor failure under regular domestic usage.,Hardware Defect,1,1,1,1,0,0,1,0,0,0,Valid Claim
CLM-00408,PRD-00408,Consumer Electronics,NovaSound,NovaWatch Ultra,SN-NOV-7452434,2026-04-06,2138.65,National Appliance Depot,INV-2025-30220,2026-04-06,2029-03-21,36,167,913,1,2026-09-18,Screen flickering,Reported genuine hardware failure: Screen flickering under regular domestic usage.,Hardware Defect,1,1,1,1,0,0,1,0,0,0,Valid Claim
CLM-00682,PRD-00682,Consumer Electronics,VividDisplay,ApexFit Chrono 3,SN-VIV-4696630,2026-07-19,880.64,National Appliance Depot,INV-2026-25611,2026-07-19,2027-07-14,12,63,297,0,2026-09-01,Screen shattering from drops,Physical inspection reveals clear Screen shattering from drops violating warranty coverage terms.,Customer Induced Damage,1,1,1,1,0,0,1,0,0,0,Invalid Claim
CLM-00294,PRD-00294,Industrial & Automotive Tools,TitanPower,TitanAir 50L Heavy Duty,SN-TIT-1084386,2026-01-18,807.63,Industrial Supply Direct,INV-2026-81765,2026-01-18,2028-01-08,24,245,475,0,2026-08-26,Gearbox seizure,Reported genuine hardware failure: Gearbox seizure under regular domestic usage.,Hardware Defect,1,1,1,1,1,0,1,1,0,0,Valid Claim
CLM-00823,PRD-00823,Industrial & Automotive Tools,IronForge,MegaWash Pro 2500PSI,SN-IRO-5777999,2024-02-17,339.43,National Appliance Depot,INV-2025-73784,2024-02-17,2027-02-01,36,946,134,0,2026-09-13,Unlubricated operation,Physical inspection reveals clear Unlubricated operation violating warranty coverage terms.,Customer Induced Damage,1,1,1,1,0,0,1,0,0,0,Invalid Claim
CLM-00579,PRD-00579,Consumer Electronics,ApexTech,ApexBook Air 14,SN-APE-2932555,2024-09-03,526.52,Industrial Supply Direct,INV-2024-92750,2024-09-03,2026-08-24,24,747,0,0,2026-09-09,Motherboard failure,Failure: Motherboard failure. Note: product warranty expired 27 days ago.,Hardware Wear,1,1,1,1,0,0,1,1,0,0,Invalid Claim
CLM-01322,PRD-01322,Industrial & Automotive Tools,IronForge,TorqueGrinder 1500W,SN-IRO-2451929,2026-05-01,964.3,Official Brand Store,INV-2024-46987,2026-05-01,2028-04-20,24,142,578,0,2026-04-14,Trigger switch failure,Discrepancy detected: Claimed fault occurrence date predates registered purchase date.,Date Inconsistency,1,1,1,1,0,0,1,0,0,1,Manual Review
CLM-00336,PRD-00336,Home Appliances,KitchenPro,KitchenPro Convection 30L,SN-KIT-3970181,2024-02-03,1244.33,Industrial Supply Direct,INV-2026-93342,2024-02-03,2027-01-18,36,960,120,0,2026-09-07,Drum spin malfunction,Reported genuine hardware failure: Drum spin malfunction under regular domestic usage.,Hardware Defect,1,1,1,1,0,0,1,0,0,0,Valid Claim
CLM-01072,PRD-01072,Home Appliances,AeroBreeze,KitchenPro Convection 30L,SN-AER-7269347,2025-12-17,924.24,Prime Retail Express,INV-2024-26688,2025-12-17,2028-12-01,36,277,803,0,2026-09-10,Thermostat failure,Claim submitted without primary proof of purchase receipt. Customer submitted affidavit instead.,Incomplete Documentation,0,1,1,0,0,2,1,0,0,0,Manual Review
CLM-00181,PRD-00181,Industrial & Automotive Tools,ApexIndustrial,TorqueGrinder 1500W,SN-APE-2777454,2025-08-03,161.13,National Appliance Depot,INV-2024-76935,2025-08-03,2027-07-24,24,413,307,0,2026-09-06,Chuck bearing breakdown,Reported genuine hardware failure: Chuck bearing breakdown under regular domestic usage.,Hardware Defect,1,1,1,1,0,0,1,1,0,0,Valid Claim
CLM-00644,PRD-00644,Consumer Electronics,PixelCraft,ApexBook Air 14,SN-PIX-2710400,2025-08-12,1759.13,Electronics Hub Metro,INV-2025-65982,2025-08-12,2026-08-07,12,404,0,0,2026-09-04,Speaker malfunction,Failure: Speaker malfunction. Note: product warranty expired 44 days ago.,Hardware Wear,1,1,1,1,0,0,1,0,0,0,Invalid Claim
CLM-00890,PRD-00890,Consumer Electronics,PixelCraft,PixelSlate 12,SN-PIX-8728326,2025-01-27,1551.2,Official Brand Store,INV-2026-53090,2025-01-27,2027-01-17,24,601,119,0,2026-09-18,Battery failure to charge,Device submitted does not match registered unit. Serial on invoice differs from backplate.,Serial Mismatch,1,0,1,1,0,1,0,0,0,0,Invalid Claim
CLM-01458,PRD-01458,Consumer Electronics,NovaSound,ApexFit Chrono 3,SN-NOV-4810750,2024-05-09,606.81,Prime Retail Express,INV-2024-75745,2024-05-09,2027-04-24,36,864,216,1,2026-09-11,Speaker malfunction,Claim submitted without primary proof of purchase receipt. Customer submitted affidavit instead.,Incomplete Documentation,0,1,1,0,0,2,1,0,0,0,Manual Review
CLM-00704,PRD-00704,Industrial & Automotive Tools,TorqueMaster,TorqueGrinder 1500W,SN-TOR-1917238,2023-08-21,1072.84,Official Brand Store,INV-2025-35523,2023-08-21,2026-08-05,36,1126,0,0,2026-09-13,Gearbox seizure,Failure: Gearbox seizure. Note: product warranty expired 46 days ago.,Hardware Wear,1,1,1,1,0,0,1,2,0,0,Invalid Claim
CLM-00119,PRD-00119,Industrial & Automotive Tools,IronForge,IronGrind 9-inch Industrial,SN-IRO-5366937,2025-12-13,958.64,Electronics Hub Metro,INV-2026-47431,2025-12-13,2029-11-22,48,281,1159,1,2026-09-14,Armature burning,Reported genuine hardware failure: Armature burning under regular domestic usage.,Hardware Defect,1,1,1,1,0,0,1,1,0,0,Valid Claim
CLM-00563,PRD-00563,Industrial & Automotive Tools,TorqueMaster,TitanPressure 3000PSI Commercial,SN-TOR-1141455,2026-07-22,292.48,National Appliance Depot,INV-2024-68271,2026-07-22,2028-07-11,24,60,660,0,2026-09-10,Unlubricated operation,Physical inspection reveals clear Unlubricated operation violating warranty coverage terms.,Customer Induced Damage,1,1,1,1,0,0,1,0,0,0,Invalid Claim
CLM-00110,PRD-00110,Industrial & Automotive Tools,IronForge,TitanAir 50L Heavy Duty,SN-IRO-8201433,2026-02-27,150.8,National Appliance Depot,INV-2024-84798,2026-02-27,2030-02-06,48,205,1235,1,2026-09-02,Gearbox seizure,Reported genuine hardware failure: Gearbox seizure under regular domestic usage.,Hardware Defect,1,1,1,1,1,0,1,1,0,0,Valid Claim
CLM-00340,PRD-00340,Consumer Electronics,NovaSound,ApexBook Pro 16,SN-NOV-5858602,2026-02-10,452.82,Industrial Supply Direct,INV-2026-69345,2026-02-10,2028-01-31,24,222,498,0,2026-09-08,Screen flickering,Reported genuine hardware failure: Screen flickering under regular domestic usage.,Hardware Defect,1,1,1,1,1,0,1,1,0,0,Valid Claim
CLM-01058,PRD-01058,Consumer Electronics,ApexTech,NovaPhone 12 Pro,SN-APE-2124440,2025-08-25,781.9,TechMegaStore Downtown,INV-2025-56860,2025-08-25,2028-08-09,36,391,689,1,2025-08-08,Battery failure to charge,Discrepancy detected: Claimed fault occurrence date predates registered purchase date.,Date Inconsistency,1,1,1,1,0,0,1,0,0,1,Manual Review
CLM-00565,PRD-00565,Consumer Electronics,VividDisplay,NovaWatch Ultra,SN-VIV-9394071,2025-04-08,1335.23,Prime Retail Express,INV-2024-96486,2025-04-08,2026-04-03,12,530,0,0,2026-09-11,Bluetooth/Wi-Fi failure,Failure: Bluetooth/Wi-Fi failure. Note: product warranty expired 170 days ago.,Hardware Wear,1,1,1,1,0,0,1,0,0,0,Invalid Claim
CLM-01182,PRD-01182,Industrial & Automotive Tools,ApexIndustrial,TorqueMaster Brushless 18V,SN-APE-2879293,2025-04-15,781.2,Prime Retail Express,INV-2026-11719,2025-04-15,2027-04-05,24,523,197,0,2025-03-26,Gearbox seizure,Discrepancy detected: Claimed fault occurrence date predates registered purchase date.,Date Inconsistency,1,1,1,1,0,0,1,0,0,1,Manual Review
CLM-00574,PRD-00574,Industrial & Automotive Tools,IronForge,IronForge TwinPiston 100L,SN-IRO-8063325,2026-06-27,702.61,Prime Retail Express,INV-2025-34369,2026-06-27,2028-06-16,24,85,635,0,2026-09-17,"Normal consumable wear (brushes, chuck teeth)","Physical inspection reveals clear Normal consumable wear (brushes, chuck teeth) violating warranty coverage terms.",Customer Induced Damage,1,1,1,1,0,0,1,0,0,0,Invalid Claim
CLM-00097,PRD-00097,Home Appliances,FrostGuard,ThermaAir Silent,SN-FRO-6904610,2025-08-09,1110.74,National Appliance Depot,INV-2025-69233,2025-08-09,2028-07-24,36,407,673,1,2026-09-09,Compressor failure,Reported genuine hardware failure: Compressor failure under regular domestic usage.,Hardware Defect,1,1,1,1,0,0,1,0,0,0,Valid Claim
CLM-01019,PRD-01019,Home Appliances,CleanCycle,CleanCycle FrontLoad 8kg,SN-CLE-5978127,2025-08-23,1261.49,Prime Retail Express,INV-2026-47408,2025-08-23,2027-08-13,24,393,327,0,2025-08-11,Electronic PCB failure,Discrepancy detected: Claimed fault occurrence date predates registered purchase date.,Date Inconsistency,1,1,1,1,0,0,1,0,0,1,Manual Review
CLM-00747,PRD-00747,Industrial & Automotive Tools,MegaWrench,TorqueMaster Brushless 18V,SN-MEG-2723751,2025-05-02,182.68,TechMegaStore Downtown,INV-2024-28184,2025-05-02,2027-04-22,24,506,214,0,2026-09-14,Hydraulic pressure seal failure,Unit previously opened and tampered with at non-authorized workshop (Local QuickFix Electronics).,Tampering,1,1,1,1,1,0,1,1,1,0,Invalid Claim
CLM-00090,PRD-00090,Consumer Electronics,ApexTech,QuantumPixel 8,SN-APE-2368710,2025-11-15,824.84,Official Brand Store,INV-2025-73656,2025-11-15,2027-11-05,24,309,411,0,2026-09-12,Unresponsive touch panel,Reported genuine hardware failure: Unresponsive touch panel under regular domestic usage.,Hardware Defect,1,1,1,1,1,0,1,0,0,0,Valid Claim
CLM-00302,PRD-00302,Consumer Electronics,ApexTech,NovaWatch Ultra,SN-APE-5435176,2025-04-28,1048.7,TechMegaStore Downtown,INV-2026-37102,2025-04-28,2027-04-18,24,510,210,0,2026-09-04,Screen flickering,Reported genuine hardware failure: Screen flickering under regular domestic usage.,Hardware Defect,1,1,1,1,1,0,1,1,0,0,Valid Claim
CLM-00009,PRD-00009,Consumer Electronics,NovaSound,NovaPad Pro 10,SN-NOV-8612220,2025-10-20,206.46,Official Brand Store,INV-2026-44522,2025-10-20,2027-10-10,24,335,385,1,2026-08-29,Unresponsive touch panel,Reported genuine hardware failure: Unresponsive touch panel under regular domestic usage.,Hardware Defect,1,1,1,1,0,0,1,0,0,0,Valid Claim
CLM-01272,PRD-01272,Consumer Electronics,PixelCraft,ApexBook Air 14,SN-PIX-9147916,2026-07-18,1732.03,TechMegaStore Downtown,INV-2025-14895,2026-07-18,2027-07-13,12,64,296,0,2026-09-14,Unresponsive touch panel,Claim submitted without primary proof of purchase receipt. Customer submitted affidavit instead.,Incomplete Documentation,0,1,1,0,0,2,1,0,0,0,Manual Review
CLM-00466,PRD-00466,Industrial & Automotive Tools,MegaWrench,MegaWash Pro 2500PSI,SN-MEG-6899361,2024-06-15,1095.81,TechMegaStore Downtown,INV-2024-77917,2024-06-15,2027-05-31,36,827,253,0,2026-09-03,Chuck bearing breakdown,Reported genuine hardware failure: Chuck bearing breakdown under regular domestic usage.,Hardware Defect,1,1,1,1,0,0,1,0,0,0,Valid Claim
CLM-00353,PRD-00353,Home Appliances,ThermaPure,ThermaCold 320L,SN-THE-9875496,2026-05-10,364.05,TechMegaStore Downtown,INV-2025-20215,2026-05-10,2029-04-24,36,133,947,1,2026-08-26,Motor burnout,Reported genuine hardware failure: Motor burnout under regular domestic usage.,Hardware Defect,1,1,1,1,0,0,1,0,0,0,Valid Claim
CLM-00773,PRD-00773,Home Appliances,KitchenPro,ThermaWash Eco,SN-KIT-7259766,2026-04-15,502.64,Prime Retail Express,INV-2026-48449,2026-04-15,2028-04-04,24,158,562,0,2026-09-12,Water pump leakage,Device submitted does not match registered unit. Serial on invoice differs from backplate.,Serial Mismatch,1,0,1,1,0,1,0,0,0,0,Invalid Claim
CLM-00164,PRD-00164,Consumer Electronics,ApexTech,QuantumBook Ultra 15,SN-APE-1107102,2026-01-10,1147.5,Official Brand Store,INV-2024-18908,2026-01-10,2027-12-31,24,253,467,1,2026-09-02,Speaker malfunction,Reported genuine hardware failure: Speaker malfunction under regular domestic usage.,Hardware Defect,1,1,1,1,0,0,1,1,0,0,Valid Claim
CLM-00320,PRD-00320,Industrial & Automotive Tools,ApexIndustrial,TitanPressure 3000PSI Commercial,SN-APE-9113963,2023-12-08,1034.46,National Appliance Depot,INV-2025-99337,2023-12-08,2027-11-17,48,1017,423,1,2026-09-15,Gearbox seizure,Reported genuine hardware failure: Gearbox seizure under regular domestic usage.,Hardware Defect,1,1,1,1,1,0,1,1,0,0,Valid Claim
CLM-01472,PRD-01472,Industrial & Automotive Tools,TorqueMaster,TitanPressure 3000PSI Commercial,SN-TOR-1244425,2026-07-05,320.78,Industrial Supply Direct,INV-2025-11667,2026-07-05,2029-06-19,36,77,1003,1,2026-09-13,Chuck bearing breakdown,Claim submitted without primary proof of purchase receipt. Customer submitted affidavit instead.,Incomplete Documentation,0,1,1,0,0,2,1,0,0,0,Manual Review
CLM-00198,PRD-00198,Consumer Electronics,QuantumCompute,ApexBook Pro 16,SN-QUA-8659103,2024-03-09,200.55,Industrial Supply Direct,INV-2024-27290,2024-03-09,2027-02-22,36,925,155,1,2026-09-10,Screen flickering,Reported genuine hardware failure: Screen flickering under regular domestic usage.,Hardware Defect,1,1,1,1,0,0,1,0,0,0,Valid Claim
CLM-00653,PRD-00653,Consumer Electronics,VividDisplay,QuantumPixel 8,SN-VIV-5653927,2025-06-27,494.53,Prime Retail Express,INV-2025-19746,2025-06-27,2027-06-17,24,450,270,0,2026-09-07,Motherboard failure,Unit previously opened and tampered with at non-authorized workshop (Corner Hardware & Mobile Repairs).,Tampering,1,1,1,1,1,0,1,2,1,0,Invalid Claim
CLM-00949,PRD-00949,Consumer Electronics,NovaSound,NovaPhone 12 Pro,SN-NOV-6938069,2026-03-27,1407.82,Electronics Hub Metro,INV-2026-79541,2026-03-27,2027-03-22,12,177,183,0,2026-09-06,Unresponsive touch panel,Unit previously opened and tampered with at non-authorized workshop (Downtown Third-Party Repair Stall).,Tampering,1,1,1,1,1,0,1,2,1,0,Invalid Claim
CLM-00233,PRD-00233,Industrial & Automotive Tools,ApexIndustrial,IronGrind 9-inch Industrial,SN-APE-9272543,2025-01-07,1163.04,National Appliance Depot,INV-2026-59197,2025-01-07,2026-12-28,24,621,99,0,2026-08-29,Hydraulic pressure seal failure,Reported genuine hardware failure: Hydraulic pressure seal failure under regular domestic usage.,Hardware Defect,1,1,1,1,1,0,1,0,0,0,Valid Claim
CLM-00479,PRD-00479,Industrial & Automotive Tools,ApexIndustrial,TitanDrill 20V HD,SN-APE-6485409,2025-05-01,324.65,Prime Retail Express,INV-2026-22626,2025-05-01,2027-04-21,24,507,213,0,2026-09-12,Gearbox seizure,Reported genuine hardware failure: Gearbox seizure under regular domestic usage.,Hardware Defect,1,1,1,1,0,0,1,0,0,0,Valid Claim
CLM-00140,PRD-00140,Industrial & Automotive Tools,TitanPower,MegaWash Pro 2500PSI,SN-TIT-5014486,2026-05-11,427.83,Official Brand Store,INV-2026-39579,2026-05-11,2029-04-25,36,132,948,1,2026-09-05,Gearbox seizure,Reported genuine hardware failure: Gearbox seizure under regular domestic usage.,Hardware Defect,1,1,1,1,0,0,1,0,0,0,Valid Claim
CLM-00333,PRD-00333,Home Appliances,FrostGuard,CleanCycle FrontLoad 8kg,SN-FRO-3097821,2025-07-11,1463.44,Official Brand Store,INV-2025-20494,2025-07-11,2028-06-25,36,436,644,1,2026-09-15,Compressor failure,Reported genuine hardware failure: Compressor failure under regular domestic usage.,Hardware Defect,1,1,1,1,1,0,1,0,0,0,Valid Claim
CLM-00828,PRD-00828,Industrial & Automotive Tools,TorqueMaster,IronGrind 9-inch Industrial,SN-TOR-5450761,2026-01-20,689.63,Industrial Supply Direct,INV-2024-75106,2026-01-20,2029-01-04,36,243,837,0,2026-09-16,"Normal consumable wear (brushes, chuck teeth)","Physical inspection reveals clear Normal consumable wear (brushes, chuck teeth) violating warranty coverage terms.",Customer Induced Damage,1,1,1,1,0,0,1,0,0,0,Invalid Claim
CLM-00269,PRD-00269,Home Appliances,CleanCycle,ThermaWash Eco,SN-CLE-7016291,2026-04-28,1277.17,Official Brand Store,INV-2026-27125,2026-04-28,2029-04-12,36,145,935,0,2026-09-05,Drum spin malfunction,Reported genuine hardware failure: Drum spin malfunction under regular domestic usage.,Hardware Defect,1,1,1,1,1,0,1,0,0,0,Valid Claim
CLM-00509,PRD-00509,Home Appliances,AeroBreeze,AeroBreeze DualCool 2.0T,SN-AER-6293931,2023-07-30,1477.99,Industrial Supply Direct,INV-2024-82833,2023-07-30,2026-07-14,36,1148,0,0,2026-09-11,Compressor failure,Failure: Compressor failure. Note: product warranty expired 68 days ago.,Hardware Wear,1,1,1,1,0,0,1,0,0,0,Invalid Claim
CLM-01170,PRD-01170,Home Appliances,CleanCycle,ThermaWash Eco,SN-CLE-1702514,2025-12-18,1183.07,TechMegaStore Downtown,INV-2026-71573,2025-12-18,2027-12-08,24,276,444,0,2026-09-12,Electronic PCB failure,Claim submitted without primary proof of purchase receipt. Customer submitted affidavit instead.,Incomplete Documentation,0,1,1,0,0,2,1,0,0,0,Manual Review
CLM-00513,PRD-00513,Consumer Electronics,QuantumCompute,ApexBook Pro 16,SN-QUA-9050632,2026-06-30,1243.33,National Appliance Depot,INV-2026-96246,2026-06-30,2027-06-25,12,82,278,0,2026-09-07,Unresponsive touch panel,Unit previously opened and tampered with at non-authorized workshop (Corner Hardware & Mobile Repairs).,Tampering,1,1,1,1,1,0,1,2,1,0,Invalid Claim
CLM-01328,PRD-01328,Home Appliances,KitchenPro,AeroBreeze DualCool 2.0T,SN-KIT-4101741,2024-09-25,1553.49,TechMegaStore Downtown,INV-2026-98208,2024-09-25,2026-09-15,24,725,0,0,2026-09-16,Motor burnout,Fault occurred near warranty expiration boundary. Customer requests grace period evaluation.,Borderline Lifecycle,1,1,1,1,0,0,1,1,0,0,Manual Review
CLM-01377,PRD-01377,Industrial & Automotive Tools,TorqueMaster,TorqueGrinder 1500W,SN-TOR-4372441,2022-11-15,792.66,Electronics Hub Metro,INV-2024-46927,2022-11-15,2026-10-25,48,1405,35,1,2022-11-09,Gearbox seizure,Discrepancy detected: Claimed fault occurrence date predates registered purchase date.,Date Inconsistency,1,1,1,1,0,0,1,0,0,1,Manual Review
CLM-01348,PRD-01348,Industrial & Automotive Tools,ApexIndustrial,TitanAir 50L Heavy Duty,SN-APE-1830765,2026-04-09,1219.36,Official Brand Store,INV-2026-87317,2026-04-09,2030-03-19,48,164,1276,1,2026-09-18,Armature burning,Claim submitted without primary proof of purchase receipt. Customer submitted affidavit instead.,Incomplete Documentation,0,1,1,0,0,2,1,0,0,0,Manual Review
CLM-01046,PRD-01046,Home Appliances,CleanCycle,FrostGuard Side-by-Side 600L,SN-CLE-7399181,2024-04-07,1465.0,Electronics Hub Metro,INV-2024-17017,2024-04-07,2028-03-17,48,896,544,1,2026-09-13,Compressor failure,Claim submitted without primary proof of purchase receipt. Customer submitted affidavit instead.,Incomplete Documentation,0,1,1,0,0,2,1,0,0,0,Manual Review
CLM-00401,PRD-00401,Home Appliances,CleanCycle,FrostGuard Side-by-Side 600L,SN-CLE-8738351,2025-07-02,1652.23,National Appliance Depot,INV-2025-89225,2025-07-02,2028-06-16,36,445,635,1,2026-08-27,Compressor failure,Reported genuine hardware failure: Compressor failure under regular domestic usage.,Hardware Defect,1,1,1,1,0,0,1,1,0,0,Valid Claim
CLM-00153,PRD-00153,Industrial & Automotive Tools,TitanPower,TitanAir 50L Heavy Duty,SN-TIT-6005700,2025-04-02,681.45,Official Brand Store,INV-2026-65591,2025-04-02,2029-03-12,48,536,904,1,2026-09-04,Gearbox seizure,Reported genuine hardware failure: Gearbox seizure under regular domestic usage.,Hardware Defect,1,1,1,1,1,0,1,0,0,0,Valid Claim
CLM-01141,PRD-01141,Home Appliances,FrostGuard,KitchenPro Convection 30L,SN-FRO-7803915,2026-04-08,1244.18,Official Brand Store,INV-2025-26802,2026-04-08,2029-03-23,36,165,915,1,2026-09-18,Motor burnout,Claim submitted without primary proof of purchase receipt. Customer submitted affidavit instead.,Incomplete Documentation,0,1,1,0,0,2,1,0,0,0,Manual Review
CLM-01091,PRD-01091,Consumer Electronics,NovaSound,ApexFit Chrono 3,SN-NOV-9732674,2026-01-07,352.59,TechMegaStore Downtown,INV-2026-16834,2026-01-07,2027-01-02,12,256,104,0,2026-09-16,Motherboard failure,Diagnostic report inconclusive regarding whether component failure was thermal surge or defect.,Ambiguous Diagnostic,1,1,1,1,1,0,1,1,0,0,Manual Review
CLM-00611,PRD-00611,Industrial & Automotive Tools,TorqueMaster,TitanPressure 3000PSI Commercial,SN-TOR-6570816,2023-06-23,350.63,Official Brand Store,INV-2025-97342,2023-06-23,2026-06-07,36,1185,0,0,2026-09-15,Trigger switch failure,Failure: Trigger switch failure. Note: product warranty expired 105 days ago.,Hardware Wear,1,1,1,1,0,0,1,2,0,0,Invalid Claim
CLM-00807,PRD-00807,Home Appliances,CleanCycle,KitchenPro Convection 30L,SN-CLE-1148825,2026-06-23,1045.3,National Appliance Depot,INV-2025-93590,2026-06-23,2028-06-12,24,89,631,0,2026-09-17,Thermostat failure,Device submitted does not match registered unit. Serial on invoice differs from backplate.,Serial Mismatch,1,0,1,1,0,1,0,0,0,0,Invalid Claim
CLM-01107,PRD-01107,Home Appliances,ThermaPure,ThermaAir Silent,SN-THE-9369723,2023-10-04,1855.42,Industrial Supply Direct,INV-2024-87554,2023-10-04,2026-09-18,36,1082,0,0,2026-09-18,Motor burnout,Fault occurred near warranty expiration boundary. Customer requests grace period evaluation.,Borderline Lifecycle,1,1,1,1,0,0,1,1,0,0,Manual Review
CLM-01113,PRD-01113,Consumer Electronics,ApexTech,ApexFit Chrono 3,SN-APE-5485058,2023-10-02,1563.75,Prime Retail Express,INV-2026-19395,2023-10-02,2026-09-16,36,1084,0,1,2026-09-17,Motherboard failure,Fault occurred near warranty expiration boundary. Customer requests grace period evaluation.,Borderline Lifecycle,1,1,1,1,0,0,1,1,0,0,Manual Review
CLM-00669,PRD-00669,Consumer Electronics,VividDisplay,NovaPhone 12 Lite,SN-VIV-2993004,2025-12-30,1167.52,Prime Retail Express,INV-2025-99356,2025-12-30,2026-12-25,12,264,96,0,2026-09-09,Bluetooth/Wi-Fi failure,Unit previously opened and tampered with at non-authorized workshop (Corner Hardware & Mobile Repairs).,Tampering,1,1,1,1,1,0,1,1,1,0,Invalid Claim
CLM-00918,PRD-00918,Consumer Electronics,NovaSound,VividTab 11 Max,SN-NOV-7647803,2025-10-31,2006.37,Electronics Hub Metro,INV-2026-96847,2025-10-31,2026-10-26,12,324,36,0,2026-09-10,Bluetooth/Wi-Fi failure,Unit previously opened and tampered with at non-authorized workshop (Corner Hardware & Mobile Repairs).,Tampering,1,1,1,1,1,0,1,3,1,0,Invalid Claim
CLM-01026,PRD-01026,Consumer Electronics,QuantumCompute,ApexBook Air 14,SN-QUA-5854015,2024-09-27,524.4,Prime Retail Express,INV-2025-38364,2024-09-27,2026-09-17,24,723,0,0,2026-09-18,Battery failure to charge,Fault occurred near warranty expiration boundary. Customer requests grace period evaluation.,Borderline Lifecycle,1,1,1,1,0,0,1,1,0,0,Manual Review
CLM-01498,PRD-01498,Industrial & Automotive Tools,IronForge,TorqueMaster Brushless 18V,SN-IRO-3479789,2026-05-12,793.32,Industrial Supply Direct,INV-2025-86703,2026-05-12,2029-04-26,36,131,949,1,2026-04-27,Trigger switch failure,Discrepancy detected: Claimed fault occurrence date predates registered purchase date.,Date Inconsistency,1,1,1,1,0,0,1,0,0,1,Manual Review
CLM-00706,PRD-00706,Home Appliances,KitchenPro,ThermaCold 320L,SN-KIT-1752869,2023-06-29,1200.98,Industrial Supply Direct,INV-2024-16297,2023-06-29,2026-06-13,36,1179,0,0,2026-09-15,Thermostat failure,Failure: Thermostat failure. Note: product warranty expired 99 days ago.,Hardware Wear,1,1,1,1,0,0,1,1,0,0,Invalid Claim
CLM-00094,PRD-00094,Consumer Electronics,ApexTech,ApexFit Chrono 3,SN-APE-8326807,2025-07-12,2141.31,Electronics Hub Metro,INV-2025-87184,2025-07-12,2028-06-26,36,435,645,1,2026-09-09,Bluetooth/Wi-Fi failure,Reported genuine hardware failure: Bluetooth/Wi-Fi failure under regular domestic usage.,Hardware Defect,1,1,1,1,0,0,1,0,0,0,Valid Claim
CLM-01087,PRD-01087,Consumer Electronics,QuantumCompute,NovaPad Pro 10,SN-QUA-5599335,2024-10-30,771.16,National Appliance Depot,INV-2024-59734,2024-10-30,2027-10-15,36,690,390,1,2026-09-17,Speaker malfunction,Claim submitted without primary proof of purchase receipt. Customer submitted affidavit instead.,Incomplete Documentation,0,1,1,0,0,2,1,0,0,0,Manual Review
CLM-01073,PRD-01073,Home Appliances,KitchenPro,FrostGuard Side-by-Side 600L,SN-KIT-1518651,2025-07-05,966.71,Prime Retail Express,INV-2024-29079,2025-07-05,2027-06-25,24,442,278,0,2025-06-22,Drum spin malfunction,Discrepancy detected: Claimed fault occurrence date predates registered purchase date.,Date Inconsistency,1,1,1,1,0,0,1,0,0,1,Manual Review
CLM-00895,PRD-00895,Home Appliances,KitchenPro,CleanCycle QuickWash 7kg,SN-KIT-5678825,2026-01-03,810.05,National Appliance Depot,INV-2026-23846,2026-01-03,2028-12-18,36,260,820,0,2026-09-12,Drum spin malfunction,Device submitted does not match registered unit. Serial on invoice differs from backplate.,Serial Mismatch,1,0,1,1,0,1,0,0,0,0,Invalid Claim
CLM-01441,PRD-01441,Industrial & Automotive Tools,MegaWrench,IronForge Impact 24V,SN-MEG-4279979,2023-10-18,381.71,National Appliance Depot,INV-2025-49589,2023-10-18,2027-09-27,48,1068,372,1,2023-09-28,Trigger switch failure,Discrepancy detected: Claimed fault occurrence date predates registered purchase date.,Date Inconsistency,1,1,1,1,0,0,1,0,0,1,Manual Review
CLM-01493,PRD-01493,Industrial & Automotive Tools,ApexIndustrial,TorqueGrinder 1500W,SN-APE-3863813,2022-10-06,794.2,National Appliance Depot,INV-2025-53069,2022-10-06,2026-09-15,48,1445,0,1,2026-09-19,Hydraulic pressure seal failure,Fault occurred near warranty expiration boundary. Customer requests grace period evaluation.,Borderline Lifecycle,1,1,1,1,0,0,1,1,0,0,Manual Review
CLM-00660,PRD-00660,Industrial & Automotive Tools,ApexIndustrial,TorqueMaster Brushless 18V,SN-APE-6246854,2024-07-30,1121.03,Official Brand Store,INV-2024-20052,2024-07-30,2026-07-20,24,782,0,0,2026-09-14,Armature burning,Failure: Armature burning. Note: product warranty expired 62 days ago.,Hardware Wear,1,1,1,1,0,0,1,2,0,0,Invalid Claim
CLM-00274,PRD-00274,Consumer Electronics,VividDisplay,NovaPhone 12 Lite,SN-VIV-8937865,2026-01-06,1847.31,National Appliance Depot,INV-2026-69314,2026-01-06,2027-12-27,24,257,463,1,2026-09-18,Battery failure to charge,Reported genuine hardware failure: Battery failure to charge under regular domestic usage.,Hardware Defect,1,1,1,1,0,0,1,1,0,0,Valid Claim
CLM-00142,PRD-00142,Industrial & Automotive Tools,TorqueMaster,TitanAir 50L Heavy Duty,SN-TOR-8010946,2025-01-06,1163.58,Electronics Hub Metro,INV-2024-62034,2025-01-06,2028-12-16,48,622,818,1,2026-09-17,Armature burning,Reported genuine hardware failure: Armature burning under regular domestic usage.,Hardware Defect,1,1,1,1,1,0,1,1,0,0,Valid Claim
CLM-00564,PRD-00564,Consumer Electronics,VividDisplay,QuantumBook Ultra 15,SN-VIV-4710242,2024-12-09,737.79,Industrial Supply Direct,INV-2025-14822,2024-12-09,2026-11-29,24,650,70,0,2026-09-15,Screen flickering,Device submitted does not match registered unit. Serial on invoice differs from backplate.,Serial Mismatch,1,0,1,1,0,1,0,0,0,0,Invalid Claim
CLM-00060,PRD-00060,Industrial & Automotive Tools,TorqueMaster,IronGrind 9-inch Industrial,SN-TOR-5480460,2024-11-14,780.6,National Appliance Depot,INV-2025-73532,2024-11-14,2027-10-30,36,675,405,1,2026-08-30,Hydraulic pressure seal failure,Reported genuine hardware failure: Hydraulic pressure seal failure under regular domestic usage.,Hardware Defect,1,1,1,1,0,0,1,0,0,0,Valid Claim
CLM-00098,PRD-00098,Industrial & Automotive Tools,MegaWrench,TorqueGrinder 1500W,SN-MEG-1688246,2025-03-26,666.19,Prime Retail Express,INV-2026-34672,2025-03-26,2028-03-10,36,543,537,0,2026-09-14,Armature burning,Reported genuine hardware failure: Armature burning under regular domestic usage.,Hardware Defect,1,1,1,1,0,0,1,0,0,0,Valid Claim
CLM-00055,PRD-00055,Home Appliances,FrostGuard,CleanCycle FrontLoad 8kg,SN-FRO-3783722,2026-04-16,1567.21,Prime Retail Express,INV-2026-84607,2026-04-16,2029-03-31,36,157,923,0,2026-09-04,Water pump leakage,Reported genuine hardware failure: Water pump leakage under regular domestic usage.,Hardware Defect,1,1,1,1,0,0,1,0,0,0,Valid Claim
CLM-00880,PRD-00880,Consumer Electronics,ApexTech,ApexFit Chrono 3,SN-APE-9156065,2025-12-17,1702.78,Official Brand Store,INV-2025-65372,2025-12-17,2026-12-12,12,277,83,0,2026-09-13,Bluetooth/Wi-Fi failure,Unit previously opened and tampered with at non-authorized workshop (Local QuickFix Electronics).,Tampering,1,1,1,1,1,0,1,3,1,0,Invalid Claim
CLM-00952,PRD-00952,Industrial & Automotive Tools,ApexIndustrial,TitanDrill 20V HD,SN-APE-3353898,2025-07-17,314.36,Electronics Hub Metro,INV-2024-61280,2025-07-17,2027-07-07,24,430,290,0,2026-09-15,Hydraulic pressure seal failure,Device submitted does not match registered unit. Serial on invoice differs from backplate.,Serial Mismatch,1,0,1,1,0,1,0,0,0,0,Invalid Claim
CLM-00453,PRD-00453,Home Appliances,AeroBreeze,ThermaWash Eco,SN-AER-9981123,2025-12-21,755.39,Electronics Hub Metro,INV-2026-97340,2025-12-21,2028-12-05,36,273,807,1,2026-09-15,Compressor failure,Reported genuine hardware failure: Compressor failure under regular domestic usage.,Hardware Defect,1,1,1,1,0,0,1,1,0,0,Valid Claim
CLM-00967,PRD-00967,Consumer Electronics,NovaSound,NovaPhone 12 Pro,SN-NOV-8387946,2026-07-21,1689.16,Electronics Hub Metro,INV-2024-11627,2026-07-21,2028-07-10,24,61,659,0,2026-09-03,Cosmetic casing cracks,Physical inspection reveals clear Cosmetic casing cracks violating warranty coverage terms.,Customer Induced Damage,1,1,1,1,0,0,1,0,0,0,Invalid Claim
CLM-00415,PRD-00415,Industrial & Automotive Tools,TorqueMaster,IronForge Impact 24V,SN-TOR-3535634,2026-02-17,907.03,National Appliance Depot,INV-2024-44242,2026-02-17,2028-02-07,24,215,505,0,2026-09-02,Armature burning,Reported genuine hardware failure: Armature burning under regular domestic usage.,Hardware Defect,1,1,1,1,0,0,1,0,0,0,Valid Claim
CLM-01304,PRD-01304,Industrial & Automotive Tools,TorqueMaster,TorqueGrinder 1500W,SN-TOR-8130118,2025-12-20,236.56,Official Brand Store,INV-2024-31577,2025-12-20,2028-12-04,36,274,806,1,2025-11-30,Gearbox seizure,Discrepancy detected: Claimed fault occurrence date predates registered purchase date.,Date Inconsistency,1,1,1,1,0,0,1,0,0,1,Manual Review
CLM-00721,PRD-00721,Industrial & Automotive Tools,TorqueMaster,MegaWash Pro 2500PSI,SN-TOR-8695022,2025-02-04,1222.89,Industrial Supply Direct,INV-2025-24890,2025-02-04,2028-01-20,36,593,487,0,2026-09-06,Armature burning,Unit previously opened and tampered with at non-authorized workshop (Corner Hardware & Mobile Repairs).,Tampering,1,1,1,1,1,0,1,1,1,0,Invalid Claim
CLM-00951,PRD-00951,Home Appliances,CleanCycle,KitchenPro Grill 25L,SN-CLE-8851806,2024-12-30,814.07,Official Brand Store,INV-2025-10046,2024-12-30,2026-12-20,24,629,91,0,2026-09-07,Thermostat failure,Unit previously opened and tampered with at non-authorized workshop (Downtown Third-Party Repair Stall).,Tampering,1,1,1,1,1,0,1,3,1,0,Invalid Claim
CLM-01085,PRD-01085,Home Appliances,AeroBreeze,KitchenPro Grill 25L,SN-AER-7450428,2024-02-29,1659.94,Industrial Supply Direct,INV-2024-80944,2024-02-29,2028-02-08,48,934,506,1,2026-09-06,Electronic PCB failure,Diagnostic report inconclusive regarding whether component failure was thermal surge or defect.,Ambiguous Diagnostic,1,1,1,1,1,0,1,2,0,0,Manual Review
CLM-00257,PRD-00257,Home Appliances,FrostGuard,CleanCycle QuickWash 7kg,SN-FRO-1079079,2026-05-23,1022.29,Electronics Hub Metro,INV-2024-85534,2026-05-23,2028-05-12,24,120,600,0,2026-09-14,Electronic PCB failure,Reported genuine hardware failure: Electronic PCB failure under regular domestic usage.,Hardware Defect,1,1,1,1,0,0,1,0,0,0,Valid Claim
CLM-00858,PRD-00858,Industrial & Automotive Tools,TitanPower,TitanPressure 3000PSI Commercial,SN-TIT-1510471,2026-02-25,1141.66,Industrial Supply Direct,INV-2026-92868,2026-02-25,2029-02-09,36,207,873,0,2026-09-11,Trigger switch failure,Device submitted does not match registered unit. Serial on invoice differs from backplate.,Serial Mismatch,1,0,1,1,0,1,0,0,0,0,Invalid Claim
CLM-00622,PRD-00622,Home Appliances,CleanCycle,ThermaAir Silent,SN-CLE-7177044,2025-04-09,1413.33,Official Brand Store,INV-2025-65579,2025-04-09,2027-03-30,24,529,191,0,2026-09-17,Rust and environmental corrosion,Physical inspection reveals clear Rust and environmental corrosion violating warranty coverage terms.,Customer Induced Damage,1,1,1,1,0,0,1,0,0,0,Invalid Claim
CLM-00589,PRD-00589,Consumer Electronics,ApexTech,ApexBook Pro 16,SN-APE-7043772,2025-09-16,287.05,Electronics Hub Metro,INV-2025-35774,2025-09-16,2027-09-06,24,369,351,0,2026-09-06,Bluetooth/Wi-Fi failure,Unit previously opened and tampered with at non-authorized workshop (Joe's Unofficial Fix Shop).,Tampering,1,1,1,1,1,0,1,1,1,0,Invalid Claim
CLM-00385,PRD-00385,Consumer Electronics,PixelCraft,PixelSlate 12,SN-PIX-3976601,2025-10-19,2421.47,Official Brand Store,INV-2026-57210,2025-10-19,2027-10-09,24,336,384,1,2026-09-08,Battery failure to charge,Reported genuine hardware failure: Battery failure to charge under regular domestic usage.,Hardware Defect,1,1,1,1,0,0,1,0,0,0,Valid Claim
CLM-00330,PRD-00330,Home Appliances,CleanCycle,AeroBreeze Inverter 1.5T,SN-CLE-3034027,2025-08-23,860.74,Official Brand Store,INV-2026-36077,2025-08-23,2027-08-13,24,393,327,0,2026-09-08,Water pump leakage,Reported genuine hardware failure: Water pump leakage under regular domestic usage.,Hardware Defect,1,1,1,1,0,0,1,1,0,0,Valid Claim
CLM-00458,PRD-00458,Industrial & Automotive Tools,ApexIndustrial,IronForge Impact 24V,SN-APE-4262330,2025-07-10,713.04,Prime Retail Express,INV-2026-77050,2025-07-10,2027-06-30,24,437,283,0,2026-09-14,Chuck bearing breakdown,Reported genuine hardware failure: Chuck bearing breakdown under regular domestic usage.,Hardware Defect,1,1,1,1,0,0,1,0,0,0,Valid Claim
CLM-00031,PRD-00031,Industrial & Automotive Tools,ApexIndustrial,TitanPressure 3000PSI Commercial,SN-APE-8418210,2025-03-12,925.97,Prime Retail Express,INV-2025-32241,2025-03-12,2027-03-02,24,557,163,0,2026-08-28,Trigger switch failure,Reported genuine hardware failure: Trigger switch failure under regular domestic usage.,Hardware Defect,1,1,1,1,0,0,1,0,0,0,Valid Claim
CLM-00970,PRD-00970,Industrial & Automotive Tools,MegaWrench,MegaWash Pro 2500PSI,SN-MEG-4822259,2025-11-19,977.12,Official Brand Store,INV-2026-94536,2025-11-19,2027-11-09,24,305,415,0,2026-09-18,Chuck bearing breakdown,Device submitted does not match registered unit. Serial on invoice differs from backplate.,Serial Mismatch,1,0,1,1,0,1,0,0,0,0,Invalid Claim
CLM-00423,PRD-00423,Consumer Electronics,QuantumCompute,NovaWatch Ultra,SN-QUA-4366669,2025-02-14,1602.69,Electronics Hub Metro,INV-2026-74494,2025-02-14,2027-02-04,24,583,137,1,2026-09-05,Motherboard failure,Reported genuine hardware failure: Motherboard failure under regular domestic usage.,Hardware Defect,1,1,1,1,0,0,1,0,0,0,Valid Claim
CLM-00285,PRD-00285,Industrial & Automotive Tools,TorqueMaster,TitanAir 50L Heavy Duty,SN-TOR-6412833,2024-06-04,835.41,Official Brand Store,INV-2026-96755,2024-06-04,2027-05-20,36,838,242,0,2026-08-31,Trigger switch failure,Reported genuine hardware failure: Trigger switch failure under regular domestic usage.,Hardware Defect,1,1,1,1,0,0,1,1,0,0,Valid Claim
CLM-00245,PRD-00245,Home Appliances,FrostGuard,AeroBreeze DualCool 2.0T,SN-FRO-4824490,2024-12-10,514.02,Official Brand Store,INV-2025-52056,2024-12-10,2027-11-25,36,649,431,0,2026-08-29,Compressor failure,Reported genuine hardware failure: Compressor failure under regular domestic usage.,Hardware Defect,1,1,1,1,1,0,1,0,0,0,Valid Claim
CLM-00781,PRD-00781,Home Appliances,AeroBreeze,AeroBreeze Inverter 1.5T,SN-AER-7002009,2023-08-03,1100.02,Prime Retail Express,INV-2024-55722,2023-08-03,2026-07-18,36,1144,0,0,2026-09-11,Thermostat failure,Failure: Thermostat failure. Note: product warranty expired 64 days ago.,Hardware Wear,1,1,1,1,0,0,1,2,0,0,Invalid Claim
CLM-00332,PRD-00332,Consumer Electronics,NovaSound,NovaPhone 12 Lite,SN-NOV-6259356,2025-05-23,927.82,National Appliance Depot,INV-2026-45058,2025-05-23,2027-05-13,24,485,235,0,2026-09-07,Bluetooth/Wi-Fi failure,Reported genuine hardware failure: Bluetooth/Wi-Fi failure under regular domestic usage.,Hardware Defect,1,1,1,1,0,0,1,0,0,0,Valid Claim
CLM-00209,PRD-00209,Consumer Electronics,VividDisplay,NovaPhone 12 Lite,SN-VIV-9774573,2024-07-15,1388.61,Official Brand Store,INV-2025-31884,2024-07-15,2027-06-30,36,797,283,1,2026-09-10,Bluetooth/Wi-Fi failure,Reported genuine hardware failure: Bluetooth/Wi-Fi failure under regular domestic usage.,Hardware Defect,1,1,1,1,0,0,1,0,0,0,Valid Claim
CLM-00372,PRD-00372,Consumer Electronics,PixelCraft,NovaPhone 12 Lite,SN-PIX-3269160,2026-07-18,1188.15,Electronics Hub Metro,INV-2026-84035,2026-07-18,2027-07-13,12,64,296,0,2026-09-01,Unresponsive touch panel,Reported genuine hardware failure: Unresponsive touch panel under regular domestic usage.,Hardware Defect,1,1,1,1,0,0,1,0,0,0,Valid Claim
CLM-01138,PRD-01138,Home Appliances,KitchenPro,ThermaWash Eco,SN-KIT-5153632,2025-12-31,430.21,Electronics Hub Metro,INV-2024-94998,2025-12-31,2028-12-15,36,263,817,1,2026-09-07,Water pump leakage,Diagnostic report inconclusive regarding whether component failure was thermal surge or defect.,Ambiguous Diagnostic,1,1,1,1,1,0,1,1,0,0,Manual Review
CLM-01109,PRD-01109,Home Appliances,FrostGuard,FrostGuard Side-by-Side 600L,SN-FRO-8308548,2024-07-14,948.48,Industrial Supply Direct,INV-2024-64293,2024-07-14,2028-06-23,48,798,642,1,2024-07-06,Thermostat failure,Discrepancy detected: Claimed fault occurrence date predates registered purchase date.,Date Inconsistency,1,1,1,1,0,0,1,0,0,1,Manual Review
CLM-00681,PRD-00681,Consumer Electronics,PixelCraft,ApexFit Chrono 3,SN-PIX-7547256,2026-04-22,1120.95,National Appliance Depot,INV-2024-34125,2026-04-22,2027-04-17,12,151,209,0,2026-08-31,Rooted firmware malfunction,Physical inspection reveals clear Rooted firmware malfunction violating warranty coverage terms.,Customer Induced Damage,1,1,1,1,0,0,1,0,0,0,Invalid Claim
CLM-00267,PRD-00267,Consumer Electronics,NovaSound,ApexBook Pro 16,SN-NOV-3860721,2026-02-27,954.92,Industrial Supply Direct,INV-2026-45167,2026-02-27,2027-02-22,12,205,155,0,2026-09-13,Screen flickering,Reported genuine hardware failure: Screen flickering under regular domestic usage.,Hardware Defect,1,1,1,1,0,0,1,0,0,0,Valid Claim
CLM-00652,PRD-00652,Home Appliances,KitchenPro,ThermaAir Silent,SN-KIT-9566284,2024-07-24,634.74,TechMegaStore Downtown,INV-2026-15863,2024-07-24,2026-07-14,24,788,0,0,2026-09-11,Thermostat failure,Failure: Thermostat failure. Note: product warranty expired 68 days ago.,Hardware Wear,1,1,1,1,0,0,1,0,0,0,Invalid Claim
CLM-01293,PRD-01293,Industrial & Automotive Tools,IronForge,TorqueGrinder 1500W,SN-IRO-9501404,2023-11-13,587.34,National Appliance Depot,INV-2026-21835,2023-11-13,2026-10-28,36,1042,38,0,2023-10-29,Armature burning,Discrepancy detected: Claimed fault occurrence date predates registered purchase date.,Date Inconsistency,1,1,1,1,0,0,1,0,0,1,Manual Review
CLM-00938,PRD-00938,Industrial & Automotive Tools,IronForge,IronForge TwinPiston 100L,SN-IRO-7960470,2025-08-03,1095.74,Industrial Supply Direct,INV-2024-32890,2025-08-03,2027-07-24,24,413,307,0,2026-09-15,"Normal consumable wear (brushes, chuck teeth)","Physical inspection reveals clear Normal consumable wear (brushes, chuck teeth) violating warranty coverage terms.",Customer Induced Damage,1,1,1,1,0,0,1,0,0,0,Invalid Claim
CLM-00154,PRD-00154,Industrial & Automotive Tools,ApexIndustrial,TitanDrill 20V HD,SN-APE-1262492,2024-12-17,425.77,TechMegaStore Downtown,INV-2024-87849,2024-12-17,2026-12-07,24,642,78,0,2026-08-28,Armature burning,Reported genuine hardware failure: Armature burning under regular domestic usage.,Hardware Defect,1,1,1,1,1,0,1,0,0,0,Valid Claim
CLM-00317,PRD-00317,Home Appliances,KitchenPro,CleanCycle FrontLoad 8kg,SN-KIT-9565571,2025-12-20,1124.3,Electronics Hub Metro,INV-2026-32214,2025-12-20,2027-12-10,24,274,446,0,2026-08-29,Compressor failure,Reported genuine hardware failure: Compressor failure under regular domestic usage.,Hardware Defect,1,1,1,1,0,0,1,0,0,0,Valid Claim
CLM-00825,PRD-00825,Consumer Electronics,VividDisplay,VividTab 11 Max,SN-VIV-8155525,2024-08-11,1882.81,Prime Retail Express,INV-2024-69486,2024-08-11,2026-08-01,24,770,0,0,2026-09-01,Speaker malfunction,Failure: Speaker malfunction. Note: product warranty expired 50 days ago.,Hardware Wear,1,1,1,1,0,0,1,1,0,0,Invalid Claim
CLM-01080,PRD-01080,Home Appliances,CleanCycle,FrostGuard Side-by-Side 600L,SN-CLE-7490848,2022-10-10,800.03,Electronics Hub Metro,INV-2024-26110,2022-10-10,2026-09-19,48,1441,0,1,2026-09-17,Compressor failure,Fault occurred near warranty expiration boundary. Customer requests grace period evaluation.,Borderline Lifecycle,1,1,1,1,0,0,1,1,0,0,Manual Review
CLM-01425,PRD-01425,Home Appliances,CleanCycle,CleanCycle QuickWash 7kg,SN-CLE-4488189,2024-06-02,1348.64,TechMegaStore Downtown,INV-2025-40407,2024-06-02,2027-05-18,36,840,240,0,2026-09-05,Electronic PCB failure,Diagnostic report inconclusive regarding whether component failure was thermal surge or defect.,Ambiguous Diagnostic,1,1,1,1,1,0,1,1,0,0,Manual Review
CLM-00145,PRD-00145,Consumer Electronics,QuantumCompute,NovaPhone 12 Pro,SN-QUA-6429135,2026-04-07,2351.4,TechMegaStore Downtown,INV-2025-60275,2026-04-07,2027-04-02,12,166,194,0,2026-09-08,Battery failure to charge,Reported genuine hardware failure: Battery failure to charge under regular domestic usage.,Hardware Defect,1,1,1,1,0,0,1,1,0,0,Valid Claim
CLM-00514,PRD-00514,Industrial & Automotive Tools,TitanPower,TitanAir 50L Heavy Duty,SN-TIT-5747180,2023-06-06,520.65,TechMegaStore Downtown,INV-2026-19269,2023-06-06,2026-05-21,36,1202,0,0,2026-09-07,Hydraulic pressure seal failure,Failure: Hydraulic pressure seal failure. Note: product warranty expired 122 days ago.,Hardware Wear,1,1,1,1,0,0,1,0,0,0,Invalid Claim
CLM-00338,PRD-00338,Home Appliances,CleanCycle,AeroBreeze Inverter 1.5T,SN-CLE-5914425,2025-01-24,1254.21,TechMegaStore Downtown,INV-2026-58974,2025-01-24,2027-01-14,24,604,116,0,2026-09-05,Drum spin malfunction,Reported genuine hardware failure: Drum spin malfunction under regular domestic usage.,Hardware Defect,1,1,1,1,1,0,1,1,0,0,Valid Claim
CLM-00266,PRD-00266,Home Appliances,ThermaPure,CleanCycle QuickWash 7kg,SN-THE-5431282,2024-05-23,1041.84,TechMegaStore Downtown,INV-2024-15170,2024-05-23,2027-05-08,36,850,230,0,2026-08-28,Thermostat failure,Reported genuine hardware failure: Thermostat failure under regular domestic usage.,Hardware Defect,1,1,1,1,0,0,1,0,0,0,Valid Claim
CLM-01475,PRD-01475,Consumer Electronics,VividDisplay,NovaPhone 12 Lite,SN-VIV-3061504,2023-10-02,308.49,National Appliance Depot,INV-2025-49716,2023-10-02,2026-09-16,36,1084,0,1,2026-09-16,Battery failure to charge,Fault occurred near warranty expiration boundary. Customer requests grace period evaluation.,Borderline Lifecycle,1,1,1,1,0,0,1,1,0,0,Manual Review
CLM-00379,PRD-00379,Home Appliances,KitchenPro,KitchenPro Convection 30L,SN-KIT-2898704,2025-06-24,586.63,Prime Retail Express,INV-2026-81618,2025-06-24,2027-06-14,24,453,267,0,2026-09-08,Drum spin malfunction,Reported genuine hardware failure: Drum spin malfunction under regular domestic usage.,Hardware Defect,1,1,1,1,1,0,1,0,0,0,Valid Claim
CLM-00662,PRD-00662,Consumer Electronics,NovaSound,ApexFit Chrono 3,SN-NOV-9860239,2026-05-14,1772.38,TechMegaStore Downtown,INV-2026-68805,2026-05-14,2027-05-09,12,129,231,0,2026-09-16,Third-party unauthorized disassembly,Physical inspection reveals clear Third-party unauthorized disassembly violating warranty coverage terms.,Customer Induced Damage,1,1,1,1,0,0,1,0,0,0,Invalid Claim
CLM-00569,PRD-00569,Home Appliances,FrostGuard,ThermaCold 320L,SN-FRO-1467627,2025-11-11,1066.95,TechMegaStore Downtown,INV-2026-92090,2025-11-11,2028-10-26,36,313,767,0,2026-09-16,Drum spin malfunction,Unit previously opened and tampered with at non-authorized workshop (Downtown Third-Party Repair Stall).,Tampering,1,1,1,1,1,0,1,2,1,0,Invalid Claim
CLM-00619,PRD-00619,Consumer Electronics,PixelCraft,PixelSlate 12,SN-PIX-3563536,2025-04-14,1470.56,Electronics Hub Metro,INV-2025-59866,2025-04-14,2027-04-04,24,524,196,0,2026-09-13,Speaker malfunction,Unit previously opened and tampered with at non-authorized workshop (Corner Hardware & Mobile Repairs).,Tampering,1,1,1,1,1,0,1,1,1,0,Invalid Claim
CLM-00679,PRD-00679,Industrial & Automotive Tools,IronForge,TitanPressure 3000PSI Commercial,SN-IRO-8524283,2025-03-03,873.34,TechMegaStore Downtown,INV-2025-18874,2025-03-03,2028-02-16,36,566,514,0,2026-09-10,Armature burning,Device submitted does not match registered unit. Serial on invoice differs from backplate.,Serial Mismatch,1,0,1,1,0,1,0,0,0,0,Invalid Claim
CLM-00904,PRD-00904,Home Appliances,CleanCycle,FrostGuard Side-by-Side 600L,SN-CLE-5105861,2024-09-04,1510.17,National Appliance Depot,INV-2025-68284,2024-09-04,2027-08-20,36,746,334,0,2026-09-14,Electronic PCB failure,Device submitted does not match registered unit. Serial on invoice differs from backplate.,Serial Mismatch,1,0,1,1,0,1,0,0,0,0,Invalid Claim
CLM-00326,PRD-00326,Home Appliances,ThermaPure,ThermaAir Silent,SN-THE-4139896,2026-02-14,1176.7,Electronics Hub Metro,INV-2025-71780,2026-02-14,2029-01-29,36,218,862,0,2026-09-03,Drum spin malfunction,Reported genuine hardware failure: Drum spin malfunction under regular domestic usage.,Hardware Defect,1,1,1,1,1,0,1,1,0,0,Valid Claim
CLM-01336,PRD-01336,Home Appliances,FrostGuard,ThermaAir Silent,SN-FRO-1077233,2025-10-15,1830.17,National Appliance Depot,INV-2026-95674,2025-10-15,2027-10-05,24,340,380,0,2025-10-03,Water pump leakage,Discrepancy detected: Claimed fault occurrence date predates registered purchase date.,Date Inconsistency,1,1,1,1,0,0,1,0,0,1,Manual Review
CLM-00536,PRD-00536,Home Appliances,AeroBreeze,FrostGuard Side-by-Side 600L,SN-AER-1166911,2025-06-06,1447.2,Prime Retail Express,INV-2024-21112,2025-06-06,2028-05-21,36,471,609,0,2026-09-05,Motor burnout,Unit previously opened and tampered with at non-authorized workshop (Corner Hardware & Mobile Repairs).,Tampering,1,1,1,1,1,0,1,1,1,0,Invalid Claim
CLM-00099,PRD-00099,Industrial & Automotive Tools,TorqueMaster,IronForge Impact 24V,SN-TOR-1656695,2025-08-05,433.91,Industrial Supply Direct,INV-2025-78690,2025-08-05,2027-07-26,24,411,309,0,2026-09-09,Chuck bearing breakdown,Reported genuine hardware failure: Chuck bearing breakdown under regular domestic usage.,Hardware Defect,1,1,1,1,0,0,1,0,0,0,Valid Claim
CLM-00868,PRD-00868,Home Appliances,KitchenPro,FrostGuard 450L Smart,SN-KIT-4127701,2024-10-16,1059.34,Industrial Supply Direct,INV-2026-52335,2024-10-16,2027-10-01,36,704,376,0,2026-09-18,Thermostat failure,Device submitted does not match registered unit. Serial on invoice differs from backplate.,Serial Mismatch,1,0,1,1,0,1,0,0,0,0,Invalid Claim
CLM-00457,PRD-00457,Consumer Electronics,QuantumCompute,NovaWatch Ultra,SN-QUA-6996068,2025-11-10,411.71,TechMegaStore Downtown,INV-2026-94058,2025-11-10,2027-10-31,24,314,406,1,2026-09-12,Screen flickering,Reported genuine hardware failure: Screen flickering under regular domestic usage.,Hardware Defect,1,1,1,1,1,0,1,0,0,0,Valid Claim
CLM-01074,PRD-01074,Industrial & Automotive Tools,MegaWrench,TitanPressure 3000PSI Commercial,SN-MEG-6487622,2024-09-20,1206.23,Industrial Supply Direct,INV-2026-73935,2024-09-20,2028-08-30,48,730,710,1,2026-09-17,Chuck bearing breakdown,Diagnostic report inconclusive regarding whether component failure was thermal surge or defect.,Ambiguous Diagnostic,1,1,1,1,1,0,1,2,0,0,Manual Review
CLM-00741,PRD-00741,Consumer Electronics,VividDisplay,ApexBook Pro 16,SN-VIV-8203915,2026-01-13,2018.06,National Appliance Depot,INV-2024-19521,2026-01-13,2027-01-08,12,250,110,0,2026-09-15,Battery failure to charge,Unit previously opened and tampered with at non-authorized workshop (Local QuickFix Electronics).,Tampering,1,1,1,1,1,0,1,1,1,0,Invalid Claim
CLM-00100,PRD-00100,Industrial & Automotive Tools,IronForge,IronForge Impact 24V,SN-IRO-2105817,2024-08-10,528.14,Prime Retail Express,INV-2026-60667,2024-08-10,2027-07-26,36,771,309,0,2026-08-28,Trigger switch failure,Reported genuine hardware failure: Trigger switch failure under regular domestic usage.,Hardware Defect,1,1,1,1,0,0,1,0,0,0,Valid Claim
CLM-00912,PRD-00912,Home Appliances,AeroBreeze,FrostGuard 450L Smart,SN-AER-5092644,2024-06-21,1236.08,Prime Retail Express,INV-2025-70852,2024-06-21,2026-06-11,24,821,0,0,2026-09-13,Motor burnout,Failure: Motor burnout. Note: product warranty expired 101 days ago.,Hardware Wear,1,1,1,1,0,0,1,1,0,0,Invalid Claim
CLM-01466,PRD-01466,Industrial & Automotive Tools,MegaWrench,MegaWash Pro 2500PSI,SN-MEG-1377064,2026-06-08,660.81,Official Brand Store,INV-2025-28706,2026-06-08,2029-05-23,36,104,976,0,2026-05-20,Trigger switch failure,Discrepancy detected: Claimed fault occurrence date predates registered purchase date.,Date Inconsistency,1,1,1,1,0,0,1,0,0,1,Manual Review
CLM-00256,PRD-00256,Industrial & Automotive Tools,TitanPower,TitanPressure 3000PSI Commercial,SN-TIT-3529642,2024-11-12,306.97,Electronics Hub Metro,INV-2025-63633,2024-11-12,2028-10-22,48,677,763,1,2026-08-27,Hydraulic pressure seal failure,Reported genuine hardware failure: Hydraulic pressure seal failure under regular domestic usage.,Hardware Defect,1,1,1,1,0,0,1,0,0,0,Valid Claim
CLM-01024,PRD-01024,Consumer Electronics,NovaSound,QuantumPixel 8,SN-NOV-4640551,2026-07-30,417.15,Industrial Supply Direct,INV-2025-29647,2026-07-30,2028-07-19,24,52,668,0,2026-09-11,Speaker malfunction,Claim submitted without primary proof of purchase receipt. Customer submitted affidavit instead.,Incomplete Documentation,0,1,1,0,0,2,1,0,0,0,Manual Review
CLM-00701,PRD-00701,Home Appliances,KitchenPro,ThermaWash Eco,SN-KIT-6024905,2026-03-31,1051.3,Official Brand Store,INV-2025-68192,2026-03-31,2028-03-20,24,173,547,0,2026-09-15,Compressor failure,Unit previously opened and tampered with at non-authorized workshop (Local QuickFix Electronics).,Tampering,1,1,1,1,1,0,1,3,1,0,Invalid Claim
CLM-00284,PRD-00284,Industrial & Automotive Tools,TorqueMaster,TitanDrill 20V HD,SN-TOR-9620919,2025-09-26,286.26,TechMegaStore Downtown,INV-2025-46583,2025-09-26,2029-09-05,48,359,1081,1,2026-08-31,Gearbox seizure,Reported genuine hardware failure: Gearbox seizure under regular domestic usage.,Hardware Defect,1,1,1,1,1,0,1,0,0,0,Valid Claim
CLM-00528,PRD-00528,Home Appliances,ThermaPure,CleanCycle QuickWash 7kg,SN-THE-8350277,2026-04-09,670.36,Electronics Hub Metro,INV-2026-99780,2026-04-09,2029-03-24,36,164,916,0,2026-09-14,Water pump leakage,Device submitted does not match registered unit. Serial on invoice differs from backplate.,Serial Mismatch,1,0,1,1,0,1,0,0,0,0,Invalid Claim
CLM-00604,PRD-00604,Industrial & Automotive Tools,TorqueMaster,IronForge TwinPiston 100L,SN-TOR-8898507,2025-10-14,1092.49,Electronics Hub Metro,INV-2024-12367,2025-10-14,2027-10-04,24,341,379,0,2026-09-15,Use of non-spec hydraulic oil,Physical inspection reveals clear Use of non-spec hydraulic oil violating warranty coverage terms.,Customer Induced Damage,1,1,1,1,0,0,1,0,0,0,Invalid Claim
CLM-00836,PRD-00836,Consumer Electronics,VividDisplay,NovaWatch Ultra,SN-VIV-3707912,2025-08-27,2293.5,National Appliance Depot,INV-2025-38261,2025-08-27,2026-08-22,12,389,0,0,2026-09-15,Unresponsive touch panel,Failure: Unresponsive touch panel. Note: product warranty expired 29 days ago.,Hardware Wear,1,1,1,1,0,0,1,0,0,0,Invalid Claim
CLM-01202,PRD-01202,Consumer Electronics,PixelCraft,ApexBook Air 14,SN-PIX-1939293,2025-09-21,1606.76,National Appliance Depot,INV-2024-48408,2025-09-21,2026-09-16,12,364,0,0,2026-09-16,Motherboard failure,Fault occurred near warranty expiration boundary. Customer requests grace period evaluation.,Borderline Lifecycle,1,1,1,1,0,0,1,1,0,0,Manual Review
CLM-01286,PRD-01286,Consumer Electronics,PixelCraft,ApexFit Chrono 3,SN-PIX-3098120,2023-10-02,199.79,Prime Retail Express,INV-2024-44854,2023-10-02,2026-09-16,36,1084,0,1,2026-09-18,Battery failure to charge,Fault occurred near warranty expiration boundary. Customer requests grace period evaluation.,Borderline Lifecycle,1,1,1,1,0,0,1,1,0,0,Manual Review
CLM-01290,PRD-01290,Home Appliances,FrostGuard,CleanCycle QuickWash 7kg,SN-FRO-2633454,2023-10-01,985.27,Official Brand Store,INV-2024-35329,2023-10-01,2026-09-15,36,1085,0,0,2026-09-16,Drum spin malfunction,Fault occurred near warranty expiration boundary. Customer requests grace period evaluation.,Borderline Lifecycle,1,1,1,1,0,0,1,1,0,0,Manual Review
CLM-00042,PRD-00042,Consumer Electronics,ApexTech,NovaPhone 12 Lite,SN-APE-1430812,2026-06-05,2335.44,Prime Retail Express,INV-2026-59192,2026-06-05,2029-05-20,36,107,973,1,2026-08-31,Bluetooth/Wi-Fi failure,Reported genuine hardware failure: Bluetooth/Wi-Fi failure under regular domestic usage.,Hardware Defect,1,1,1,1,0,0,1,0,0,0,Valid Claim
CLM-00251,PRD-00251,Home Appliances,FrostGuard,KitchenPro Convection 30L,SN-FRO-9581776,2024-09-20,1898.09,National Appliance Depot,INV-2026-94848,2024-09-20,2027-09-05,36,730,350,0,2026-09-15,Drum spin malfunction,Reported genuine hardware failure: Drum spin malfunction under regular domestic usage.,Hardware Defect,1,1,1,1,1,0,1,0,0,0,Valid Claim
CLM-00906,PRD-00906,Industrial & Automotive Tools,TorqueMaster,TorqueGrinder 1500W,SN-TOR-3156762,2024-07-18,317.51,National Appliance Depot,INV-2025-43725,2024-07-18,2026-07-08,24,794,0,0,2026-09-06,Hydraulic pressure seal failure,Failure: Hydraulic pressure seal failure. Note: product warranty expired 74 days ago.,Hardware Wear,1,1,1,1,0,0,1,2,0,0,Invalid Claim
CLM-00265,PRD-00265,Industrial & Automotive Tools,TorqueMaster,TorqueGrinder 1500W,SN-TOR-1045936,2026-02-18,163.66,TechMegaStore Downtown,INV-2024-85255,2026-02-18,2030-01-28,48,214,1226,1,2026-09-02,Armature burning,Reported genuine hardware failure: Armature burning under regular domestic usage.,Hardware Defect,1,1,1,1,0,0,1,0,0,0,Valid Claim
CLM-01229,PRD-01229,Home Appliances,ThermaPure,FrostGuard Side-by-Side 600L,SN-THE-4393983,2025-02-20,470.56,Official Brand Store,INV-2024-57986,2025-02-20,2027-02-10,24,577,143,0,2026-09-17,Motor burnout,Diagnostic report inconclusive regarding whether component failure was thermal surge or defect.,Ambiguous Diagnostic,1,1,1,1,1,0,1,2,0,0,Manual Review
CLM-00436,PRD-00436,Consumer Electronics,PixelCraft,PixelSlate 12,SN-PIX-4678843,2026-02-04,1266.7,Official Brand Store,INV-2026-37277,2026-02-04,2029-01-19,36,228,852,1,2026-09-15,Motherboard failure,Reported genuine hardware failure: Motherboard failure under regular domestic usage.,Hardware Defect,1,1,1,1,0,0,1,0,0,0,Valid Claim
CLM-00561,PRD-00561,Home Appliances,CleanCycle,AeroBreeze Inverter 1.5T,SN-CLE-6510598,2026-08-17,324.4,Official Brand Store,INV-2024-94730,2026-08-17,2028-08-06,24,34,686,0,2026-09-18,Water pump leakage,Device submitted does not match registered unit. Serial on invoice differs from backplate.,Serial Mismatch,1,0,1,1,0,1,0,0,0,0,Invalid Claim
CLM-01462,PRD-01462,Home Appliances,AeroBreeze,ThermaAir Silent,SN-AER-1105259,2022-10-06,1314.69,Prime Retail Express,INV-2026-23166,2022-10-06,2026-09-15,48,1445,0,1,2026-09-18,Drum spin malfunction,Fault occurred near warranty expiration boundary. Customer requests grace period evaluation.,Borderline Lifecycle,1,1,1,1,0,0,1,1,0,0,Manual Review
CLM-01040,PRD-01040,Industrial & Automotive Tools,TitanPower,TitanPressure 3000PSI Commercial,SN-TIT-7961516,2025-01-02,781.54,TechMegaStore Downtown,INV-2024-87289,2025-01-02,2027-12-18,36,626,454,1,2026-09-11,Armature burning,Claim submitted without primary proof of purchase receipt. Customer submitted affidavit instead.,Incomplete Documentation,0,1,1,0,0,2,1,0,0,0,Manual Review
CLM-01083,PRD-01083,Industrial & Automotive Tools,TitanPower,TitanDrill 20V HD,SN-TIT-5525304,2024-01-23,1079.98,TechMegaStore Downtown,INV-2024-42269,2024-01-23,2028-01-02,48,971,469,1,2026-09-16,Hydraulic pressure seal failure,Claim submitted without primary proof of purchase receipt. Customer submitted affidavit instead.,Incomplete Documentation,0,1,1,0,0,2,1,0,0,0,Manual Review
CLM-01013,PRD-01013,Consumer Electronics,QuantumCompute,PixelSlate 12,SN-QUA-6631019,2024-08-05,1042.63,Prime Retail Express,INV-2025-63371,2024-08-05,2027-07-21,36,776,304,1,2024-07-23,Unresponsive touch panel,Discrepancy detected: Claimed fault occurrence date predates registered purchase date.,Date Inconsistency,1,1,1,1,0,0,1,0,0,1,Manual Review
CLM-00345,PRD-00345,Industrial & Automotive Tools,TorqueMaster,TitanAir 50L Heavy Duty,SN-TOR-8284023,2025-12-16,522.19,Electronics Hub Metro,INV-2025-86637,2025-12-16,2027-12-06,24,278,442,0,2026-09-18,Armature burning,Reported genuine hardware failure: Armature burning under regular domestic usage.,Hardware Defect,1,1,1,1,0,0,1,1,0,0,Valid Claim
CLM-00751,PRD-00751,Consumer Electronics,ApexTech,QuantumPixel 8,SN-APE-2260713,2026-02-05,2434.06,TechMegaStore Downtown,INV-2024-11720,2026-02-05,2027-01-31,12,227,133,0,2026-09-15,Speaker malfunction,Device submitted does not match registered unit. Serial on invoice differs from backplate.,Serial Mismatch,1,0,1,1,0,1,0,0,0,0,Invalid Claim
CLM-00815,PRD-00815,Consumer Electronics,ApexTech,ApexFit Chrono 3,SN-APE-5044088,2024-06-10,1222.52,Industrial Supply Direct,INV-2025-20445,2024-06-10,2026-05-31,24,832,0,0,2026-08-31,Unresponsive touch panel,Failure: Unresponsive touch panel. Note: product warranty expired 112 days ago.,Hardware Wear,1,1,1,1,0,0,1,0,0,0,Invalid Claim
CLM-01231,PRD-01231,Home Appliances,KitchenPro,KitchenPro Convection 30L,SN-KIT-9786580,2024-08-02,1055.62,TechMegaStore Downtown,INV-2026-27253,2024-08-02,2028-07-12,48,779,661,1,2024-07-24,Motor burnout,Discrepancy detected: Claimed fault occurrence date predates registered purchase date.,Date Inconsistency,1,1,1,1,0,0,1,0,0,1,Manual Review
CLM-00962,PRD-00962,Consumer Electronics,VividDisplay,NovaPad Pro 10,SN-VIV-3694288,2026-01-27,680.58,Prime Retail Express,INV-2026-52189,2026-01-27,2028-01-17,24,236,484,0,2026-09-10,Screen flickering,Unit previously opened and tampered with at non-authorized workshop (Joe's Unofficial Fix Shop).,Tampering,1,1,1,1,1,0,1,2,1,0,Invalid Claim
CLM-00398,PRD-00398,Industrial & Automotive Tools,TorqueMaster,MegaWash Pro 2500PSI,SN-TOR-2195257,2026-07-23,507.08,National Appliance Depot,INV-2026-68149,2026-07-23,2029-07-07,36,59,1021,1,2026-09-03,Armature burning,Reported genuine hardware failure: Armature burning under regular domestic usage.,Hardware Defect,1,1,1,1,1,0,1,0,0,0,Valid Claim
CLM-00046,PRD-00046,Home Appliances,ThermaPure,AeroBreeze DualCool 2.0T,SN-THE-5635017,2025-04-08,1188.27,Prime Retail Express,INV-2024-21221,2025-04-08,2027-03-29,24,530,190,0,2026-09-01,Motor burnout,Reported genuine hardware failure: Motor burnout under regular domestic usage.,Hardware Defect,1,1,1,1,0,0,1,1,0,0,Valid Claim
CLM-00633,PRD-00633,Industrial & Automotive Tools,ApexIndustrial,TorqueMaster Brushless 18V,SN-APE-8988000,2024-08-12,1283.9,Official Brand Store,INV-2024-60444,2024-08-12,2027-07-28,36,769,311,0,2026-09-14,Abnormal overload beyond specified torque limits,Physical inspection reveals clear Abnormal overload beyond specified torque limits violating warranty coverage terms.,Customer Induced Damage,1,1,1,1,0,0,1,0,0,0,Invalid Claim
CLM-00734,PRD-00734,Home Appliances,FrostGuard,CleanCycle QuickWash 7kg,SN-FRO-9238233,2025-06-08,1571.71,Industrial Supply Direct,INV-2024-73768,2025-06-08,2027-05-29,24,469,251,0,2026-09-06,Rust and environmental corrosion,Physical inspection reveals clear Rust and environmental corrosion violating warranty coverage terms.,Customer Induced Damage,1,1,1,1,0,0,1,0,0,0,Invalid Claim
CLM-00758,PRD-00758,Consumer Electronics,NovaSound,NovaPad Pro 10,SN-NOV-3869392,2024-08-17,2006.17,National Appliance Depot,INV-2026-47747,2024-08-17,2026-08-07,24,764,0,0,2026-09-10,Unresponsive touch panel,Failure: Unresponsive touch panel. Note: product warranty expired 44 days ago.,Hardware Wear,1,1,1,1,0,0,1,2,0,0,Invalid Claim
CLM-01346,PRD-01346,Consumer Electronics,PixelCraft,ApexFit Chrono 3,SN-PIX-6995244,2023-10-03,2204.42,TechMegaStore Downtown,INV-2024-30697,2023-10-03,2026-09-17,36,1083,0,1,2026-09-19,Battery failure to charge,Fault occurred near warranty expiration boundary. Customer requests grace period evaluation.,Borderline Lifecycle,1,1,1,1,0,0,1,1,0,0,Manual Review
CLM-01004,PRD-01004,Industrial & Automotive Tools,MegaWrench,IronForge TwinPiston 100L,SN-MEG-3614824,2025-12-03,886.42,Prime Retail Express,INV-2024-29750,2025-12-03,2028-11-17,36,291,789,0,2026-09-05,Hydraulic pressure seal failure,Diagnostic report inconclusive regarding whether component failure was thermal surge or defect.,Ambiguous Diagnostic,1,1,1,1,1,0,1,2,0,0,Manual Review
CLM-00592,PRD-00592,Home Appliances,CleanCycle,CleanCycle QuickWash 7kg,SN-CLE-1505062,2025-08-23,898.52,Prime Retail Express,INV-2024-50051,2025-08-23,2027-08-13,24,393,327,0,2026-09-13,Motor burnout,Device submitted does not match registered unit. Serial on invoice differs from backplate.,Serial Mismatch,1,0,1,1,0,1,0,0,0,0,Invalid Claim
CLM-00792,PRD-00792,Consumer Electronics,NovaSound,VividTab 11 Max,SN-NOV-4426466,2025-12-02,1457.3,Official Brand Store,INV-2025-96944,2025-12-02,2026-11-27,12,292,68,0,2026-09-16,Power surge overvoltage,Physical inspection reveals clear Power surge overvoltage violating warranty coverage terms.,Customer Induced Damage,1,1,1,1,0,0,1,0,0,0,Invalid Claim
CLM-01309,PRD-01309,Industrial & Automotive Tools,TitanPower,IronGrind 9-inch Industrial,SN-TIT-8964694,2023-11-30,555.67,TechMegaStore Downtown,INV-2026-81159,2023-11-30,2026-11-14,36,1025,55,1,2026-09-15,Armature burning,Diagnostic report inconclusive regarding whether component failure was thermal surge or defect.,Ambiguous Diagnostic,1,1,1,1,1,0,1,2,0,0,Manual Review
CLM-00690,PRD-00690,Consumer Electronics,PixelCraft,NovaPhone 12 Lite,SN-PIX-8454556,2026-07-14,2074.57,National Appliance Depot,INV-2025-72771,2026-07-14,2027-07-09,12,68,292,0,2026-09-01,Rooted firmware malfunction,Physical inspection reveals clear Rooted firmware malfunction violating warranty coverage terms.,Customer Induced Damage,1,1,1,1,0,0,1,0,0,0,Invalid Claim
CLM-00596,PRD-00596,Industrial & Automotive Tools,TitanPower,TorqueMaster Brushless 18V,SN-TIT-7184958,2026-04-20,745.31,Electronics Hub Metro,INV-2025-63852,2026-04-20,2029-04-04,36,153,927,0,2026-09-14,Use of non-spec hydraulic oil,Physical inspection reveals clear Use of non-spec hydraulic oil violating warranty coverage terms.,Customer Induced Damage,1,1,1,1,0,0,1,0,0,0,Invalid Claim
CLM-00852,PRD-00852,Industrial & Automotive Tools,TorqueMaster,IronGrind 9-inch Industrial,SN-TOR-1044808,2026-02-24,1049.87,Electronics Hub Metro,INV-2024-90599,2026-02-24,2028-02-14,24,208,512,0,2026-09-03,Abnormal overload beyond specified torque limits,Physical inspection reveals clear Abnormal overload beyond specified torque limits violating warranty coverage terms.,Customer Induced Damage,1,1,1,1,0,0,1,0,0,0,Invalid Claim
CLM-01215,PRD-01215,Consumer Electronics,NovaSound,NovaPad Pro 10,SN-NOV-2446013,2026-06-19,2480.95,Official Brand Store,INV-2026-57977,2026-06-19,2027-06-14,12,93,267,0,2026-09-08,Battery failure to charge,Diagnostic report inconclusive regarding whether component failure was thermal surge or defect.,Ambiguous Diagnostic,1,1,1,1,1,0,1,2,0,0,Manual Review
CLM-00468,PRD-00468,Home Appliances,ThermaPure,AeroBreeze DualCool 2.0T,SN-THE-3332267,2026-07-23,1606.26,Prime Retail Express,INV-2026-54832,2026-07-23,2028-07-12,24,59,661,0,2026-08-26,Compressor failure,Reported genuine hardware failure: Compressor failure under regular domestic usage.,Hardware Defect,1,1,1,1,1,0,1,1,0,0,Valid Claim
CLM-01432,PRD-01432,Home Appliances,AeroBreeze,CleanCycle FrontLoad 8kg,SN-AER-5966141,2026-03-07,1032.52,Prime Retail Express,INV-2026-12147,2026-03-07,2028-02-25,24,197,523,0,2026-09-16,Thermostat failure,Claim submitted without primary proof of purchase receipt. Customer submitted affidavit instead.,Incomplete Documentation,0,1,1,0,0,2,1,0,0,0,Manual Review
CLM-00507,PRD-00507,Industrial & Automotive Tools,MegaWrench,MegaWash Pro 2500PSI,SN-MEG-1689962,2024-02-05,816.56,National Appliance Depot,INV-2024-76027,2024-02-05,2027-01-20,36,958,122,0,2026-09-10,Hydraulic pressure seal failure,Unit previously opened and tampered with at non-authorized workshop (Local QuickFix Electronics).,Tampering,1,1,1,1,1,0,1,2,1,0,Invalid Claim
CLM-01090,PRD-01090,Industrial & Automotive Tools,MegaWrench,TitanAir 50L Heavy Duty,SN-MEG-1839952,2025-06-01,436.95,Prime Retail Express,INV-2025-69388,2025-06-01,2027-05-22,24,476,244,0,2026-09-14,Hydraulic pressure seal failure,Claim submitted without primary proof of purchase receipt. Customer submitted affidavit instead.,Incomplete Documentation,0,1,1,0,0,2,1,0,0,0,Manual Review
CLM-01477,PRD-01477,Home Appliances,AeroBreeze,KitchenPro Grill 25L,SN-AER-6291976,2025-12-13,1790.9,Electronics Hub Metro,INV-2024-33697,2025-12-13,2028-11-27,36,281,799,1,2025-12-02,Water pump leakage,Discrepancy detected: Claimed fault occurrence date predates registered purchase date.,Date Inconsistency,1,1,1,1,0,0,1,0,0,1,Manual Review
CLM-00241,PRD-00241,Consumer Electronics,ApexTech,NovaPhone 12 Pro,SN-APE-8103052,2026-03-11,379.25,Official Brand Store,INV-2025-36465,2026-03-11,2027-03-06,12,193,167,0,2026-08-26,Screen flickering,Reported genuine hardware failure: Screen flickering under regular domestic usage.,Hardware Defect,1,1,1,1,1,0,1,1,0,0,Valid Claim
CLM-00841,PRD-00841,Consumer Electronics,VividDisplay,ApexFit Chrono 3,SN-VIV-2817044,2026-02-13,1239.22,Prime Retail Express,INV-2024-62081,2026-02-13,2027-02-08,12,219,141,0,2026-09-11,Unresponsive touch panel,Device submitted does not match registered unit. Serial on invoice differs from backplate.,Serial Mismatch,1,0,1,1,0,1,0,0,0,0,Invalid Claim
CLM-00156,PRD-00156,Home Appliances,AeroBreeze,CleanCycle QuickWash 7kg,SN-AER-9745141,2025-01-29,652.67,National Appliance Depot,INV-2025-17989,2025-01-29,2027-01-19,24,599,121,0,2026-09-03,Compressor failure,Reported genuine hardware failure: Compressor failure under regular domestic usage.,Hardware Defect,1,1,1,1,0,0,1,1,0,0,Valid Claim
CLM-00643,PRD-00643,Industrial & Automotive Tools,IronForge,IronForge Impact 24V,SN-IRO-8676121,2024-01-16,901.83,Prime Retail Express,INV-2024-67918,2024-01-16,2026-12-31,36,978,102,0,2026-09-15,Hydraulic pressure seal failure,Unit previously opened and tampered with at non-authorized workshop (Downtown Third-Party Repair Stall).,Tampering,1,1,1,1,1,0,1,3,1,0,Invalid Claim
CLM-00760,PRD-00760,Home Appliances,AeroBreeze,AeroBreeze Inverter 1.5T,SN-AER-5426369,2025-01-01,1709.01,Electronics Hub Metro,INV-2026-11275,2025-01-01,2027-12-17,36,627,453,0,2026-09-18,Drum spin malfunction,Device submitted does not match registered unit. Serial on invoice differs from backplate.,Serial Mismatch,1,0,1,1,0,1,0,0,0,0,Invalid Claim
CLM-00772,PRD-00772,Industrial & Automotive Tools,IronForge,TitanPressure 3000PSI Commercial,SN-IRO-8175098,2026-05-23,685.54,Industrial Supply Direct,INV-2025-13627,2026-05-23,2028-05-12,24,120,600,0,2026-09-16,Trigger switch failure,Device submitted does not match registered unit. Serial on invoice differs from backplate.,Serial Mismatch,1,0,1,1,0,1,0,0,0,0,Invalid Claim
CLM-01001,PRD-01001,Industrial & Automotive Tools,ApexIndustrial,TorqueGrinder 1500W,SN-APE-8776527,2026-01-11,567.09,National Appliance Depot,INV-2026-62282,2026-01-11,2028-12-26,36,252,828,1,2026-09-15,Trigger switch failure,Claim submitted without primary proof of purchase receipt. Customer submitted affidavit instead.,Incomplete Documentation,0,1,1,0,0,2,1,0,0,0,Manual Review
CLM-00394,PRD-00394,Consumer Electronics,PixelCraft,ApexBook Air 14,SN-PIX-1418336,2025-03-03,2036.76,Prime Retail Express,INV-2024-34931,2025-03-03,2027-02-21,24,566,154,0,2026-09-09,Battery failure to charge,Reported genuine hardware failure: Battery failure to charge under regular domestic usage.,Hardware Defect,1,1,1,1,1,0,1,0,0,0,Valid Claim
CLM-00095,PRD-00095,Consumer Electronics,ApexTech,QuantumBook Ultra 15,SN-APE-9902071,2026-05-08,1371.89,National Appliance Depot,INV-2025-94599,2026-05-08,2028-04-27,24,135,585,1,2026-09-14,Battery failure to charge,Reported genuine hardware failure: Battery failure to charge under regular domestic usage.,Hardware Defect,1,1,1,1,1,0,1,1,0,0,Valid Claim
CLM-01306,PRD-01306,Consumer Electronics,ApexTech,VividTab 11 Max,SN-APE-4901721,2025-11-24,1356.96,National Appliance Depot,INV-2025-45173,2025-11-24,2027-11-14,24,300,420,1,2026-09-14,Bluetooth/Wi-Fi failure,Diagnostic report inconclusive regarding whether component failure was thermal surge or defect.,Ambiguous Diagnostic,1,1,1,1,1,0,1,2,0,0,Manual Review
CLM-01287,PRD-01287,Home Appliances,KitchenPro,KitchenPro Convection 30L,SN-KIT-8468785,2026-05-28,1262.11,TechMegaStore Downtown,INV-2025-12890,2026-05-28,2029-05-12,36,115,965,1,2026-05-17,Compressor failure,Discrepancy detected: Claimed fault occurrence date predates registered purchase date.,Date Inconsistency,1,1,1,1,0,0,1,0,0,1,Manual Review
CLM-01199,PRD-01199,Industrial & Automotive Tools,TitanPower,TorqueGrinder 1500W,SN-TIT-3444734,2025-07-14,1030.46,Prime Retail Express,INV-2025-84908,2025-07-14,2029-06-23,48,433,1007,1,2025-07-01,Chuck bearing breakdown,Discrepancy detected: Claimed fault occurrence date predates registered purchase date.,Date Inconsistency,1,1,1,1,0,0,1,0,0,1,Manual Review
CLM-00024,PRD-00024,Home Appliances,CleanCycle,ThermaWash Eco,SN-CLE-8175395,2025-01-02,1196.45,TechMegaStore Downtown,INV-2024-29536,2025-01-02,2026-12-23,24,626,94,0,2026-09-01,Motor burnout,Reported genuine hardware failure: Motor burnout under regular domestic usage.,Hardware Defect,1,1,1,1,0,0,1,0,0,0,Valid Claim
CLM-00941,PRD-00941,Home Appliances,CleanCycle,FrostGuard 450L Smart,SN-CLE-8791898,2025-03-22,1872.39,Prime Retail Express,INV-2025-27616,2025-03-22,2027-03-12,24,547,173,0,2026-09-10,Thermostat failure,Unit previously opened and tampered with at non-authorized workshop (Downtown Third-Party Repair Stall).,Tampering,1,1,1,1,1,0,1,2,1,0,Invalid Claim
CLM-01175,PRD-01175,Home Appliances,FrostGuard,AeroBreeze DualCool 2.0T,SN-FRO-4130445,2025-10-25,944.25,Electronics Hub Metro,INV-2026-98572,2025-10-25,2028-10-09,36,330,750,0,2026-09-15,Water pump leakage,Claim submitted without primary proof of purchase receipt. Customer submitted affidavit instead.,Incomplete Documentation,0,1,1,0,0,2,1,0,0,0,Manual Review
CLM-01353,PRD-01353,Industrial & Automotive Tools,TorqueMaster,MegaWash Pro 2500PSI,SN-TOR-4252186,2022-10-10,804.82,National Appliance Depot,INV-2025-86159,2022-10-10,2026-09-19,48,1441,0,1,2026-09-16,Chuck bearing breakdown,Fault occurred near warranty expiration boundary. Customer requests grace period evaluation.,Borderline Lifecycle,1,1,1,1,0,0,1,1,0,0,Manual Review
CLM-01226,PRD-01226,Industrial & Automotive Tools,TorqueMaster,MegaWash Pro 2500PSI,SN-TOR-9463790,2023-09-14,271.14,Official Brand Store,INV-2025-58395,2023-09-14,2027-08-24,48,1102,338,1,2026-09-14,Chuck bearing breakdown,Diagnostic report inconclusive regarding whether component failure was thermal surge or defect.,Ambiguous Diagnostic,1,1,1,1,1,0,1,2,0,0,Manual Review
CLM-00259,PRD-00259,Industrial & Automotive Tools,IronForge,TitanAir 50L Heavy Duty,SN-IRO-6236039,2026-04-10,297.27,Industrial Supply Direct,INV-2026-87158,2026-04-10,2030-03-20,48,163,1277,1,2026-09-17,Gearbox seizure,Reported genuine hardware failure: Gearbox seizure under regular domestic usage.,Hardware Defect,1,1,1,1,0,0,1,0,0,0,Valid Claim
CLM-01485,PRD-01485,Industrial & Automotive Tools,IronForge,IronGrind 9-inch Industrial,SN-IRO-5855073,2023-10-01,1123.52,Prime Retail Express,INV-2024-14803,2023-10-01,2027-09-10,48,1085,355,1,2026-09-10,Armature burning,Diagnostic report inconclusive regarding whether component failure was thermal surge or defect.,Ambiguous Diagnostic,1,1,1,1,1,0,1,1,0,0,Manual Review
CLM-00093,PRD-00093,Home Appliances,FrostGuard,FrostGuard Side-by-Side 600L,SN-FRO-8713396,2025-10-29,1772.86,National Appliance Depot,INV-2026-66267,2025-10-29,2028-10-13,36,326,754,0,2026-09-15,Drum spin malfunction,Reported genuine hardware failure: Drum spin malfunction under regular domestic usage.,Hardware Defect,1,1,1,1,1,0,1,0,0,0,Valid Claim
CLM-01279,PRD-01279,Home Appliances,FrostGuard,CleanCycle FrontLoad 8kg,SN-FRO-8571412,2025-05-20,1813.89,National Appliance Depot,INV-2026-77258,2025-05-20,2027-05-10,24,488,232,0,2025-05-15,Electronic PCB failure,Discrepancy detected: Claimed fault occurrence date predates registered purchase date.,Date Inconsistency,1,1,1,1,0,0,1,0,0,1,Manual Review
CLM-00797,PRD-00797,Industrial & Automotive Tools,TorqueMaster,TitanDrill 20V HD,SN-TOR-1954349,2023-06-28,237.1,Electronics Hub Metro,INV-2025-33670,2023-06-28,2026-06-12,36,1180,0,0,2026-09-04,Trigger switch failure,Failure: Trigger switch failure. Note: product warranty expired 100 days ago.,Hardware Wear,1,1,1,1,0,0,1,2,0,0,Invalid Claim
CLM-01002,PRD-01002,Consumer Electronics,PixelCraft,NovaPad Pro 10,SN-PIX-7848595,2025-09-20,1061.08,National Appliance Depot,INV-2024-61488,2025-09-20,2026-09-15,12,365,0,0,2026-09-16,Battery failure to charge,Fault occurred near warranty expiration boundary. Customer requests grace period evaluation.,Borderline Lifecycle,1,1,1,1,0,0,1,1,0,0,Manual Review
CLM-01023,PRD-01023,Consumer Electronics,QuantumCompute,QuantumPixel 8,SN-QUA-8039672,2026-08-04,2383.16,Electronics Hub Metro,INV-2025-59998,2026-08-04,2027-07-30,12,47,313,0,2026-07-17,Bluetooth/Wi-Fi failure,Discrepancy detected: Claimed fault occurrence date predates registered purchase date.,Date Inconsistency,1,1,1,1,0,0,1,0,0,1,Manual Review
CLM-00534,PRD-00534,Consumer Electronics,QuantumCompute,NovaPhone 12 Lite,SN-QUA-1110521,2025-06-29,763.23,Industrial Supply Direct,INV-2025-47585,2025-06-29,2026-06-24,12,448,0,0,2026-09-04,Bluetooth/Wi-Fi failure,Failure: Bluetooth/Wi-Fi failure. Note: product warranty expired 88 days ago.,Hardware Wear,1,1,1,1,0,0,1,1,0,0,Invalid Claim
CLM-00529,PRD-00529,Industrial & Automotive Tools,IronForge,TorqueGrinder 1500W,SN-IRO-8924295,2023-05-16,1068.72,Electronics Hub Metro,INV-2026-37159,2023-05-16,2026-04-30,36,1223,0,0,2026-09-11,Hydraulic pressure seal failure,Failure: Hydraulic pressure seal failure. Note: product warranty expired 143 days ago.,Hardware Wear,1,1,1,1,0,0,1,0,0,0,Invalid Claim
CLM-00004,PRD-00004,Industrial & Automotive Tools,TitanPower,MegaWash Pro 2500PSI,SN-TIT-1768805,2025-11-10,909.45,National Appliance Depot,INV-2024-40512,2025-11-10,2027-10-31,24,314,406,0,2026-09-04,Gearbox seizure,Reported genuine hardware failure: Gearbox seizure under regular domestic usage.,Hardware Defect,1,1,1,1,1,0,1,0,0,0,Valid Claim
CLM-00005,PRD-00005,Consumer Electronics,ApexTech,PixelSlate 12,SN-APE-3871230,2025-01-28,1427.52,Electronics Hub Metro,INV-2024-70589,2025-01-28,2027-01-18,24,600,120,0,2026-09-11,Bluetooth/Wi-Fi failure,Reported genuine hardware failure: Bluetooth/Wi-Fi failure under regular domestic usage.,Hardware Defect,1,1,1,1,0,0,1,0,0,0,Valid Claim
CLM-00627,PRD-00627,Home Appliances,AeroBreeze,CleanCycle FrontLoad 8kg,SN-AER-1989554,2023-08-05,1498.87,Electronics Hub Metro,INV-2025-63581,2023-08-05,2026-07-20,36,1142,0,0,2026-09-13,Thermostat failure,Failure: Thermostat failure. Note: product warranty expired 62 days ago.,Hardware Wear,1,1,1,1,0,0,1,0,0,0,Invalid Claim
CLM-00114,PRD-00114,Consumer Electronics,ApexTech,NovaPad Pro 10,SN-APE-7174337,2026-02-11,1203.99,Industrial Supply Direct,INV-2026-67637,2026-02-11,2028-02-01,24,221,499,0,2026-09-03,Bluetooth/Wi-Fi failure,Reported genuine hardware failure: Bluetooth/Wi-Fi failure under regular domestic usage.,Hardware Defect,1,1,1,1,0,0,1,1,0,0,Valid Claim
CLM-00608,PRD-00608,Consumer Electronics,PixelCraft,ApexBook Air 14,SN-PIX-2806634,2025-11-07,2074.94,National Appliance Depot,INV-2026-92154,2025-11-07,2026-11-02,12,317,43,0,2026-09-06,Cosmetic casing cracks,Physical inspection reveals clear Cosmetic casing cracks violating warranty coverage terms.,Customer Induced Damage,1,1,1,1,0,0,1,0,0,0,Invalid Claim
CLM-01121,PRD-01121,Industrial & Automotive Tools,ApexIndustrial,IronGrind 9-inch Industrial,SN-APE-1661445,2023-10-03,672.2,Official Brand Store,INV-2026-81712,2023-10-03,2026-09-17,36,1083,0,0,2026-09-17,Armature burning,Fault occurred near warranty expiration boundary. Customer requests grace period evaluation.,Borderline Lifecycle,1,1,1,1,0,0,1,1,0,0,Manual Review
CLM-00465,PRD-00465,Consumer Electronics,PixelCraft,NovaPad Pro 10,SN-PIX-2288937,2026-03-13,1380.89,Official Brand Store,INV-2024-22387,2026-03-13,2027-03-08,12,191,169,0,2026-08-28,Battery failure to charge,Reported genuine hardware failure: Battery failure to charge under regular domestic usage.,Hardware Defect,1,1,1,1,1,0,1,1,0,0,Valid Claim
CLM-00413,PRD-00413,Home Appliances,AeroBreeze,AeroBreeze DualCool 2.0T,SN-AER-1592675,2023-02-10,1411.08,Prime Retail Express,INV-2026-49855,2023-02-10,2027-01-20,48,1318,122,1,2026-09-03,Electronic PCB failure,Reported genuine hardware failure: Electronic PCB failure under regular domestic usage.,Hardware Defect,1,1,1,1,1,0,1,0,0,0,Valid Claim
CLM-01397,PRD-01397,Industrial & Automotive Tools,ApexIndustrial,TitanPressure 3000PSI Commercial,SN-APE-4360545,2026-03-29,521.96,National Appliance Depot,INV-2024-29024,2026-03-29,2029-03-13,36,175,905,1,2026-09-16,Trigger switch failure,Claim submitted without primary proof of purchase receipt. Customer submitted affidavit instead.,Incomplete Documentation,0,1,1,0,0,2,1,0,0,0,Manual Review
CLM-00957,PRD-00957,Home Appliances,FrostGuard,ThermaCold 320L,SN-FRO-5701035,2024-10-08,1646.72,Official Brand Store,INV-2025-42986,2024-10-08,2027-09-23,36,712,368,0,2026-09-14,Thermostat failure,Device submitted does not match registered unit. Serial on invoice differs from backplate.,Serial Mismatch,1,0,1,1,0,1,0,0,0,0,Invalid Claim
CLM-01020,PRD-01020,Consumer Electronics,NovaSound,NovaPad Pro 10,SN-NOV-2084703,2026-07-30,340.73,Industrial Supply Direct,INV-2025-17917,2026-07-30,2029-07-14,36,52,1028,1,2026-09-07,Bluetooth/Wi-Fi failure,Diagnostic report inconclusive regarding whether component failure was thermal surge or defect.,Ambiguous Diagnostic,1,1,1,1,1,0,1,1,0,0,Manual Review
CLM-00813,PRD-00813,Industrial & Automotive Tools,ApexIndustrial,MegaWash Pro 2500PSI,SN-APE-1546929,2024-07-15,904.62,Electronics Hub Metro,INV-2025-95093,2024-07-15,2026-07-05,24,797,0,0,2026-09-02,Trigger switch failure,Failure: Trigger switch failure. Note: product warranty expired 77 days ago.,Hardware Wear,1,1,1,1,0,0,1,2,0,0,Invalid Claim
CLM-01374,PRD-01374,Home Appliances,ThermaPure,KitchenPro Convection 30L,SN-THE-4163587,2026-02-21,1446.65,Prime Retail Express,INV-2025-55061,2026-02-21,2028-02-11,24,211,509,0,2026-09-11,Motor burnout,Diagnostic report inconclusive regarding whether component failure was thermal surge or defect.,Ambiguous Diagnostic,1,1,1,1,1,0,1,1,0,0,Manual Review
CLM-00386,PRD-00386,Home Appliances,CleanCycle,FrostGuard Side-by-Side 600L,SN-CLE-3257303,2025-06-19,494.24,National Appliance Depot,INV-2025-79081,2025-06-19,2029-05-29,48,458,982,1,2026-08-30,Compressor failure,Reported genuine hardware failure: Compressor failure under regular domestic usage.,Hardware Defect,1,1,1,1,1,0,1,1,0,0,Valid Claim
CLM-00532,PRD-00532,Consumer Electronics,PixelCraft,VividTab 11 Max,SN-PIX-2747213,2025-04-15,1823.73,Industrial Supply Direct,INV-2025-24539,2025-04-15,2026-04-10,12,523,0,0,2026-09-14,Unresponsive touch panel,Failure: Unresponsive touch panel. Note: product warranty expired 163 days ago.,Hardware Wear,1,1,1,1,0,0,1,0,0,0,Invalid Claim
CLM-00562,PRD-00562,Consumer Electronics,QuantumCompute,ApexFit Chrono 3,SN-QUA-2361450,2026-06-19,2009.8,Official Brand Store,INV-2026-20161,2026-06-19,2027-06-14,12,93,267,0,2026-09-13,Speaker malfunction,Device submitted does not match registered unit. Serial on invoice differs from backplate.,Serial Mismatch,1,0,1,1,0,1,0,0,0,0,Invalid Claim
CLM-00019,PRD-00019,Industrial & Automotive Tools,TorqueMaster,IronForge Impact 24V,SN-TOR-7774229,2025-06-18,286.87,Prime Retail Express,INV-2024-85880,2025-06-18,2028-06-02,36,459,621,1,2026-08-28,Trigger switch failure,Reported genuine hardware failure: Trigger switch failure under regular domestic usage.,Hardware Defect,1,1,1,1,0,0,1,0,0,0,Valid Claim
CLM-00022,PRD-00022,Industrial & Automotive Tools,MegaWrench,IronForge Impact 24V,SN-MEG-6022741,2024-07-22,1220.52,TechMegaStore Downtown,INV-2024-44664,2024-07-22,2027-07-07,36,790,290,1,2026-09-01,Hydraulic pressure seal failure,Reported genuine hardware failure: Hydraulic pressure seal failure under regular domestic usage.,Hardware Defect,1,1,1,1,1,0,1,1,0,0,Valid Claim
CLM-00063,PRD-00063,Home Appliances,KitchenPro,ThermaAir Silent,SN-KIT-9214801,2025-02-02,1683.42,Industrial Supply Direct,INV-2026-73483,2025-02-02,2028-01-18,36,595,485,0,2026-09-01,Drum spin malfunction,Reported genuine hardware failure: Drum spin malfunction under regular domestic usage.,Hardware Defect,1,1,1,1,0,0,1,0,0,0,Valid Claim
CLM-01368,PRD-01368,Home Appliances,FrostGuard,AeroBreeze Inverter 1.5T,SN-FRO-5088595,2026-06-24,895.69,Electronics Hub Metro,INV-2024-27123,2026-06-24,2028-06-13,24,88,632,0,2026-06-06,Thermostat failure,Discrepancy detected: Claimed fault occurrence date predates registered purchase date.,Date Inconsistency,1,1,1,1,0,0,1,0,0,1,Manual Review
CLM-01305,PRD-01305,Consumer Electronics,PixelCraft,ApexFit Chrono 3,SN-PIX-7473815,2023-11-08,2191.72,Prime Retail Express,INV-2024-70450,2023-11-08,2026-10-23,36,1047,33,1,2023-10-26,Unresponsive touch panel,Discrepancy detected: Claimed fault occurrence date predates registered purchase date.,Date Inconsistency,1,1,1,1,0,0,1,0,0,1,Manual Review
CLM-01130,PRD-01130,Consumer Electronics,NovaSound,NovaWatch Ultra,SN-NOV-4190081,2026-01-25,1627.47,Industrial Supply Direct,INV-2026-18768,2026-01-25,2027-01-20,12,238,122,0,2026-09-13,Bluetooth/Wi-Fi failure,Diagnostic report inconclusive regarding whether component failure was thermal surge or defect.,Ambiguous Diagnostic,1,1,1,1,1,0,1,2,0,0,Manual Review
CLM-00214,PRD-00214,Industrial & Automotive Tools,ApexIndustrial,MegaWash Pro 2500PSI,SN-APE-7178606,2026-08-15,829.44,Industrial Supply Direct,INV-2024-81638,2026-08-15,2029-07-30,36,36,1044,1,2026-09-05,Armature burning,Reported genuine hardware failure: Armature burning under regular domestic usage.,Hardware Defect,1,1,1,1,1,0,1,0,0,0,Valid Claim
CLM-00900,PRD-00900,Home Appliances,CleanCycle,CleanCycle FrontLoad 8kg,SN-CLE-9392214,2026-06-11,1325.21,Prime Retail Express,INV-2025-30875,2026-06-11,2028-05-31,24,101,619,0,2026-09-18,Water pump leakage,Device submitted does not match registered unit. Serial on invoice differs from backplate.,Serial Mismatch,1,0,1,1,0,1,0,0,0,0,Invalid Claim
CLM-00002,PRD-00002,Industrial & Automotive Tools,TorqueMaster,IronForge Impact 24V,SN-TOR-8038374,2025-09-07,402.51,Prime Retail Express,INV-2025-10851,2025-09-07,2027-08-28,24,378,342,0,2026-09-10,Hydraulic pressure seal failure,Reported genuine hardware failure: Hydraulic pressure seal failure under regular domestic usage.,Hardware Defect,1,1,1,1,1,0,1,0,0,0,Valid Claim
CLM-00337,PRD-00337,Home Appliances,CleanCycle,AeroBreeze DualCool 2.0T,SN-CLE-5358838,2025-11-01,548.15,TechMegaStore Downtown,INV-2024-78592,2025-11-01,2027-10-22,24,323,397,0,2026-09-03,Electronic PCB failure,Reported genuine hardware failure: Electronic PCB failure under regular domestic usage.,Hardware Defect,1,1,1,1,1,0,1,0,0,0,Valid Claim
CLM-01137,PRD-01137,Home Appliances,FrostGuard,ThermaAir Silent,SN-FRO-3296660,2024-08-02,409.0,Prime Retail Express,INV-2024-24002,2024-08-02,2028-07-12,48,779,661,1,2026-09-12,Electronic PCB failure,Diagnostic report inconclusive regarding whether component failure was thermal surge or defect.,Ambiguous Diagnostic,1,1,1,1,1,0,1,1,0,0,Manual Review
CLM-00368,PRD-00368,Home Appliances,KitchenPro,CleanCycle QuickWash 7kg,SN-KIT-2671072,2026-01-30,1745.2,Industrial Supply Direct,INV-2026-79672,2026-01-30,2029-01-14,36,233,847,1,2026-09-02,Drum spin malfunction,Reported genuine hardware failure: Drum spin malfunction under regular domestic usage.,Hardware Defect,1,1,1,1,0,0,1,1,0,0,Valid Claim
CLM-01244,PRD-01244,Home Appliances,AeroBreeze,CleanCycle FrontLoad 8kg,SN-AER-4591976,2025-04-15,1484.59,Electronics Hub Metro,INV-2024-65980,2025-04-15,2029-03-25,48,523,917,1,2025-04-06,Motor burnout,Discrepancy detected: Claimed fault occurrence date predates registered purchase date.,Date Inconsistency,1,1,1,1,0,0,1,0,0,1,Manual Review
CLM-00888,PRD-00888,Home Appliances,KitchenPro,CleanCycle QuickWash 7kg,SN-KIT-1767426,2023-06-04,1266.4,Electronics Hub Metro,INV-2026-47344,2023-06-04,2026-05-19,36,1204,0,0,2026-09-09,Compressor failure,Failure: Compressor failure. Note: product warranty expired 124 days ago.,Hardware Wear,1,1,1,1,0,0,1,1,0,0,Invalid Claim
CLM-00965,PRD-00965,Industrial & Automotive Tools,ApexIndustrial,MegaWash Pro 2500PSI,SN-APE-2273983,2026-02-23,377.41,TechMegaStore Downtown,INV-2026-88377,2026-02-23,2029-02-07,36,209,871,0,2026-09-06,Gearbox seizure,Unit previously opened and tampered with at non-authorized workshop (Joe's Unofficial Fix Shop).,Tampering,1,1,1,1,1,0,1,2,1,0,Invalid Claim
CLM-01230,PRD-01230,Home Appliances,FrostGuard,AeroBreeze Inverter 1.5T,SN-FRO-5458619,2024-09-29,1823.37,Electronics Hub Metro,INV-2026-94320,2024-09-29,2026-09-19,24,721,0,0,2026-09-17,Motor burnout,Fault occurred near warranty expiration boundary. Customer requests grace period evaluation.,Borderline Lifecycle,1,1,1,1,0,0,1,1,0,0,Manual Review
CLM-01401,PRD-01401,Consumer Electronics,NovaSound,NovaPhone 12 Lite,SN-NOV-7732573,2024-10-08,1719.53,Prime Retail Express,INV-2025-97027,2024-10-08,2027-09-23,36,712,368,1,2026-09-13,Speaker malfunction,Diagnostic report inconclusive regarding whether component failure was thermal surge or defect.,Ambiguous Diagnostic,1,1,1,1,1,0,1,1,0,0,Manual Review
CLM-00504,PRD-00504,Consumer Electronics,NovaSound,NovaPhone 12 Lite,SN-NOV-8018429,2024-11-17,613.85,Electronics Hub Metro,INV-2024-48036,2024-11-17,2026-11-07,24,672,48,0,2026-09-04,Screen shattering from drops,Physical inspection reveals clear Screen shattering from drops violating warranty coverage terms.,Customer Induced Damage,1,1,1,1,0,0,1,0,0,0,Invalid Claim
CLM-00745,PRD-00745,Consumer Electronics,VividDisplay,ApexBook Air 14,SN-VIV-3198789,2026-07-14,2134.78,Industrial Supply Direct,INV-2024-79922,2026-07-14,2027-07-09,12,68,292,0,2026-09-16,Speaker malfunction,Unit previously opened and tampered with at non-authorized workshop (Local QuickFix Electronics).,Tampering,1,1,1,1,1,0,1,2,1,0,Invalid Claim
CLM-00762,PRD-00762,Industrial & Automotive Tools,ApexIndustrial,TitanPressure 3000PSI Commercial,SN-APE-6885129,2025-04-09,1287.26,National Appliance Depot,INV-2026-73765,2025-04-09,2028-03-24,36,529,551,0,2026-09-17,Gearbox seizure,Unit previously opened and tampered with at non-authorized workshop (Joe's Unofficial Fix Shop).,Tampering,1,1,1,1,1,0,1,3,1,0,Invalid Claim
CLM-01193,PRD-01193,Industrial & Automotive Tools,IronForge,TorqueGrinder 1500W,SN-IRO-8653803,2026-03-24,252.1,Prime Retail Express,INV-2025-29029,2026-03-24,2029-03-08,36,180,900,0,2026-09-13,Trigger switch failure,Claim submitted without primary proof of purchase receipt. Customer submitted affidavit instead.,Incomplete Documentation,0,1,1,0,0,2,1,0,0,0,Manual Review
CLM-00171,PRD-00171,Home Appliances,ThermaPure,AeroBreeze Inverter 1.5T,SN-THE-8558977,2023-05-10,1083.97,National Appliance Depot,INV-2026-59207,2023-05-10,2027-04-19,48,1229,211,1,2026-08-28,Drum spin malfunction,Reported genuine hardware failure: Drum spin malfunction under regular domestic usage.,Hardware Defect,1,1,1,1,1,0,1,1,0,0,Valid Claim
CLM-00068,PRD-00068,Home Appliances,CleanCycle,AeroBreeze DualCool 2.0T,SN-CLE-3442255,2026-02-23,689.72,Industrial Supply Direct,INV-2026-99364,2026-02-23,2029-02-07,36,209,871,1,2026-09-16,Electronic PCB failure,Reported genuine hardware failure: Electronic PCB failure under regular domestic usage.,Hardware Defect,1,1,1,1,0,0,1,1,0,0,Valid Claim
CLM-00173,PRD-00173,Home Appliances,FrostGuard,AeroBreeze DualCool 2.0T,SN-FRO-3223098,2026-06-29,438.68,Industrial Supply Direct,INV-2025-83005,2026-06-29,2030-06-08,48,83,1357,1,2026-09-16,Thermostat failure,Reported genuine hardware failure: Thermostat failure under regular domestic usage.,Hardware Defect,1,1,1,1,0,0,1,1,0,0,Valid Claim
CLM-01402,PRD-01402,Home Appliances,FrostGuard,AeroBreeze DualCool 2.0T,SN-FRO-7065502,2024-09-26,808.47,Prime Retail Express,INV-2024-32843,2024-09-26,2026-09-16,24,724,0,0,2026-09-17,Compressor failure,Fault occurred near warranty expiration boundary. Customer requests grace period evaluation.,Borderline Lifecycle,1,1,1,1,0,0,1,1,0,0,Manual Review
CLM-01416,PRD-01416,Industrial & Automotive Tools,IronForge,IronForge TwinPiston 100L,SN-IRO-2224634,2025-03-10,1059.46,National Appliance Depot,INV-2026-25900,2025-03-10,2029-02-17,48,559,881,1,2026-09-14,Trigger switch failure,Claim submitted without primary proof of purchase receipt. Customer submitted affidavit instead.,Incomplete Documentation,0,1,1,0,0,2,1,0,0,0,Manual Review
CLM-01429,PRD-01429,Consumer Electronics,PixelCraft,NovaPad Pro 10,SN-PIX-2808703,2025-06-19,694.71,TechMegaStore Downtown,INV-2024-12879,2025-06-19,2027-06-09,24,458,262,1,2025-05-31,Speaker malfunction,Discrepancy detected: Claimed fault occurrence date predates registered purchase date.,Date Inconsistency,1,1,1,1,0,0,1,0,0,1,Manual Review
CLM-00152,PRD-00152,Home Appliances,CleanCycle,AeroBreeze DualCool 2.0T,SN-CLE-7333337,2026-04-22,900.03,Official Brand Store,INV-2026-80687,2026-04-22,2028-04-11,24,151,569,0,2026-09-13,Electronic PCB failure,Reported genuine hardware failure: Electronic PCB failure under regular domestic usage.,Hardware Defect,1,1,1,1,0,0,1,0,0,0,Valid Claim
CLM-01134,PRD-01134,Consumer Electronics,QuantumCompute,VividTab 11 Max,SN-QUA-6173843,2026-05-18,1897.85,Industrial Supply Direct,INV-2024-13427,2026-05-18,2028-05-07,24,125,595,0,2026-09-16,Unresponsive touch panel,Claim submitted without primary proof of purchase receipt. Customer submitted affidavit instead.,Incomplete Documentation,0,1,1,0,0,2,1,0,0,0,Manual Review
CLM-01142,PRD-01142,Consumer Electronics,ApexTech,QuantumBook Ultra 15,SN-APE-7622282,2024-09-29,504.81,Electronics Hub Metro,INV-2025-24760,2024-09-29,2026-09-19,24,721,0,1,2026-09-16,Screen flickering,Fault occurred near warranty expiration boundary. Customer requests grace period evaluation.,Borderline Lifecycle,1,1,1,1,0,0,1,1,0,0,Manual Review
CLM-00281,PRD-00281,Home Appliances,ThermaPure,CleanCycle QuickWash 7kg,SN-THE-3456660,2025-05-15,1642.01,Official Brand Store,INV-2025-36738,2025-05-15,2027-05-05,24,493,227,0,2026-09-15,Electronic PCB failure,Reported genuine hardware failure: Electronic PCB failure under regular domestic usage.,Hardware Defect,1,1,1,1,0,0,1,1,0,0,Valid Claim
CLM-01232,PRD-01232,Industrial & Automotive Tools,TorqueMaster,TitanPressure 3000PSI Commercial,SN-TOR-3295958,2025-05-08,1224.45,Prime Retail Express,INV-2025-64536,2025-05-08,2027-04-28,24,500,220,0,2026-09-10,Chuck bearing breakdown,Diagnostic report inconclusive regarding whether component failure was thermal surge or defect.,Ambiguous Diagnostic,1,1,1,1,1,0,1,2,0,0,Manual Review
CLM-01289,PRD-01289,Home Appliances,FrostGuard,CleanCycle FrontLoad 8kg,SN-FRO-5270011,2024-08-14,812.95,Prime Retail Express,INV-2024-62508,2024-08-14,2028-07-24,48,767,673,1,2026-09-14,Thermostat failure,Claim submitted without primary proof of purchase receipt. Customer submitted affidavit instead.,Incomplete Documentation,0,1,1,0,0,2,1,0,0,0,Manual Review
CLM-01363,PRD-01363,Home Appliances,AeroBreeze,KitchenPro Grill 25L,SN-AER-2580352,2023-08-12,909.75,Prime Retail Express,INV-2024-16598,2023-08-12,2027-07-22,48,1135,305,1,2026-09-06,Water pump leakage,Diagnostic report inconclusive regarding whether component failure was thermal surge or defect.,Ambiguous Diagnostic,1,1,1,1,1,0,1,1,0,0,Manual Review
CLM-00588,PRD-00588,Home Appliances,CleanCycle,AeroBreeze DualCool 2.0T,SN-CLE-1414702,2026-04-29,586.31,Electronics Hub Metro,INV-2025-94587,2026-04-29,2028-04-18,24,144,576,0,2026-09-13,Electronic PCB failure,Unit previously opened and tampered with at non-authorized workshop (Local QuickFix Electronics).,Tampering,1,1,1,1,1,0,1,2,1,0,Invalid Claim
CLM-01057,PRD-01057,Home Appliances,ThermaPure,CleanCycle FrontLoad 8kg,SN-THE-5057290,2023-10-05,1508.28,National Appliance Depot,INV-2024-81036,2023-10-05,2026-09-19,36,1081,0,1,2026-09-19,Thermostat failure,Fault occurred near warranty expiration boundary. Customer requests grace period evaluation.,Borderline Lifecycle,1,1,1,1,0,0,1,1,0,0,Manual Review
CLM-01035,PRD-01035,Consumer Electronics,VividDisplay,ApexBook Pro 16,SN-VIV-9004435,2026-01-21,1047.29,National Appliance Depot,INV-2026-59155,2026-01-21,2027-01-16,12,242,118,0,2026-01-11,Battery failure to charge,Discrepancy detected: Claimed fault occurrence date predates registered purchase date.,Date Inconsistency,1,1,1,1,0,0,1,0,0,1,Manual Review
CLM-01066,PRD-01066,Consumer Electronics,PixelCraft,PixelSlate 12,SN-PIX-2783889,2023-10-05,1161.84,TechMegaStore Downtown,INV-2025-67185,2023-10-05,2026-09-19,36,1081,0,1,2026-09-17,Bluetooth/Wi-Fi failure,Fault occurred near warranty expiration boundary. Customer requests grace period evaluation.,Borderline Lifecycle,1,1,1,1,0,0,1,1,0,0,Manual Review
CLM-00517,PRD-00517,Home Appliances,CleanCycle,CleanCycle QuickWash 7kg,SN-CLE-2559399,2025-03-22,363.7,National Appliance Depot,INV-2025-98662,2025-03-22,2027-03-12,24,547,173,0,2026-09-02,Third-party modifications,Physical inspection reveals clear Third-party modifications violating warranty coverage terms.,Customer Induced Damage,1,1,1,1,0,0,1,0,0,0,Invalid Claim
CLM-01271,PRD-01271,Industrial & Automotive Tools,ApexIndustrial,TitanAir 50L Heavy Duty,SN-APE-1318441,2024-10-04,185.9,National Appliance Depot,INV-2025-64369,2024-10-04,2028-09-13,48,716,724,1,2024-09-29,Armature burning,Discrepancy detected: Claimed fault occurrence date predates registered purchase date.,Date Inconsistency,1,1,1,1,0,0,1,0,0,1,Manual Review
CLM-00974,PRD-00974,Consumer Electronics,ApexTech,QuantumBook Ultra 15,SN-APE-9888098,2026-05-11,1150.54,Electronics Hub Metro,INV-2026-35509,2026-05-11,2027-05-06,12,132,228,0,2026-09-18,Rooted firmware malfunction,Physical inspection reveals clear Rooted firmware malfunction violating warranty coverage terms.,Customer Induced Damage,1,1,1,1,0,0,1,0,0,0,Invalid Claim
CLM-01127,PRD-01127,Consumer Electronics,NovaSound,ApexBook Pro 16,SN-NOV-2106998,2024-09-25,1989.93,National Appliance Depot,INV-2024-24859,2024-09-25,2026-09-15,24,725,0,0,2026-09-16,Unresponsive touch panel,Fault occurred near warranty expiration boundary. Customer requests grace period evaluation.,Borderline Lifecycle,1,1,1,1,0,0,1,1,0,0,Manual Review
CLM-00460,PRD-00460,Industrial & Automotive Tools,MegaWrench,IronGrind 9-inch Industrial,SN-MEG-2444148,2023-04-30,314.19,National Appliance Depot,INV-2025-78852,2023-04-30,2027-04-09,48,1239,201,1,2026-09-06,Armature burning,Reported genuine hardware failure: Armature burning under regular domestic usage.,Hardware Defect,1,1,1,1,1,0,1,1,0,0,Valid Claim
CLM-00277,PRD-00277,Home Appliances,FrostGuard,ThermaCold 320L,SN-FRO-8261353,2026-05-07,1641.11,Industrial Supply Direct,INV-2026-33226,2026-05-07,2029-04-21,36,136,944,1,2026-09-06,Water pump leakage,Reported genuine hardware failure: Water pump leakage under regular domestic usage.,Hardware Defect,1,1,1,1,0,0,1,0,0,0,Valid Claim
CLM-01149,PRD-01149,Industrial & Automotive Tools,MegaWrench,IronForge TwinPiston 100L,SN-MEG-1056553,2023-10-02,320.46,TechMegaStore Downtown,INV-2025-82597,2023-10-02,2026-09-16,36,1084,0,0,2026-09-18,Hydraulic pressure seal failure,Fault occurred near warranty expiration boundary. Customer requests grace period evaluation.,Borderline Lifecycle,1,1,1,1,0,0,1,1,0,0,Manual Review
CLM-01323,PRD-01323,Industrial & Automotive Tools,TitanPower,TitanPressure 3000PSI Commercial,SN-TIT-9771006,2025-10-24,856.45,National Appliance Depot,INV-2026-35512,2025-10-24,2028-10-08,36,331,749,0,2026-09-10,Hydraulic pressure seal failure,Claim submitted without primary proof of purchase receipt. Customer submitted affidavit instead.,Incomplete Documentation,0,1,1,0,0,2,1,0,0,0,Manual Review
CLM-01357,PRD-01357,Home Appliances,FrostGuard,AeroBreeze Inverter 1.5T,SN-FRO-3541191,2024-05-30,1717.24,TechMegaStore Downtown,INV-2024-60335,2024-05-30,2027-05-15,36,843,237,0,2026-09-16,Electronic PCB failure,Claim submitted without primary proof of purchase receipt. Customer submitted affidavit instead.,Incomplete Documentation,0,1,1,0,0,2,1,0,0,0,Manual Review
CLM-01061,PRD-01061,Home Appliances,AeroBreeze,FrostGuard 450L Smart,SN-AER-2577152,2024-11-15,1026.5,Official Brand Store,INV-2025-41637,2024-11-15,2028-10-25,48,674,766,1,2024-10-27,Motor burnout,Discrepancy detected: Claimed fault occurrence date predates registered purchase date.,Date Inconsistency,1,1,1,1,0,0,1,0,0,1,Manual Review
CLM-00286,PRD-00286,Home Appliances,KitchenPro,CleanCycle FrontLoad 8kg,SN-KIT-2143811,2024-09-05,1557.01,Electronics Hub Metro,INV-2025-81182,2024-09-05,2028-08-15,48,745,695,1,2026-09-11,Motor burnout,Reported genuine hardware failure: Motor burnout under regular domestic usage.,Hardware Defect,1,1,1,1,0,0,1,0,0,0,Valid Claim
CLM-00236,PRD-00236,Industrial & Automotive Tools,IronForge,TitanPressure 3000PSI Commercial,SN-IRO-4985398,2026-05-02,259.3,Industrial Supply Direct,INV-2026-82045,2026-05-02,2030-04-11,48,141,1299,1,2026-09-07,Armature burning,Reported genuine hardware failure: Armature burning under regular domestic usage.,Hardware Defect,1,1,1,1,0,0,1,0,0,0,Valid Claim
CLM-00334,PRD-00334,Industrial & Automotive Tools,ApexIndustrial,TitanDrill 20V HD,SN-APE-9790972,2024-10-20,1028.75,TechMegaStore Downtown,INV-2024-44400,2024-10-20,2027-10-05,36,700,380,1,2026-09-06,Gearbox seizure,Reported genuine hardware failure: Gearbox seizure under regular domestic usage.,Hardware Defect,1,1,1,1,1,0,1,1,0,0,Valid Claim
CLM-01422,PRD-01422,Home Appliances,KitchenPro,ThermaAir Silent,SN-KIT-7570063,2026-03-03,603.5,Prime Retail Express,INV-2025-92313,2026-03-03,2030-02-10,48,201,1239,1,2026-09-09,Electronic PCB failure,Diagnostic report inconclusive regarding whether component failure was thermal surge or defect.,Ambiguous Diagnostic,1,1,1,1,1,0,1,1,0,0,Manual Review
CLM-01223,PRD-01223,Industrial & Automotive Tools,IronForge,IronForge TwinPiston 100L,SN-IRO-5501703,2024-08-29,437.89,Prime Retail Express,INV-2025-70383,2024-08-29,2028-08-08,48,752,688,1,2026-09-14,Hydraulic pressure seal failure,Claim submitted without primary proof of purchase receipt. Customer submitted affidavit instead.,Incomplete Documentation,0,1,1,0,0,2,1,0,0,0,Manual Review
CLM-00854,PRD-00854,Home Appliances,CleanCycle,KitchenPro Grill 25L,SN-CLE-6955771,2026-02-22,797.82,Prime Retail Express,INV-2025-79558,2026-02-22,2028-02-12,24,210,510,0,2026-09-10,Pest infestation inside chassis,Physical inspection reveals clear Pest infestation inside chassis violating warranty coverage terms.,Customer Induced Damage,1,1,1,1,0,0,1,0,0,0,Invalid Claim
CLM-00131,PRD-00131,Industrial & Automotive Tools,MegaWrench,IronForge TwinPiston 100L,SN-MEG-5841933,2025-12-01,233.56,Prime Retail Express,INV-2025-82070,2025-12-01,2029-11-10,48,293,1147,1,2026-09-15,Chuck bearing breakdown,Reported genuine hardware failure: Chuck bearing breakdown under regular domestic usage.,Hardware Defect,1,1,1,1,0,0,1,0,0,0,Valid Claim
CLM-00641,PRD-00641,Consumer Electronics,NovaSound,VividTab 11 Max,SN-NOV-4776077,2026-02-09,1809.94,TechMegaStore Downtown,INV-2024-73898,2026-02-09,2028-01-30,24,223,497,0,2026-09-17,Unresponsive touch panel,Unit previously opened and tampered with at non-authorized workshop (Corner Hardware & Mobile Repairs).,Tampering,1,1,1,1,1,0,1,2,1,0,Invalid Claim
CLM-00748,PRD-00748,Industrial & Automotive Tools,TitanPower,MegaWash Pro 2500PSI,SN-TIT-5356836,2023-07-11,1164.82,TechMegaStore Downtown,INV-2024-16291,2023-07-11,2026-06-25,36,1167,0,0,2026-09-05,Trigger switch failure,Failure: Trigger switch failure. Note: product warranty expired 87 days ago.,Hardware Wear,1,1,1,1,0,0,1,1,0,0,Invalid Claim
CLM-00986,PRD-00986,Industrial & Automotive Tools,ApexIndustrial,IronForge Impact 24V,SN-APE-9529114,2026-05-02,751.58,Electronics Hub Metro,INV-2026-58604,2026-05-02,2028-04-21,24,141,579,0,2026-09-04,"Normal consumable wear (brushes, chuck teeth)","Physical inspection reveals clear Normal consumable wear (brushes, chuck teeth) violating warranty coverage terms.",Customer Induced Damage,1,1,1,1,0,0,1,0,0,0,Invalid Claim
CLM-00623,PRD-00623,Industrial & Automotive Tools,TorqueMaster,IronForge Impact 24V,SN-TOR-5384401,2026-07-30,845.25,Official Brand Store,INV-2024-43330,2026-07-30,2028-07-19,24,52,668,0,2026-09-15,Abnormal overload beyond specified torque limits,Physical inspection reveals clear Abnormal overload beyond specified torque limits violating warranty coverage terms.,Customer Induced Damage,1,1,1,1,0,0,1,0,0,0,Invalid Claim
CLM-01161,PRD-01161,Home Appliances,KitchenPro,KitchenPro Convection 30L,SN-KIT-2935210,2024-12-25,1573.56,Electronics Hub Metro,INV-2024-40112,2024-12-25,2026-12-15,24,634,86,0,2026-09-07,Water pump leakage,Diagnostic report inconclusive regarding whether component failure was thermal surge or defect.,Ambiguous Diagnostic,1,1,1,1,1,0,1,1,0,0,Manual Review
CLM-01492,PRD-01492,Consumer Electronics,ApexTech,QuantumBook Ultra 15,SN-APE-7871926,2025-03-03,1725.21,National Appliance Depot,INV-2025-32308,2025-03-03,2027-02-21,24,566,154,0,2025-02-17,Unresponsive touch panel,Discrepancy detected: Claimed fault occurrence date predates registered purchase date.,Date Inconsistency,1,1,1,1,0,0,1,0,0,1,Manual Review
CLM-00998,PRD-00998,Consumer Electronics,QuantumCompute,QuantumBook Ultra 15,SN-QUA-7476923,2026-04-15,848.68,Prime Retail Express,INV-2025-68939,2026-04-15,2027-04-10,12,158,202,0,2026-09-13,Bluetooth/Wi-Fi failure,Device submitted does not match registered unit. Serial on invoice differs from backplate.,Serial Mismatch,1,0,1,1,0,1,0,0,0,0,Invalid Claim
CLM-01465,PRD-01465,Home Appliances,ThermaPure,KitchenPro Convection 30L,SN-THE-9509903,2024-11-06,1248.08,Electronics Hub Metro,INV-2025-52749,2024-11-06,2026-10-27,24,683,37,0,2026-09-08,Compressor failure,Diagnostic report inconclusive regarding whether component failure was thermal surge or defect.,Ambiguous Diagnostic,1,1,1,1,1,0,1,2,0,0,Manual Review
CLM-00916,PRD-00916,Consumer Electronics,QuantumCompute,PixelSlate 12,SN-QUA-9317941,2024-05-20,574.2,TechMegaStore Downtown,INV-2025-98208,2024-05-20,2026-05-10,24,853,0,0,2026-09-05,Bluetooth/Wi-Fi failure,Failure: Bluetooth/Wi-Fi failure. Note: product warranty expired 133 days ago.,Hardware Wear,1,1,1,1,0,0,1,2,0,0,Invalid Claim
CLM-00787,PRD-00787,Industrial & Automotive Tools,MegaWrench,TitanAir 50L Heavy Duty,SN-MEG-1406730,2026-08-06,872.48,Official Brand Store,INV-2024-36678,2026-08-06,2028-07-26,24,45,675,0,2026-09-07,Use of non-spec hydraulic oil,Physical inspection reveals clear Use of non-spec hydraulic oil violating warranty coverage terms.,Customer Induced Damage,1,1,1,1,0,0,1,0,0,0,Invalid Claim
CLM-01340,PRD-01340,Industrial & Automotive Tools,IronForge,TorqueMaster Brushless 18V,SN-IRO-8305164,2025-02-03,193.76,Industrial Supply Direct,INV-2025-35396,2025-02-03,2027-01-24,24,594,126,0,2025-01-23,Trigger switch failure,Discrepancy detected: Claimed fault occurrence date predates registered purchase date.,Date Inconsistency,1,1,1,1,0,0,1,0,0,1,Manual Review
CLM-00956,PRD-00956,Industrial & Automotive Tools,TorqueMaster,TorqueGrinder 1500W,SN-TOR-9771788,2024-03-04,267.51,Official Brand Store,INV-2026-88518,2024-03-04,2027-02-17,36,930,150,0,2026-09-03,Use of non-spec hydraulic oil,Physical inspection reveals clear Use of non-spec hydraulic oil violating warranty coverage terms.,Customer Induced Damage,1,1,1,1,0,0,1,0,0,0,Invalid Claim
CLM-01324,PRD-01324,Home Appliances,CleanCycle,KitchenPro Convection 30L,SN-CLE-8702643,2023-08-24,1554.86,Prime Retail Express,INV-2024-80770,2023-08-24,2027-08-03,48,1123,317,1,2026-09-08,Water pump leakage,Diagnostic report inconclusive regarding whether component failure was thermal surge or defect.,Ambiguous Diagnostic,1,1,1,1,1,0,1,2,0,0,Manual Review
CLM-01056,PRD-01056,Home Appliances,KitchenPro,KitchenPro Convection 30L,SN-KIT-6891056,2026-08-20,1498.72,Official Brand Store,INV-2024-39597,2026-08-20,2030-07-30,48,31,1409,1,2026-09-10,Compressor failure,Claim submitted without primary proof of purchase receipt. Customer submitted affidavit instead.,Incomplete Documentation,0,1,1,0,0,2,1,0,0,0,Manual Review
CLM-00744,PRD-00744,Home Appliances,CleanCycle,FrostGuard Side-by-Side 600L,SN-CLE-3000834,2024-12-29,497.55,Electronics Hub Metro,INV-2026-52844,2024-12-29,2027-12-14,36,630,450,0,2026-09-18,Rust and environmental corrosion,Physical inspection reveals clear Rust and environmental corrosion violating warranty coverage terms.,Customer Induced Damage,1,1,1,1,0,0,1,0,0,0,Invalid Claim
CLM-00755,PRD-00755,Consumer Electronics,PixelCraft,NovaPhone 12 Lite,SN-PIX-8228437,2024-08-29,1367.23,TechMegaStore Downtown,INV-2025-45728,2024-08-29,2026-08-19,24,752,0,0,2026-09-03,Bluetooth/Wi-Fi failure,Failure: Bluetooth/Wi-Fi failure. Note: product warranty expired 32 days ago.,Hardware Wear,1,1,1,1,0,0,1,1,0,0,Invalid Claim
CLM-01045,PRD-01045,Home Appliances,CleanCycle,CleanCycle QuickWash 7kg,SN-CLE-5787252,2023-10-01,1571.01,Official Brand Store,INV-2024-20180,2023-10-01,2026-09-15,36,1085,0,1,2026-09-19,Compressor failure,Fault occurred near warranty expiration boundary. Customer requests grace period evaluation.,Borderline Lifecycle,1,1,1,1,0,0,1,1,0,0,Manual Review
CLM-00414,PRD-00414,Industrial & Automotive Tools,IronForge,MegaWash Pro 2500PSI,SN-IRO-9132926,2023-03-09,243.89,Prime Retail Express,INV-2024-46418,2023-03-09,2027-02-16,48,1291,149,1,2026-09-10,Gearbox seizure,Reported genuine hardware failure: Gearbox seizure under regular domestic usage.,Hardware Defect,1,1,1,1,0,0,1,0,0,0,Valid Claim
CLM-01369,PRD-01369,Home Appliances,FrostGuard,CleanCycle FrontLoad 8kg,SN-FRO-6778649,2025-06-30,1443.4,Prime Retail Express,INV-2024-67667,2025-06-30,2028-06-14,36,447,633,0,2025-06-22,Electronic PCB failure,Discrepancy detected: Claimed fault occurrence date predates registered purchase date.,Date Inconsistency,1,1,1,1,0,0,1,0,0,1,Manual Review
CLM-01342,PRD-01342,Home Appliances,FrostGuard,ThermaAir Silent,SN-FRO-7601390,2026-03-01,875.17,Prime Retail Express,INV-2025-56194,2026-03-01,2028-02-19,24,203,517,0,2026-09-15,Electronic PCB failure,Diagnostic report inconclusive regarding whether component failure was thermal surge or defect.,Ambiguous Diagnostic,1,1,1,1,1,0,1,1,0,0,Manual Review
CLM-00308,PRD-00308,Home Appliances,CleanCycle,CleanCycle FrontLoad 8kg,SN-CLE-3394312,2024-09-19,1570.39,Electronics Hub Metro,INV-2026-96461,2024-09-19,2028-08-29,48,731,709,1,2026-09-04,Electronic PCB failure,Reported genuine hardware failure: Electronic PCB failure under regular domestic usage.,Hardware Defect,1,1,1,1,0,0,1,0,0,0,Valid Claim
CLM-00448,PRD-00448,Consumer Electronics,QuantumCompute,QuantumBook Ultra 15,SN-QUA-4519758,2025-11-11,1931.3,Electronics Hub Metro,INV-2025-56230,2025-11-11,2027-11-01,24,313,407,0,2026-09-17,Screen flickering,Reported genuine hardware failure: Screen flickering under regular domestic usage.,Hardware Defect,1,1,1,1,0,0,1,0,0,0,Valid Claim
CLM-01376,PRD-01376,Industrial & Automotive Tools,MegaWrench,TitanAir 50L Heavy Duty,SN-MEG-9610706,2025-12-19,880.67,TechMegaStore Downtown,INV-2026-74617,2025-12-19,2027-12-09,24,275,445,0,2026-09-14,Armature burning,Claim submitted without primary proof of purchase receipt. Customer submitted affidavit instead.,Incomplete Documentation,0,1,1,0,0,2,1,0,0,0,Manual Review
CLM-01292,PRD-01292,Consumer Electronics,QuantumCompute,VividTab 11 Max,SN-QUA-5544445,2026-03-29,1150.51,TechMegaStore Downtown,INV-2024-52788,2026-03-29,2027-03-24,12,175,185,0,2026-09-10,Speaker malfunction,Diagnostic report inconclusive regarding whether component failure was thermal surge or defect.,Ambiguous Diagnostic,1,1,1,1,1,0,1,1,0,0,Manual Review
CLM-01487,PRD-01487,Industrial & Automotive Tools,TorqueMaster,TorqueMaster Brushless 18V,SN-TOR-9051705,2026-04-05,773.8,Electronics Hub Metro,INV-2024-47387,2026-04-05,2030-03-15,48,168,1272,1,2026-03-21,Hydraulic pressure seal failure,Discrepancy detected: Claimed fault occurrence date predates registered purchase date.,Date Inconsistency,1,1,1,1,0,0,1,0,0,1,Manual Review
CLM-00867,PRD-00867,Industrial & Automotive Tools,IronForge,TorqueGrinder 1500W,SN-IRO-4480382,2025-11-20,542.51,Prime Retail Express,INV-2026-45251,2025-11-20,2027-11-10,24,304,416,0,2026-09-12,Use of non-spec hydraulic oil,Physical inspection reveals clear Use of non-spec hydraulic oil violating warranty coverage terms.,Customer Induced Damage,1,1,1,1,0,0,1,0,0,0,Invalid Claim
CLM-00635,PRD-00635,Industrial & Automotive Tools,ApexIndustrial,TitanDrill 20V HD,SN-APE-1490260,2025-03-22,333.27,National Appliance Depot,INV-2025-46747,2025-03-22,2027-03-12,24,547,173,0,2026-09-07,Armature burning,Unit previously opened and tampered with at non-authorized workshop (Downtown Third-Party Repair Stall).,Tampering,1,1,1,1,1,0,1,3,1,0,Invalid Claim
CLM-00299,PRD-00299,Industrial & Automotive Tools,TorqueMaster,TorqueMaster Brushless 18V,SN-TOR-4295580,2024-05-11,451.72,Official Brand Store,INV-2024-19882,2024-05-11,2027-04-26,36,862,218,1,2026-08-31,Trigger switch failure,Reported genuine hardware failure: Trigger switch failure under regular domestic usage.,Hardware Defect,1,1,1,1,0,0,1,1,0,0,Valid Claim
CLM-01459,PRD-01459,Industrial & Automotive Tools,IronForge,IronForge Impact 24V,SN-IRO-2913352,2023-10-04,1164.76,Prime Retail Express,INV-2025-33204,2023-10-04,2026-09-18,36,1082,0,0,2026-09-16,Trigger switch failure,Fault occurred near warranty expiration boundary. Customer requests grace period evaluation.,Borderline Lifecycle,1,1,1,1,0,0,1,1,0,0,Manual Review
CLM-00034,PRD-00034,Consumer Electronics,NovaSound,ApexBook Air 14,SN-NOV-8795419,2025-02-06,1734.43,Prime Retail Express,INV-2026-51588,2025-02-06,2027-01-27,24,591,129,0,2026-09-04,Motherboard failure,Reported genuine hardware failure: Motherboard failure under regular domestic usage.,Hardware Defect,1,1,1,1,0,0,1,0,0,0,Valid Claim
CLM-00586,PRD-00586,Consumer Electronics,VividDisplay,NovaWatch Ultra,SN-VIV-8130700,2024-08-07,2243.03,Prime Retail Express,INV-2024-59034,2024-08-07,2026-07-28,24,774,0,0,2026-09-13,Battery failure to charge,Failure: Battery failure to charge. Note: product warranty expired 54 days ago.,Hardware Wear,1,1,1,1,0,0,1,1,0,0,Invalid Claim
CLM-00225,PRD-00225,Consumer Electronics,QuantumCompute,VividTab 11 Max,SN-QUA-9882399,2025-12-18,1021.1,Prime Retail Express,INV-2024-30922,2025-12-18,2027-12-08,24,276,444,1,2026-09-10,Unresponsive touch panel,Reported genuine hardware failure: Unresponsive touch panel under regular domestic usage.,Hardware Defect,1,1,1,1,0,0,1,1,0,0,Valid Claim
CLM-00182,PRD-00182,Industrial & Automotive Tools,TitanPower,IronForge TwinPiston 100L,SN-TIT-9099554,2025-10-06,269.23,Industrial Supply Direct,INV-2024-25213,2025-10-06,2027-09-26,24,349,371,0,2026-09-08,Chuck bearing breakdown,Reported genuine hardware failure: Chuck bearing breakdown under regular domestic usage.,Hardware Defect,1,1,1,1,0,0,1,1,0,0,Valid Claim
CLM-00898,PRD-00898,Consumer Electronics,QuantumCompute,QuantumPixel 8,SN-QUA-2526163,2026-02-27,2388.25,TechMegaStore Downtown,INV-2026-88819,2026-02-27,2028-02-17,24,205,515,0,2026-09-04,Third-party unauthorized disassembly,Physical inspection reveals clear Third-party unauthorized disassembly violating warranty coverage terms.,Customer Induced Damage,1,1,1,1,0,0,1,0,0,0,Invalid Claim
CLM-00473,PRD-00473,Home Appliances,KitchenPro,ThermaAir Silent,SN-KIT-4105895,2026-01-14,1002.47,TechMegaStore Downtown,INV-2024-56507,2026-01-14,2028-12-29,36,249,831,0,2026-09-02,Motor burnout,Reported genuine hardware failure: Motor burnout under regular domestic usage.,Hardware Defect,1,1,1,1,0,0,1,0,0,0,Valid Claim
CLM-00049,PRD-00049,Home Appliances,KitchenPro,ThermaAir Silent,SN-KIT-9801946,2026-02-19,1253.87,TechMegaStore Downtown,INV-2024-48829,2026-02-19,2028-02-09,24,213,507,0,2026-09-09,Compressor failure,Reported genuine hardware failure: Compressor failure under regular domestic usage.,Hardware Defect,1,1,1,1,0,0,1,0,0,0,Valid Claim
CLM-01418,PRD-01418,Home Appliances,CleanCycle,ThermaWash Eco,SN-CLE-4666262,2025-10-03,1880.32,Official Brand Store,INV-2026-94219,2025-10-03,2029-09-12,48,352,1088,1,2026-09-17,Compressor failure,Claim submitted without primary proof of purchase receipt. Customer submitted affidavit instead.,Incomplete Documentation,0,1,1,0,0,2,1,0,0,0,Manual Review
CLM-00935,PRD-00935,Industrial & Automotive Tools,IronForge,TitanPressure 3000PSI Commercial,SN-IRO-9535161,2025-07-08,277.79,Industrial Supply Direct,INV-2024-10951,2025-07-08,2028-06-22,36,439,641,0,2026-09-17,Gearbox seizure,Device submitted does not match registered unit. Serial on invoice differs from backplate.,Serial Mismatch,1,0,1,1,0,1,0,0,0,0,Invalid Claim
CLM-00639,PRD-00639,Consumer Electronics,PixelCraft,NovaWatch Ultra,SN-PIX-8727632,2024-12-04,925.63,National Appliance Depot,INV-2024-75514,2024-12-04,2026-11-24,24,655,65,0,2026-09-09,Screen shattering from drops,Physical inspection reveals clear Screen shattering from drops violating warranty coverage terms.,Customer Induced Damage,1,1,1,1,0,0,1,0,0,0,Invalid Claim
CLM-00552,PRD-00552,Industrial & Automotive Tools,MegaWrench,IronGrind 9-inch Industrial,SN-MEG-6375942,2026-02-18,611.07,TechMegaStore Downtown,INV-2025-13049,2026-02-18,2029-02-02,36,214,866,0,2026-09-12,Armature burning,Device submitted does not match registered unit. Serial on invoice differs from backplate.,Serial Mismatch,1,0,1,1,0,1,0,0,0,0,Invalid Claim
CLM-01025,PRD-01025,Consumer Electronics,VividDisplay,PixelSlate 12,SN-VIV-4820831,2025-04-09,635.88,Prime Retail Express,INV-2026-75422,2025-04-09,2027-03-30,24,529,191,0,2026-09-18,Battery failure to charge,Claim submitted without primary proof of purchase receipt. Customer submitted affidavit instead.,Incomplete Documentation,0,1,1,0,0,2,1,0,0,0,Manual Review
CLM-00020,PRD-00020,Home Appliances,ThermaPure,ThermaWash Eco,SN-THE-5004485,2025-10-02,723.98,Electronics Hub Metro,INV-2026-94607,2025-10-02,2028-09-16,36,353,727,0,2026-09-16,Compressor failure,Reported genuine hardware failure: Compressor failure under regular domestic usage.,Hardware Defect,1,1,1,1,0,0,1,1,0,0,Valid Claim
CLM-01497,PRD-01497,Consumer Electronics,NovaSound,QuantumBook Ultra 15,SN-NOV-9249090,2026-05-06,2117.87,TechMegaStore Downtown,INV-2025-54113,2026-05-06,2028-04-25,24,137,583,1,2026-09-11,Speaker malfunction,Claim submitted without primary proof of purchase receipt. Customer submitted affidavit instead.,Incomplete Documentation,0,1,1,0,0,2,1,0,0,0,Manual Review
CLM-01471,PRD-01471,Home Appliances,FrostGuard,FrostGuard 450L Smart,SN-FRO-4186897,2025-02-21,1698.89,TechMegaStore Downtown,INV-2025-73237,2025-02-21,2029-01-31,48,576,864,1,2026-09-05,Water pump leakage,Diagnostic report inconclusive regarding whether component failure was thermal surge or defect.,Ambiguous Diagnostic,1,1,1,1,1,0,1,1,0,0,Manual Review
CLM-00950,PRD-00950,Consumer Electronics,NovaSound,QuantumBook Ultra 15,SN-NOV-4795970,2025-10-30,2138.45,Official Brand Store,INV-2024-80886,2025-10-30,2027-10-20,24,325,395,0,2026-09-17,Cosmetic casing cracks,Physical inspection reveals clear Cosmetic casing cracks violating warranty coverage terms.,Customer Induced Damage,1,1,1,1,0,0,1,0,0,0,Invalid Claim
CLM-01196,PRD-01196,Industrial & Automotive Tools,MegaWrench,IronForge TwinPiston 100L,SN-MEG-4827056,2022-12-14,746.99,Electronics Hub Metro,INV-2025-97837,2022-12-14,2026-11-23,48,1376,64,1,2026-09-10,Armature burning,Claim submitted without primary proof of purchase receipt. Customer submitted affidavit instead.,Incomplete Documentation,0,1,1,0,0,2,1,0,0,0,Manual Review
CLM-00260,PRD-00260,Industrial & Automotive Tools,TorqueMaster,TitanPressure 3000PSI Commercial,SN-TOR-6750102,2026-08-02,1294.56,Industrial Supply Direct,INV-2025-34697,2026-08-02,2028-07-22,24,49,671,0,2026-09-11,Hydraulic pressure seal failure,Reported genuine hardware failure: Hydraulic pressure seal failure under regular domestic usage.,Hardware Defect,1,1,1,1,0,0,1,0,0,0,Valid Claim
CLM-00863,PRD-00863,Home Appliances,FrostGuard,FrostGuard 450L Smart,SN-FRO-4061858,2026-08-01,1466.28,Electronics Hub Metro,INV-2025-87483,2026-08-01,2028-07-21,24,50,670,0,2026-09-12,Rust and environmental corrosion,Physical inspection reveals clear Rust and environmental corrosion violating warranty coverage terms.,Customer Induced Damage,1,1,1,1,0,0,1,0,0,0,Invalid Claim
CLM-00877,PRD-00877,Home Appliances,KitchenPro,AeroBreeze DualCool 2.0T,SN-KIT-1026701,2025-03-18,1275.91,Industrial Supply Direct,INV-2024-94617,2025-03-18,2027-03-08,24,551,169,0,2026-09-12,Commercial heavy utilization,Physical inspection reveals clear Commercial heavy utilization violating warranty coverage terms.,Customer Induced Damage,1,1,1,1,0,0,1,0,0,0,Invalid Claim
CLM-00981,PRD-00981,Home Appliances,AeroBreeze,ThermaWash Eco,SN-AER-6660577,2023-04-28,1799.51,Official Brand Store,INV-2026-60966,2023-04-28,2026-04-12,36,1241,0,0,2026-09-13,Thermostat failure,Failure: Thermostat failure. Note: product warranty expired 161 days ago.,Hardware Wear,1,1,1,1,0,0,1,0,0,0,Invalid Claim
CLM-01394,PRD-01394,Home Appliances,AeroBreeze,CleanCycle QuickWash 7kg,SN-AER-3167660,2024-05-20,661.62,Industrial Supply Direct,INV-2024-76489,2024-05-20,2028-04-29,48,853,587,1,2026-09-17,Compressor failure,Diagnostic report inconclusive regarding whether component failure was thermal surge or defect.,Ambiguous Diagnostic,1,1,1,1,1,0,1,2,0,0,Manual Review
CLM-00848,PRD-00848,Industrial & Automotive Tools,MegaWrench,TitanAir 50L Heavy Duty,SN-MEG-8950226,2023-09-15,160.29,Industrial Supply Direct,INV-2024-29706,2023-09-15,2026-08-30,36,1101,0,0,2026-09-06,Hydraulic pressure seal failure,Failure: Hydraulic pressure seal failure. Note: product warranty expired 21 days ago.,Hardware Wear,1,1,1,1,0,0,1,0,0,0,Invalid Claim
CLM-00585,PRD-00585,Industrial & Automotive Tools,ApexIndustrial,TorqueGrinder 1500W,SN-APE-5501921,2025-12-30,817.36,Official Brand Store,INV-2026-95162,2025-12-30,2027-12-20,24,264,456,0,2026-09-12,Use of non-spec hydraulic oil,Physical inspection reveals clear Use of non-spec hydraulic oil violating warranty coverage terms.,Customer Induced Damage,1,1,1,1,0,0,1,0,0,0,Invalid Claim
CLM-01280,PRD-01280,Consumer Electronics,VividDisplay,ApexBook Pro 16,SN-VIV-1785548,2025-07-28,1162.21,National Appliance Depot,INV-2025-97370,2025-07-28,2027-07-18,24,419,301,1,2026-09-17,Battery failure to charge,Claim submitted without primary proof of purchase receipt. Customer submitted affidavit instead.,Incomplete Documentation,0,1,1,0,0,2,1,0,0,0,Manual Review
CLM-00881,PRD-00881,Home Appliances,ThermaPure,AeroBreeze DualCool 2.0T,SN-THE-9976215,2023-08-09,1853.83,TechMegaStore Downtown,INV-2024-65583,2023-08-09,2026-07-24,36,1138,0,0,2026-09-15,Thermostat failure,Failure: Thermostat failure. Note: product warranty expired 58 days ago.,Hardware Wear,1,1,1,1,0,0,1,2,0,0,Invalid Claim
CLM-00350,PRD-00350,Industrial & Automotive Tools,MegaWrench,IronGrind 9-inch Industrial,SN-MEG-9347489,2024-11-03,1029.59,Electronics Hub Metro,INV-2026-47110,2024-11-03,2027-10-19,36,686,394,0,2026-09-08,Armature burning,Reported genuine hardware failure: Armature burning under regular domestic usage.,Hardware Defect,1,1,1,1,1,0,1,1,0,0,Valid Claim
CLM-00187,PRD-00187,Industrial & Automotive Tools,MegaWrench,IronForge TwinPiston 100L,SN-MEG-2421902,2025-08-12,921.93,National Appliance Depot,INV-2024-41270,2025-08-12,2029-07-22,48,404,1036,1,2026-09-07,Hydraulic pressure seal failure,Reported genuine hardware failure: Hydraulic pressure seal failure under regular domestic usage.,Hardware Defect,1,1,1,1,0,0,1,0,0,0,Valid Claim
CLM-00655,PRD-00655,Home Appliances,FrostGuard,KitchenPro Grill 25L,SN-FRO-5152322,2023-06-24,423.04,TechMegaStore Downtown,INV-2026-24416,2023-06-24,2026-06-08,36,1184,0,0,2026-09-13,Thermostat failure,Failure: Thermostat failure. Note: product warranty expired 104 days ago.,Hardware Wear,1,1,1,1,0,0,1,1,0,0,Invalid Claim
CLM-00227,PRD-00227,Industrial & Automotive Tools,ApexIndustrial,TitanAir 50L Heavy Duty,SN-APE-6185050,2026-08-01,350.89,TechMegaStore Downtown,INV-2024-17362,2026-08-01,2029-07-16,36,50,1030,1,2026-09-02,Chuck bearing breakdown,Reported genuine hardware failure: Chuck bearing breakdown under regular domestic usage.,Hardware Defect,1,1,1,1,1,0,1,1,0,0,Valid Claim
CLM-00218,PRD-00218,Industrial & Automotive Tools,TitanPower,TitanDrill 20V HD,SN-TIT-3757754,2024-02-08,666.0,National Appliance Depot,INV-2025-25825,2024-02-08,2028-01-18,48,955,485,1,2026-09-09,Chuck bearing breakdown,Reported genuine hardware failure: Chuck bearing breakdown under regular domestic usage.,Hardware Defect,1,1,1,1,1,0,1,0,0,0,Valid Claim
CLM-01302,PRD-01302,Home Appliances,FrostGuard,FrostGuard 450L Smart,SN-FRO-3967512,2023-10-05,748.49,TechMegaStore Downtown,INV-2024-58825,2023-10-05,2026-09-19,36,1081,0,0,2026-09-19,Compressor failure,Fault occurred near warranty expiration boundary. Customer requests grace period evaluation.,Borderline Lifecycle,1,1,1,1,0,0,1,1,0,0,Manual Review
CLM-01098,PRD-01098,Industrial & Automotive Tools,ApexIndustrial,IronForge TwinPiston 100L,SN-APE-5101891,2024-08-12,312.66,Electronics Hub Metro,INV-2025-43150,2024-08-12,2027-07-28,36,769,311,0,2026-09-11,Gearbox seizure,Diagnostic report inconclusive regarding whether component failure was thermal surge or defect.,Ambiguous Diagnostic,1,1,1,1,1,0,1,1,0,0,Manual Review
CLM-00076,PRD-00076,Consumer Electronics,QuantumCompute,QuantumBook Ultra 15,SN-QUA-6069909,2025-12-12,1692.25,TechMegaStore Downtown,INV-2024-15943,2025-12-12,2026-12-07,12,282,78,0,2026-09-15,Screen flickering,Reported genuine hardware failure: Screen flickering under regular domestic usage.,Hardware Defect,1,1,1,1,1,0,1,1,0,0,Valid Claim
CLM-00783,PRD-00783,Industrial & Automotive Tools,TorqueMaster,IronForge TwinPiston 100L,SN-TOR-6437103,2023-09-05,826.18,Prime Retail Express,INV-2025-86610,2023-09-05,2026-08-20,36,1111,0,0,2026-09-15,Hydraulic pressure seal failure,Failure: Hydraulic pressure seal failure. Note: product warranty expired 31 days ago.,Hardware Wear,1,1,1,1,0,0,1,0,0,0,Invalid Claim
CLM-01219,PRD-01219,Consumer Electronics,VividDisplay,NovaWatch Ultra,SN-VIV-4003831,2025-02-15,740.15,Prime Retail Express,INV-2025-68665,2025-02-15,2027-02-05,24,582,138,0,2026-09-16,Screen flickering,Claim submitted without primary proof of purchase receipt. Customer submitted affidavit instead.,Incomplete Documentation,0,1,1,0,0,2,1,0,0,0,Manual Review
CLM-01319,PRD-01319,Home Appliances,AeroBreeze,ThermaAir Silent,SN-AER-2426942,2024-11-15,1242.41,TechMegaStore Downtown,INV-2025-46223,2024-11-15,2028-10-25,48,674,766,1,2026-09-14,Drum spin malfunction,Claim submitted without primary proof of purchase receipt. Customer submitted affidavit instead.,Incomplete Documentation,0,1,1,0,0,2,1,0,0,0,Manual Review
CLM-01285,PRD-01285,Home Appliances,AeroBreeze,KitchenPro Grill 25L,SN-AER-2086491,2026-03-11,1009.31,Electronics Hub Metro,INV-2026-54304,2026-03-11,2028-02-29,24,193,527,0,2026-09-13,Electronic PCB failure,Claim submitted without primary proof of purchase receipt. Customer submitted affidavit instead.,Incomplete Documentation,0,1,1,0,0,2,1,0,0,0,Manual Review
CLM-00707,PRD-00707,Home Appliances,CleanCycle,CleanCycle QuickWash 7kg,SN-CLE-6969959,2024-02-15,1857.16,Official Brand Store,INV-2026-22763,2024-02-15,2027-01-30,36,948,132,0,2026-09-10,Compressor failure,Device submitted does not match registered unit. Serial on invoice differs from backplate.,Serial Mismatch,1,0,1,1,0,1,0,0,0,0,Invalid Claim
CLM-00554,PRD-00554,Consumer Electronics,NovaSound,NovaPad Pro 10,SN-NOV-1988408,2026-01-04,1612.29,National Appliance Depot,INV-2024-13561,2026-01-04,2026-12-30,12,259,101,0,2026-09-16,Battery failure to charge,Unit previously opened and tampered with at non-authorized workshop (Downtown Third-Party Repair Stall).,Tampering,1,1,1,1,1,0,1,2,1,0,Invalid Claim
CLM-01245,PRD-01245,Consumer Electronics,VividDisplay,PixelSlate 12,SN-VIV-5102384,2026-04-08,2014.51,Prime Retail Express,INV-2024-51969,2026-04-08,2028-03-28,24,165,555,0,2026-09-11,Bluetooth/Wi-Fi failure,Diagnostic report inconclusive regarding whether component failure was thermal surge or defect.,Ambiguous Diagnostic,1,1,1,1,1,0,1,2,0,0,Manual Review
CLM-00050,PRD-00050,Home Appliances,KitchenPro,FrostGuard 450L Smart,SN-KIT-5901239,2025-01-11,1414.87,Electronics Hub Metro,INV-2026-74340,2025-01-11,2027-12-27,36,617,463,1,2026-09-09,Drum spin malfunction,Reported genuine hardware failure: Drum spin malfunction under regular domestic usage.,Hardware Defect,1,1,1,1,0,0,1,0,0,0,Valid Claim
CLM-00615,PRD-00615,Industrial & Automotive Tools,MegaWrench,TitanAir 50L Heavy Duty,SN-MEG-7400271,2024-05-08,748.69,Electronics Hub Metro,INV-2025-92546,2024-05-08,2026-04-28,24,865,0,0,2026-09-13,Hydraulic pressure seal failure,Failure: Hydraulic pressure seal failure. Note: product warranty expired 145 days ago.,Hardware Wear,1,1,1,1,0,0,1,0,0,0,Invalid Claim
CLM-01407,PRD-01407,Home Appliances,ThermaPure,KitchenPro Grill 25L,SN-THE-4980082,2022-10-06,1644.06,Electronics Hub Metro,INV-2026-99776,2022-10-06,2026-09-15,48,1445,0,1,2026-09-19,Water pump leakage,Fault occurred near warranty expiration boundary. Customer requests grace period evaluation.,Borderline Lifecycle,1,1,1,1,0,0,1,1,0,0,Manual Review
CLM-01467,PRD-01467,Industrial & Automotive Tools,TitanPower,TorqueGrinder 1500W,SN-TIT-1064545,2024-09-08,785.23,Prime Retail Express,INV-2025-50238,2024-09-08,2027-08-24,36,742,338,0,2024-08-25,Chuck bearing breakdown,Discrepancy detected: Claimed fault occurrence date predates registered purchase date.,Date Inconsistency,1,1,1,1,0,0,1,0,0,1,Manual Review
CLM-00838,PRD-00838,Home Appliances,ThermaPure,ThermaWash Eco,SN-THE-2424664,2024-04-25,421.44,Prime Retail Express,INV-2026-64444,2024-04-25,2026-04-15,24,878,0,0,2026-09-11,Compressor failure,Failure: Compressor failure. Note: product warranty expired 158 days ago.,Hardware Wear,1,1,1,1,0,0,1,2,0,0,Invalid Claim
CLM-00964,PRD-00964,Consumer Electronics,QuantumCompute,PixelSlate 12,SN-QUA-6881989,2026-07-14,974.1,Industrial Supply Direct,INV-2025-30868,2026-07-14,2027-07-09,12,68,292,0,2026-09-16,Motherboard failure,Unit previously opened and tampered with at non-authorized workshop (Joe's Unofficial Fix Shop).,Tampering,1,1,1,1,1,0,1,3,1,0,Invalid Claim
CLM-00268,PRD-00268,Home Appliances,CleanCycle,KitchenPro Grill 25L,SN-CLE-3798082,2025-06-21,479.89,Official Brand Store,INV-2026-17686,2025-06-21,2028-06-05,36,456,624,1,2026-08-31,Drum spin malfunction,Reported genuine hardware failure: Drum spin malfunction under regular domestic usage.,Hardware Defect,1,1,1,1,0,0,1,1,0,0,Valid Claim
CLM-00461,PRD-00461,Home Appliances,KitchenPro,KitchenPro Convection 30L,SN-KIT-8753086,2025-01-31,1435.4,Electronics Hub Metro,INV-2024-34380,2025-01-31,2028-01-16,36,597,483,0,2026-09-03,Compressor failure,Reported genuine hardware failure: Compressor failure under regular domestic usage.,Hardware Defect,1,1,1,1,0,0,1,0,0,0,Valid Claim
CLM-01274,PRD-01274,Industrial & Automotive Tools,TorqueMaster,TitanAir 50L Heavy Duty,SN-TOR-8772007,2023-10-02,827.86,Official Brand Store,INV-2024-64339,2023-10-02,2026-09-16,36,1084,0,0,2026-09-16,Armature burning,Fault occurred near warranty expiration boundary. Customer requests grace period evaluation.,Borderline Lifecycle,1,1,1,1,0,0,1,1,0,0,Manual Review
CLM-00647,PRD-00647,Home Appliances,KitchenPro,CleanCycle FrontLoad 8kg,SN-KIT-9044647,2025-04-13,736.96,Official Brand Store,INV-2024-87709,2025-04-13,2027-04-03,24,525,195,0,2026-09-12,Thermostat failure,Device submitted does not match registered unit. Serial on invoice differs from backplate.,Serial Mismatch,1,0,1,1,0,1,0,0,0,0,Invalid Claim
CLM-01457,PRD-01457,Consumer Electronics,PixelCraft,ApexBook Air 14,SN-PIX-3715204,2025-06-30,2326.28,Prime Retail Express,INV-2024-96505,2025-06-30,2027-06-20,24,447,273,1,2026-09-10,Bluetooth/Wi-Fi failure,Diagnostic report inconclusive regarding whether component failure was thermal surge or defect.,Ambiguous Diagnostic,1,1,1,1,1,0,1,2,0,0,Manual Review
CLM-00862,PRD-00862,Industrial & Automotive Tools,TorqueMaster,IronForge TwinPiston 100L,SN-TOR-1054096,2025-01-17,506.84,Prime Retail Express,INV-2025-25429,2025-01-17,2028-01-02,36,611,469,0,2026-09-17,Trigger switch failure,Device submitted does not match registered unit. Serial on invoice differs from backplate.,Serial Mismatch,1,0,1,1,0,1,0,0,0,0,Invalid Claim
CLM-00375,PRD-00375,Consumer Electronics,QuantumCompute,ApexFit Chrono 3,SN-QUA-3307080,2026-01-22,575.71,Electronics Hub Metro,INV-2024-63554,2026-01-22,2027-01-17,12,241,119,0,2026-09-11,Bluetooth/Wi-Fi failure,Reported genuine hardware failure: Bluetooth/Wi-Fi failure under regular domestic usage.,Hardware Defect,1,1,1,1,0,0,1,0,0,0,Valid Claim
CLM-01296,PRD-01296,Industrial & Automotive Tools,MegaWrench,TitanAir 50L Heavy Duty,SN-MEG-5360488,2022-10-10,525.8,Prime Retail Express,INV-2024-59674,2022-10-10,2026-09-19,48,1441,0,1,2026-09-17,Hydraulic pressure seal failure,Fault occurred near warranty expiration boundary. Customer requests grace period evaluation.,Borderline Lifecycle,1,1,1,1,0,0,1,1,0,0,Manual Review
CLM-00047,PRD-00047,Industrial & Automotive Tools,TitanPower,TorqueGrinder 1500W,SN-TIT-2561176,2025-04-24,487.37,Industrial Supply Direct,INV-2026-41890,2025-04-24,2028-04-08,36,514,566,0,2026-09-01,Trigger switch failure,Reported genuine hardware failure: Trigger switch failure under regular domestic usage.,Hardware Defect,1,1,1,1,0,0,1,1,0,0,Valid Claim
CLM-01435,PRD-01435,Industrial & Automotive Tools,TorqueMaster,TitanDrill 20V HD,SN-TOR-6312637,2024-08-12,837.62,Prime Retail Express,INV-2026-54989,2024-08-12,2027-07-28,36,769,311,0,2024-07-30,Trigger switch failure,Discrepancy detected: Claimed fault occurrence date predates registered purchase date.,Date Inconsistency,1,1,1,1,0,0,1,0,0,1,Manual Review
CLM-00370,PRD-00370,Home Appliances,ThermaPure,ThermaCold 320L,SN-THE-7495644,2025-09-06,1723.64,TechMegaStore Downtown,INV-2026-46725,2025-09-06,2028-08-21,36,379,701,1,2026-09-06,Water pump leakage,Reported genuine hardware failure: Water pump leakage under regular domestic usage.,Hardware Defect,1,1,1,1,1,0,1,1,0,0,Valid Claim
CLM-00972,PRD-00972,Industrial & Automotive Tools,IronForge,MegaWash Pro 2500PSI,SN-IRO-5228060,2024-08-30,1238.45,Official Brand Store,INV-2024-88346,2024-08-30,2027-08-15,36,751,329,0,2026-09-16,Chuck bearing breakdown,Device submitted does not match registered unit. Serial on invoice differs from backplate.,Serial Mismatch,1,0,1,1,0,1,0,0,0,0,Invalid Claim
CLM-00914,PRD-00914,Industrial & Automotive Tools,MegaWrench,IronGrind 9-inch Industrial,SN-MEG-8654679,2024-11-13,1290.07,National Appliance Depot,INV-2025-88820,2024-11-13,2027-10-29,36,676,404,0,2026-09-16,Gearbox seizure,Device submitted does not match registered unit. Serial on invoice differs from backplate.,Serial Mismatch,1,0,1,1,0,1,0,0,0,0,Invalid Claim
CLM-01444,PRD-01444,Home Appliances,AeroBreeze,KitchenPro Grill 25L,SN-AER-3684656,2024-08-26,1758.28,Prime Retail Express,INV-2024-12298,2024-08-26,2028-08-05,48,755,685,1,2026-09-10,Compressor failure,Diagnostic report inconclusive regarding whether component failure was thermal surge or defect.,Ambiguous Diagnostic,1,1,1,1,1,0,1,1,0,0,Manual Review
CLM-00557,PRD-00557,Industrial & Automotive Tools,MegaWrench,IronForge TwinPiston 100L,SN-MEG-7824064,2025-01-15,661.88,Official Brand Store,INV-2026-36667,2025-01-15,2027-01-05,24,613,107,0,2026-09-15,Hydraulic pressure seal failure,Unit previously opened and tampered with at non-authorized workshop (Corner Hardware & Mobile Repairs).,Tampering,1,1,1,1,1,0,1,3,1,0,Invalid Claim
CLM-00035,PRD-00035,Home Appliances,ThermaPure,AeroBreeze Inverter 1.5T,SN-THE-9745959,2025-12-24,1074.36,Electronics Hub Metro,INV-2025-67654,2025-12-24,2027-12-14,24,270,450,0,2026-09-10,Thermostat failure,Reported genuine hardware failure: Thermostat failure under regular domestic usage.,Hardware Defect,1,1,1,1,0,0,1,1,0,0,Valid Claim
CLM-00291,PRD-00291,Consumer Electronics,PixelCraft,NovaPhone 12 Lite,SN-PIX-2181822,2025-07-03,1521.41,Electronics Hub Metro,INV-2025-63429,2025-07-03,2027-06-23,24,444,276,0,2026-09-05,Battery failure to charge,Reported genuine hardware failure: Battery failure to charge under regular domestic usage.,Hardware Defect,1,1,1,1,1,0,1,1,0,0,Valid Claim
CLM-01396,PRD-01396,Consumer Electronics,ApexTech,NovaPhone 12 Lite,SN-APE-6942838,2024-11-04,1682.05,Prime Retail Express,INV-2024-83174,2024-11-04,2026-10-25,24,685,35,1,2026-09-12,Bluetooth/Wi-Fi failure,Diagnostic report inconclusive regarding whether component failure was thermal surge or defect.,Ambiguous Diagnostic,1,1,1,1,1,0,1,2,0,0,Manual Review
CLM-01321,PRD-01321,Industrial & Automotive Tools,TitanPower,TorqueGrinder 1500W,SN-TIT-6560094,2025-11-09,171.48,Official Brand Store,INV-2024-67135,2025-11-09,2028-10-24,36,315,765,0,2026-09-17,Armature burning,Diagnostic report inconclusive regarding whether component failure was thermal surge or defect.,Ambiguous Diagnostic,1,1,1,1,1,0,1,1,0,0,Manual Review
CLM-01281,PRD-01281,Industrial & Automotive Tools,TitanPower,IronGrind 9-inch Industrial,SN-TIT-3647964,2023-06-22,736.53,Industrial Supply Direct,INV-2026-87388,2023-06-22,2027-06-01,48,1186,254,1,2026-09-10,Hydraulic pressure seal failure,Diagnostic report inconclusive regarding whether component failure was thermal surge or defect.,Ambiguous Diagnostic,1,1,1,1,1,0,1,2,0,0,Manual Review
CLM-00371,PRD-00371,Home Appliances,AeroBreeze,CleanCycle QuickWash 7kg,SN-AER-3562705,2025-06-24,981.34,National Appliance Depot,INV-2026-53160,2025-06-24,2029-06-03,48,453,987,1,2026-08-29,Motor burnout,Reported genuine hardware failure: Motor burnout under regular domestic usage.,Hardware Defect,1,1,1,1,0,0,1,1,0,0,Valid Claim
CLM-00702,PRD-00702,Consumer Electronics,QuantumCompute,NovaPhone 12 Pro,SN-QUA-8107177,2025-06-04,1762.78,Industrial Supply Direct,INV-2026-43823,2025-06-04,2027-05-25,24,473,247,0,2026-09-13,Third-party unauthorized disassembly,Physical inspection reveals clear Third-party unauthorized disassembly violating warranty coverage terms.,Customer Induced Damage,1,1,1,1,0,0,1,0,0,0,Invalid Claim
CLM-01095,PRD-01095,Industrial & Automotive Tools,ApexIndustrial,TitanDrill 20V HD,SN-APE-3280095,2023-11-30,149.66,Industrial Supply Direct,INV-2026-74219,2023-11-30,2026-11-14,36,1025,55,0,2026-09-08,Trigger switch failure,Diagnostic report inconclusive regarding whether component failure was thermal surge or defect.,Ambiguous Diagnostic,1,1,1,1,1,0,1,2,0,0,Manual Review
CLM-00032,PRD-00032,Industrial & Automotive Tools,TorqueMaster,MegaWash Pro 2500PSI,SN-TOR-3472189,2025-06-23,177.09,Electronics Hub Metro,INV-2025-90120,2025-06-23,2027-06-13,24,454,266,0,2026-08-29,Trigger switch failure,Reported genuine hardware failure: Trigger switch failure under regular domestic usage.,Hardware Defect,1,1,1,1,1,0,1,1,0,0,Valid Claim
CLM-00814,PRD-00814,Consumer Electronics,QuantumCompute,QuantumBook Ultra 15,SN-QUA-9798778,2025-09-09,1395.77,National Appliance Depot,INV-2025-35562,2025-09-09,2027-08-30,24,376,344,0,2026-09-11,Third-party unauthorized disassembly,Physical inspection reveals clear Third-party unauthorized disassembly violating warranty coverage terms.,Customer Induced Damage,1,1,1,1,0,0,1,0,0,0,Invalid Claim
CLM-00191,PRD-00191,Industrial & Automotive Tools,MegaWrench,IronGrind 9-inch Industrial,SN-MEG-2916069,2025-02-08,457.07,Prime Retail Express,INV-2025-81046,2025-02-08,2027-01-29,24,589,131,0,2026-09-12,Chuck bearing breakdown,Reported genuine hardware failure: Chuck bearing breakdown under regular domestic usage.,Hardware Defect,1,1,1,1,1,0,1,1,0,0,Valid Claim
CLM-01201,PRD-01201,Industrial & Automotive Tools,ApexIndustrial,TorqueGrinder 1500W,SN-APE-2050336,2023-10-04,1297.21,TechMegaStore Downtown,INV-2025-76047,2023-10-04,2026-09-18,36,1082,0,1,2026-09-17,Armature burning,Fault occurred near warranty expiration boundary. Customer requests grace period evaluation.,Borderline Lifecycle,1,1,1,1,0,0,1,1,0,0,Manual Review
CLM-01162,PRD-01162,Consumer Electronics,NovaSound,QuantumPixel 8,SN-NOV-3121094,2024-09-27,752.11,TechMegaStore Downtown,INV-2026-89547,2024-09-27,2026-09-17,24,723,0,1,2026-09-19,Battery failure to charge,Fault occurred near warranty expiration boundary. Customer requests grace period evaluation.,Borderline Lifecycle,1,1,1,1,0,0,1,1,0,0,Manual Review
CLM-00377,PRD-00377,Industrial & Automotive Tools,TitanPower,IronForge Impact 24V,SN-TIT-8576751,2023-07-06,674.44,TechMegaStore Downtown,INV-2024-77987,2023-07-06,2027-06-15,48,1172,268,1,2026-09-06,Trigger switch failure,Reported genuine hardware failure: Trigger switch failure under regular domestic usage.,Hardware Defect,1,1,1,1,0,0,1,0,0,0,Valid Claim
CLM-00270,PRD-00270,Industrial & Automotive Tools,MegaWrench,MegaWash Pro 2500PSI,SN-MEG-4757843,2025-12-10,1273.58,Official Brand Store,INV-2025-78039,2025-12-10,2027-11-30,24,284,436,0,2026-09-03,Gearbox seizure,Reported genuine hardware failure: Gearbox seizure under regular domestic usage.,Hardware Defect,1,1,1,1,0,0,1,1,0,0,Valid Claim
CLM-00601,PRD-00601,Industrial & Automotive Tools,TorqueMaster,IronForge Impact 24V,SN-TOR-9279347,2024-05-04,621.97,Prime Retail Express,INV-2024-58330,2024-05-04,2026-04-24,24,869,0,0,2026-09-05,Chuck bearing breakdown,Failure: Chuck bearing breakdown. Note: product warranty expired 149 days ago.,Hardware Wear,1,1,1,1,0,0,1,1,0,0,Invalid Claim
CLM-00618,PRD-00618,Home Appliances,AeroBreeze,KitchenPro Grill 25L,SN-AER-8897261,2026-08-01,1005.2,Prime Retail Express,INV-2026-66810,2026-08-01,2028-07-21,24,50,670,0,2026-09-12,Drum spin malfunction,Device submitted does not match registered unit. Serial on invoice differs from backplate.,Serial Mismatch,1,0,1,1,0,1,0,0,0,0,Invalid Claim
CLM-00462,PRD-00462,Industrial & Automotive Tools,MegaWrench,TitanPressure 3000PSI Commercial,SN-MEG-8775431,2026-04-16,407.2,TechMegaStore Downtown,INV-2024-44429,2026-04-16,2029-03-31,36,157,923,0,2026-08-29,Gearbox seizure,Reported genuine hardware failure: Gearbox seizure under regular domestic usage.,Hardware Defect,1,1,1,1,0,0,1,0,0,0,Valid Claim
CLM-00297,PRD-00297,Home Appliances,ThermaPure,KitchenPro Grill 25L,SN-THE-6128383,2023-12-14,1408.53,Electronics Hub Metro,INV-2026-84299,2023-12-14,2026-11-28,36,1011,69,0,2026-09-05,Motor burnout,Reported genuine hardware failure: Motor burnout under regular domestic usage.,Hardware Defect,1,1,1,1,1,0,1,0,0,0,Valid Claim
CLM-00111,PRD-00111,Industrial & Automotive Tools,ApexIndustrial,TorqueMaster Brushless 18V,SN-APE-1730386,2024-09-14,880.02,National Appliance Depot,INV-2025-12128,2024-09-14,2028-08-24,48,736,704,1,2026-09-11,Armature burning,Reported genuine hardware failure: Armature burning under regular domestic usage.,Hardware Defect,1,1,1,1,0,0,1,1,0,0,Valid Claim
CLM-01209,PRD-01209,Industrial & Automotive Tools,IronForge,TitanPressure 3000PSI Commercial,SN-IRO-1825174,2025-10-14,983.88,Electronics Hub Metro,INV-2026-52339,2025-10-14,2028-09-28,36,341,739,1,2026-09-10,Armature burning,Diagnostic report inconclusive regarding whether component failure was thermal surge or defect.,Ambiguous Diagnostic,1,1,1,1,1,0,1,1,0,0,Manual Review
CLM-00502,PRD-00502,Consumer Electronics,NovaSound,PixelSlate 12,SN-NOV-1835219,2025-06-03,1121.38,Industrial Supply Direct,INV-2026-44099,2025-06-03,2026-05-29,12,474,0,0,2026-09-10,Unresponsive touch panel,Failure: Unresponsive touch panel. Note: product warranty expired 114 days ago.,Hardware Wear,1,1,1,1,0,0,1,0,0,0,Invalid Claim
CLM-00628,PRD-00628,Home Appliances,FrostGuard,FrostGuard Side-by-Side 600L,SN-FRO-6740356,2024-08-26,346.47,Electronics Hub Metro,INV-2025-73595,2024-08-26,2026-08-16,24,755,0,0,2026-09-07,Compressor failure,Failure: Compressor failure. Note: product warranty expired 35 days ago.,Hardware Wear,1,1,1,1,0,0,1,2,0,0,Invalid Claim
CLM-01393,PRD-01393,Industrial & Automotive Tools,TorqueMaster,MegaWash Pro 2500PSI,SN-TOR-3489044,2026-08-20,343.32,Official Brand Store,INV-2026-68024,2026-08-20,2029-08-04,36,31,1049,1,2026-09-14,Gearbox seizure,Claim submitted without primary proof of purchase receipt. Customer submitted affidavit instead.,Incomplete Documentation,0,1,1,0,0,2,1,0,0,0,Manual Review
CLM-00932,PRD-00932,Home Appliances,AeroBreeze,AeroBreeze Inverter 1.5T,SN-AER-4383988,2026-06-25,783.69,Industrial Supply Direct,INV-2025-40537,2026-06-25,2028-06-14,24,87,633,0,2026-09-15,Drum spin malfunction,Unit previously opened and tampered with at non-authorized workshop (Local QuickFix Electronics).,Tampering,1,1,1,1,1,0,1,2,1,0,Invalid Claim
CLM-00013,PRD-00013,Consumer Electronics,ApexTech,ApexBook Pro 16,SN-APE-1527021,2026-01-14,2176.16,TechMegaStore Downtown,INV-2026-41195,2026-01-14,2028-01-04,24,249,471,0,2026-09-01,Motherboard failure,Reported genuine hardware failure: Motherboard failure under regular domestic usage.,Hardware Defect,1,1,1,1,0,0,1,1,0,0,Valid Claim
CLM-00971,PRD-00971,Industrial & Automotive Tools,MegaWrench,TorqueGrinder 1500W,SN-MEG-8317957,2023-06-20,223.36,Electronics Hub Metro,INV-2024-83394,2023-06-20,2026-06-04,36,1188,0,0,2026-08-31,Hydraulic pressure seal failure,Failure: Hydraulic pressure seal failure. Note: product warranty expired 108 days ago.,Hardware Wear,1,1,1,1,0,0,1,0,0,0,Invalid Claim
CLM-01392,PRD-01392,Industrial & Automotive Tools,TorqueMaster,TitanPressure 3000PSI Commercial,SN-TOR-9692233,2025-09-03,1040.9,Electronics Hub Metro,INV-2026-13511,2025-09-03,2027-08-24,24,382,338,0,2026-09-16,Gearbox seizure,Claim submitted without primary proof of purchase receipt. Customer submitted affidavit instead.,Incomplete Documentation,0,1,1,0,0,2,1,0,0,0,Manual Review
CLM-00343,PRD-00343,Home Appliances,AeroBreeze,FrostGuard 450L Smart,SN-AER-7455837,2026-05-17,1532.96,Industrial Supply Direct,INV-2024-14392,2026-05-17,2028-05-06,24,126,594,0,2026-09-02,Water pump leakage,Reported genuine hardware failure: Water pump leakage under regular domestic usage.,Hardware Defect,1,1,1,1,0,0,1,0,0,0,Valid Claim
CLM-00228,PRD-00228,Consumer Electronics,NovaSound,NovaPhone 12 Lite,SN-NOV-6428919,2026-07-15,335.98,Electronics Hub Metro,INV-2026-28566,2026-07-15,2027-07-10,12,67,293,0,2026-09-07,Bluetooth/Wi-Fi failure,Reported genuine hardware failure: Bluetooth/Wi-Fi failure under regular domestic usage.,Hardware Defect,1,1,1,1,0,0,1,0,0,0,Valid Claim
CLM-01288,PRD-01288,Industrial & Automotive Tools,MegaWrench,IronForge TwinPiston 100L,SN-MEG-3738798,2025-04-22,1297.37,Electronics Hub Metro,INV-2026-63396,2025-04-22,2028-04-06,36,516,564,1,2026-09-12,Armature burning,Claim submitted without primary proof of purchase receipt. Customer submitted affidavit instead.,Incomplete Documentation,0,1,1,0,0,2,1,0,0,0,Manual Review
CLM-01318,PRD-01318,Industrial & Automotive Tools,TitanPower,TorqueGrinder 1500W,SN-TIT-1187973,2026-04-07,778.9,National Appliance Depot,INV-2024-58846,2026-04-07,2030-03-17,48,166,1274,1,2026-03-26,Trigger switch failure,Discrepancy detected: Claimed fault occurrence date predates registered purchase date.,Date Inconsistency,1,1,1,1,0,0,1,0,0,1,Manual Review
CLM-00835,PRD-00835,Industrial & Automotive Tools,TitanPower,TorqueMaster Brushless 18V,SN-TIT-6591646,2025-08-06,1198.06,Prime Retail Express,INV-2024-95843,2025-08-06,2027-07-27,24,410,310,0,2026-09-01,"Normal consumable wear (brushes, chuck teeth)","Physical inspection reveals clear Normal consumable wear (brushes, chuck teeth) violating warranty coverage terms.",Customer Induced Damage,1,1,1,1,0,0,1,0,0,0,Invalid Claim
CLM-01242,PRD-01242,Consumer Electronics,PixelCraft,NovaWatch Ultra,SN-PIX-1548510,2026-05-09,947.5,Prime Retail Express,INV-2024-76968,2026-05-09,2028-04-28,24,134,586,0,2026-09-12,Screen flickering,Claim submitted without primary proof of purchase receipt. Customer submitted affidavit instead.,Incomplete Documentation,0,1,1,0,0,2,1,0,0,0,Manual Review
CLM-00648,PRD-00648,Industrial & Automotive Tools,IronForge,TitanAir 50L Heavy Duty,SN-IRO-2065324,2025-01-29,969.83,Prime Retail Express,INV-2024-63127,2025-01-29,2027-01-19,24,599,121,0,2026-09-10,Trigger switch failure,Device submitted does not match registered unit. Serial on invoice differs from backplate.,Serial Mismatch,1,0,1,1,0,1,0,0,0,0,Invalid Claim
CLM-00520,PRD-00520,Industrial & Automotive Tools,TorqueMaster,IronGrind 9-inch Industrial,SN-TOR-7592730,2024-07-07,201.05,Industrial Supply Direct,INV-2026-49013,2024-07-07,2027-06-22,36,805,275,0,2026-09-11,Trigger switch failure,Device submitted does not match registered unit. Serial on invoice differs from backplate.,Serial Mismatch,1,0,1,1,0,1,0,0,0,0,Invalid Claim
CLM-00052,PRD-00052,Consumer Electronics,PixelCraft,NovaWatch Ultra,SN-PIX-7381684,2025-01-16,1235.18,Industrial Supply Direct,INV-2025-87139,2025-01-16,2027-01-06,24,612,108,0,2026-08-30,Screen flickering,Reported genuine hardware failure: Screen flickering under regular domestic usage.,Hardware Defect,1,1,1,1,0,0,1,1,0,0,Valid Claim
CLM-01303,PRD-01303,Home Appliances,CleanCycle,KitchenPro Grill 25L,SN-CLE-3145003,2023-10-03,612.41,TechMegaStore Downtown,INV-2024-85738,2023-10-03,2026-09-17,36,1083,0,0,2026-09-16,Motor burnout,Fault occurred near warranty expiration boundary. Customer requests grace period evaluation.,Borderline Lifecycle,1,1,1,1,0,0,1,1,0,0,Manual Review
CLM-01430,PRD-01430,Consumer Electronics,QuantumCompute,QuantumBook Ultra 15,SN-QUA-8655347,2026-03-03,1038.96,TechMegaStore Downtown,INV-2025-65950,2026-03-03,2027-02-26,12,201,159,0,2026-02-19,Bluetooth/Wi-Fi failure,Discrepancy detected: Claimed fault occurrence date predates registered purchase date.,Date Inconsistency,1,1,1,1,0,0,1,0,0,1,Manual Review
CLM-00292,PRD-00292,Consumer Electronics,PixelCraft,QuantumBook Ultra 15,SN-PIX-2060950,2025-10-29,1937.71,Prime Retail Express,INV-2024-19514,2025-10-29,2028-10-13,36,326,754,1,2026-08-28,Battery failure to charge,Reported genuine hardware failure: Battery failure to charge under regular domestic usage.,Hardware Defect,1,1,1,1,0,0,1,0,0,0,Valid Claim
CLM-01216,PRD-01216,Industrial & Automotive Tools,MegaWrench,TitanAir 50L Heavy Duty,SN-MEG-3922838,2023-10-01,232.67,Prime Retail Express,INV-2024-52911,2023-10-01,2026-09-15,36,1085,0,0,2026-09-17,Hydraulic pressure seal failure,Fault occurred near warranty expiration boundary. Customer requests grace period evaluation.,Borderline Lifecycle,1,1,1,1,0,0,1,1,0,0,Manual Review
CLM-01237,PRD-01237,Industrial & Automotive Tools,MegaWrench,TorqueGrinder 1500W,SN-MEG-9231395,2024-10-22,314.68,Official Brand Store,INV-2024-65452,2024-10-22,2027-10-07,36,698,382,0,2024-10-04,Hydraulic pressure seal failure,Discrepancy detected: Claimed fault occurrence date predates registered purchase date.,Date Inconsistency,1,1,1,1,0,0,1,0,0,1,Manual Review
CLM-01227,PRD-01227,Consumer Electronics,VividDisplay,NovaPad Pro 10,SN-VIV-5390715,2024-09-26,714.68,Electronics Hub Metro,INV-2025-92329,2024-09-26,2026-09-16,24,724,0,1,2026-09-16,Motherboard failure,Fault occurred near warranty expiration boundary. Customer requests grace period evaluation.,Borderline Lifecycle,1,1,1,1,0,0,1,1,0,0,Manual Review
CLM-00968,PRD-00968,Home Appliances,AeroBreeze,CleanCycle QuickWash 7kg,SN-AER-9700184,2024-04-21,1228.43,Official Brand Store,INV-2026-60738,2024-04-21,2027-04-06,36,882,198,0,2026-09-05,Thermostat failure,Unit previously opened and tampered with at non-authorized workshop (Corner Hardware & Mobile Repairs).,Tampering,1,1,1,1,1,0,1,2,1,0,Invalid Claim
CLM-01463,PRD-01463,Industrial & Automotive Tools,TitanPower,TorqueGrinder 1500W,SN-TIT-8728329,2024-08-25,1204.95,Official Brand Store,INV-2024-56182,2024-08-25,2028-08-04,48,756,684,1,2024-08-05,Hydraulic pressure seal failure,Discrepancy detected: Claimed fault occurrence date predates registered purchase date.,Date Inconsistency,1,1,1,1,0,0,1,0,0,1,Manual Review
CLM-00085,PRD-00085,Industrial & Automotive Tools,TorqueMaster,TitanPressure 3000PSI Commercial,SN-TOR-8956894,2026-04-10,226.2,TechMegaStore Downtown,INV-2024-66606,2026-04-10,2028-03-30,24,163,557,0,2026-09-01,Armature burning,Reported genuine hardware failure: Armature burning under regular domestic usage.,Hardware Defect,1,1,1,1,0,0,1,1,0,0,Valid Claim
CLM-00780,PRD-00780,Consumer Electronics,ApexTech,NovaPad Pro 10,SN-APE-7533541,2024-06-12,224.35,National Appliance Depot,INV-2024-94555,2024-06-12,2026-06-02,24,830,0,0,2026-09-11,Speaker malfunction,Failure: Speaker malfunction. Note: product warranty expired 110 days ago.,Hardware Wear,1,1,1,1,0,0,1,2,0,0,Invalid Claim
CLM-01108,PRD-01108,Consumer Electronics,ApexTech,NovaWatch Ultra,SN-APE-9486648,2024-09-28,1033.88,Official Brand Store,INV-2025-64957,2024-09-28,2026-09-18,24,722,0,0,2026-09-18,Unresponsive touch panel,Fault occurred near warranty expiration boundary. Customer requests grace period evaluation.,Borderline Lifecycle,1,1,1,1,0,0,1,1,0,0,Manual Review
CLM-00419,PRD-00419,Consumer Electronics,PixelCraft,PixelSlate 12,SN-PIX-7562471,2026-05-21,1259.55,Official Brand Store,INV-2026-41692,2026-05-21,2027-05-16,12,122,238,0,2026-09-08,Unresponsive touch panel,Reported genuine hardware failure: Unresponsive touch panel under regular domestic usage.,Hardware Defect,1,1,1,1,1,0,1,0,0,0,Valid Claim
CLM-00224,PRD-00224,Consumer Electronics,VividDisplay,ApexBook Air 14,SN-VIV-9047769,2025-11-18,1451.39,Industrial Supply Direct,INV-2025-84141,2025-11-18,2027-11-08,24,306,414,0,2026-09-13,Screen flickering,Reported genuine hardware failure: Screen flickering under regular domestic usage.,Hardware Defect,1,1,1,1,0,0,1,0,0,0,Valid Claim
CLM-00192,PRD-00192,Consumer Electronics,QuantumCompute,VividTab 11 Max,SN-QUA-5409307,2024-12-27,1000.73,TechMegaStore Downtown,INV-2025-25386,2024-12-27,2026-12-17,24,632,88,1,2026-08-27,Battery failure to charge,Reported genuine hardware failure: Battery failure to charge under regular domestic usage.,Hardware Defect,1,1,1,1,0,0,1,1,0,0,Valid Claim
CLM-00329,PRD-00329,Consumer Electronics,NovaSound,NovaWatch Ultra,SN-NOV-2007243,2026-03-03,694.57,National Appliance Depot,INV-2025-92557,2026-03-03,2027-02-26,12,201,159,0,2026-09-10,Battery failure to charge,Reported genuine hardware failure: Battery failure to charge under regular domestic usage.,Hardware Defect,1,1,1,1,0,0,1,1,0,0,Valid Claim
CLM-00352,PRD-00352,Consumer Electronics,PixelCraft,VividTab 11 Max,SN-PIX-2189067,2026-07-21,229.1,Electronics Hub Metro,INV-2026-74409,2026-07-21,2027-07-16,12,61,299,0,2026-09-07,Unresponsive touch panel,Reported genuine hardware failure: Unresponsive touch panel under regular domestic usage.,Hardware Defect,1,1,1,1,0,0,1,0,0,0,Valid Claim
CLM-00925,PRD-00925,Consumer Electronics,VividDisplay,NovaPhone 12 Pro,SN-VIV-7060427,2025-11-25,2280.74,Industrial Supply Direct,INV-2026-38155,2025-11-25,2026-11-20,12,299,61,0,2026-09-14,Speaker malfunction,Unit previously opened and tampered with at non-authorized workshop (Joe's Unofficial Fix Shop).,Tampering,1,1,1,1,1,0,1,2,1,0,Invalid Claim
CLM-00071,PRD-00071,Industrial & Automotive Tools,ApexIndustrial,MegaWash Pro 2500PSI,SN-APE-5605016,2024-06-18,158.31,Official Brand Store,INV-2026-16428,2024-06-18,2027-06-03,36,824,256,0,2026-09-11,Trigger switch failure,Reported genuine hardware failure: Trigger switch failure under regular domestic usage.,Hardware Defect,1,1,1,1,0,0,1,0,0,0,Valid Claim
CLM-00389,PRD-00389,Home Appliances,ThermaPure,FrostGuard Side-by-Side 600L,SN-THE-4562439,2024-11-29,317.08,Electronics Hub Metro,INV-2026-46913,2024-11-29,2028-11-08,48,660,780,1,2026-09-09,Electronic PCB failure,Reported genuine hardware failure: Electronic PCB failure under regular domestic usage.,Hardware Defect,1,1,1,1,0,0,1,0,0,0,Valid Claim
CLM-00184,PRD-00184,Consumer Electronics,NovaSound,QuantumPixel 8,SN-NOV-3686631,2026-02-12,960.28,Industrial Supply Direct,INV-2025-40389,2026-02-12,2029-01-27,36,220,860,1,2026-08-29,Bluetooth/Wi-Fi failure,Reported genuine hardware failure: Bluetooth/Wi-Fi failure under regular domestic usage.,Hardware Defect,1,1,1,1,0,0,1,0,0,0,Valid Claim
CLM-01246,PRD-01246,Industrial & Automotive Tools,TorqueMaster,IronGrind 9-inch Industrial,SN-TOR-7594818,2024-11-24,482.32,TechMegaStore Downtown,INV-2026-53597,2024-11-24,2027-11-09,36,665,415,0,2026-09-07,Armature burning,Diagnostic report inconclusive regarding whether component failure was thermal surge or defect.,Ambiguous Diagnostic,1,1,1,1,1,0,1,1,0,0,Manual Review
CLM-00443,PRD-00443,Consumer Electronics,ApexTech,ApexBook Air 14,SN-APE-1672073,2025-04-18,2478.93,Official Brand Store,INV-2026-14406,2025-04-18,2027-04-08,24,520,200,0,2026-08-27,Screen flickering,Reported genuine hardware failure: Screen flickering under regular domestic usage.,Hardware Defect,1,1,1,1,0,0,1,0,0,0,Valid Claim
CLM-01480,PRD-01480,Consumer Electronics,PixelCraft,QuantumPixel 8,SN-PIX-1945506,2024-09-26,206.65,Electronics Hub Metro,INV-2025-26741,2024-09-26,2026-09-16,24,724,0,1,2026-09-18,Bluetooth/Wi-Fi failure,Fault occurred near warranty expiration boundary. Customer requests grace period evaluation.,Borderline Lifecycle,1,1,1,1,0,0,1,1,0,0,Manual Review
CLM-00054,PRD-00054,Home Appliances,ThermaPure,FrostGuard 450L Smart,SN-THE-5743227,2024-04-03,1423.78,Industrial Supply Direct,INV-2024-40595,2024-04-03,2028-03-13,48,900,540,1,2026-09-15,Electronic PCB failure,Reported genuine hardware failure: Electronic PCB failure under regular domestic usage.,Hardware Defect,1,1,1,1,1,0,1,0,0,0,Valid Claim
CLM-01270,PRD-01270,Consumer Electronics,NovaSound,ApexBook Air 14,SN-NOV-4361577,2026-03-12,1595.01,Electronics Hub Metro,INV-2025-43321,2026-03-12,2028-03-01,24,192,528,0,2026-09-17,Battery failure to charge,Diagnostic report inconclusive regarding whether component failure was thermal surge or defect.,Ambiguous Diagnostic,1,1,1,1,1,0,1,1,0,0,Manual Review
CLM-01450,PRD-01450,Consumer Electronics,ApexTech,QuantumBook Ultra 15,SN-APE-9905988,2026-03-28,950.45,Prime Retail Express,INV-2026-17666,2026-03-28,2028-03-17,24,176,544,0,2026-03-23,Screen flickering,Discrepancy detected: Claimed fault occurrence date predates registered purchase date.,Date Inconsistency,1,1,1,1,0,0,1,0,0,1,Manual Review
CLM-00280,PRD-00280,Industrial & Automotive Tools,MegaWrench,TorqueGrinder 1500W,SN-MEG-5797075,2025-07-27,1158.1,Industrial Supply Direct,INV-2024-78515,2025-07-27,2028-07-11,36,420,660,1,2026-09-14,Armature burning,Reported genuine hardware failure: Armature burning under regular domestic usage.,Hardware Defect,1,1,1,1,0,0,1,0,0,0,Valid Claim
CLM-00499,PRD-00499,Consumer Electronics,PixelCraft,NovaPad Pro 10,SN-PIX-6482263,2026-06-13,1241.5,TechMegaStore Downtown,INV-2024-94066,2026-06-13,2027-06-08,12,99,261,0,2026-09-18,Speaker malfunction,Reported genuine hardware failure: Speaker malfunction under regular domestic usage.,Hardware Defect,1,1,1,1,1,0,1,0,0,0,Valid Claim
CLM-01238,PRD-01238,Industrial & Automotive Tools,IronForge,TitanDrill 20V HD,SN-IRO-9645534,2022-10-06,1281.51,Official Brand Store,INV-2024-58343,2022-10-06,2026-09-15,48,1445,0,1,2026-09-18,Hydraulic pressure seal failure,Fault occurred near warranty expiration boundary. Customer requests grace period evaluation.,Borderline Lifecycle,1,1,1,1,0,0,1,1,0,0,Manual Review
CLM-00197,PRD-00197,Consumer Electronics,VividDisplay,ApexFit Chrono 3,SN-VIV-5757902,2026-07-03,975.84,Prime Retail Express,INV-2024-84205,2026-07-03,2028-06-22,24,79,641,0,2026-09-17,Screen flickering,Reported genuine hardware failure: Screen flickering under regular domestic usage.,Hardware Defect,1,1,1,1,0,0,1,0,0,0,Valid Claim
CLM-00123,PRD-00123,Industrial & Automotive Tools,ApexIndustrial,TitanAir 50L Heavy Duty,SN-APE-9436654,2026-03-06,1196.32,TechMegaStore Downtown,INV-2024-77908,2026-03-06,2028-02-24,24,198,522,0,2026-09-13,Gearbox seizure,Reported genuine hardware failure: Gearbox seizure under regular domestic usage.,Hardware Defect,1,1,1,1,0,0,1,0,0,0,Valid Claim
CLM-00062,PRD-00062,Home Appliances,KitchenPro,CleanCycle QuickWash 7kg,SN-KIT-3426689,2025-06-23,912.74,Prime Retail Express,INV-2026-27892,2025-06-23,2027-06-13,24,454,266,0,2026-09-08,Electronic PCB failure,Reported genuine hardware failure: Electronic PCB failure under regular domestic usage.,Hardware Defect,1,1,1,1,1,0,1,0,0,0,Valid Claim
CLM-00642,PRD-00642,Home Appliances,CleanCycle,KitchenPro Grill 25L,SN-CLE-7560950,2026-05-14,413.92,Official Brand Store,INV-2025-47010,2026-05-14,2028-05-03,24,129,591,0,2026-09-16,Thermostat failure,Device submitted does not match registered unit. Serial on invoice differs from backplate.,Serial Mismatch,1,0,1,1,0,1,0,0,0,0,Invalid Claim
CLM-00975,PRD-00975,Home Appliances,FrostGuard,FrostGuard Side-by-Side 600L,SN-FRO-2579766,2025-07-27,1812.84,Prime Retail Express,INV-2026-99830,2025-07-27,2028-07-11,36,420,660,0,2026-09-11,Motor burnout,Device submitted does not match registered unit. Serial on invoice differs from backplate.,Serial Mismatch,1,0,1,1,0,1,0,0,0,0,Invalid Claim
CLM-00953,PRD-00953,Home Appliances,ThermaPure,FrostGuard 450L Smart,SN-THE-3356197,2025-05-14,1727.22,TechMegaStore Downtown,INV-2026-86798,2025-05-14,2027-05-04,24,494,226,0,2026-09-14,Rust and environmental corrosion,Physical inspection reveals clear Rust and environmental corrosion violating warranty coverage terms.,Customer Induced Damage,1,1,1,1,0,0,1,0,0,0,Invalid Claim
CLM-00695,PRD-00695,Industrial & Automotive Tools,TorqueMaster,TitanDrill 20V HD,SN-TOR-3459356,2024-04-16,517.29,Industrial Supply Direct,INV-2025-72709,2024-04-16,2026-04-06,24,887,0,0,2026-09-02,Gearbox seizure,Failure: Gearbox seizure. Note: product warranty expired 167 days ago.,Hardware Wear,1,1,1,1,0,0,1,0,0,0,Invalid Claim
CLM-00021,PRD-00021,Consumer Electronics,NovaSound,QuantumBook Ultra 15,SN-NOV-9487336,2026-03-13,808.96,National Appliance Depot,INV-2024-42018,2026-03-13,2028-03-02,24,191,529,0,2026-09-04,Unresponsive touch panel,Reported genuine hardware failure: Unresponsive touch panel under regular domestic usage.,Hardware Defect,1,1,1,1,0,0,1,1,0,0,Valid Claim
CLM-00064,PRD-00064,Consumer Electronics,QuantumCompute,QuantumPixel 8,SN-QUA-4918527,2025-07-22,2167.83,Industrial Supply Direct,INV-2024-51704,2025-07-22,2027-07-12,24,425,295,0,2026-08-28,Bluetooth/Wi-Fi failure,Reported genuine hardware failure: Bluetooth/Wi-Fi failure under regular domestic usage.,Hardware Defect,1,1,1,1,0,0,1,0,0,0,Valid Claim
CLM-01114,PRD-01114,Industrial & Automotive Tools,MegaWrench,TorqueMaster Brushless 18V,SN-MEG-4754605,2025-08-09,941.39,TechMegaStore Downtown,INV-2025-54388,2025-08-09,2027-07-30,24,407,313,0,2026-09-10,Gearbox seizure,Diagnostic report inconclusive regarding whether component failure was thermal surge or defect.,Ambiguous Diagnostic,1,1,1,1,1,0,1,2,0,0,Manual Review
CLM-01378,PRD-01378,Industrial & Automotive Tools,TorqueMaster,TitanAir 50L Heavy Duty,SN-TOR-5374525,2024-03-26,1240.62,TechMegaStore Downtown,INV-2026-41573,2024-03-26,2027-03-11,36,908,172,1,2024-03-06,Chuck bearing breakdown,Discrepancy detected: Claimed fault occurrence date predates registered purchase date.,Date Inconsistency,1,1,1,1,0,0,1,0,0,1,Manual Review
CLM-01308,PRD-01308,Industrial & Automotive Tools,ApexIndustrial,TorqueMaster Brushless 18V,SN-APE-7679747,2026-07-21,1027.78,Electronics Hub Metro,INV-2026-48465,2026-07-21,2028-07-10,24,61,659,0,2026-09-15,Trigger switch failure,Claim submitted without primary proof of purchase receipt. Customer submitted affidavit instead.,Incomplete Documentation,0,1,1,0,0,2,1,0,0,0,Manual Review
CLM-00739,PRD-00739,Industrial & Automotive Tools,TorqueMaster,MegaWash Pro 2500PSI,SN-TOR-9184459,2024-10-23,647.49,Industrial Supply Direct,INV-2025-88162,2024-10-23,2027-10-08,36,697,383,0,2026-09-16,Trigger switch failure,Unit previously opened and tampered with at non-authorized workshop (Corner Hardware & Mobile Repairs).,Tampering,1,1,1,1,1,0,1,2,1,0,Invalid Claim
CLM-00144,PRD-00144,Industrial & Automotive Tools,TitanPower,MegaWash Pro 2500PSI,SN-TIT-6655803,2025-06-10,1058.38,Prime Retail Express,INV-2026-35318,2025-06-10,2027-05-31,24,467,253,0,2026-09-02,Gearbox seizure,Reported genuine hardware failure: Gearbox seizure under regular domestic usage.,Hardware Defect,1,1,1,1,1,0,1,1,0,0,Valid Claim
CLM-01367,PRD-01367,Industrial & Automotive Tools,TorqueMaster,IronForge Impact 24V,SN-TOR-1218871,2025-11-26,295.72,Official Brand Store,INV-2024-16646,2025-11-26,2029-11-05,48,298,1142,1,2026-09-16,Chuck bearing breakdown,Claim submitted without primary proof of purchase receipt. Customer submitted affidavit instead.,Incomplete Documentation,0,1,1,0,0,2,1,0,0,0,Manual Review
CLM-00849,PRD-00849,Industrial & Automotive Tools,ApexIndustrial,IronForge Impact 24V,SN-APE-6553847,2024-06-13,257.92,Prime Retail Express,INV-2025-87916,2024-06-13,2026-06-03,24,829,0,0,2026-09-08,Gearbox seizure,Failure: Gearbox seizure. Note: product warranty expired 109 days ago.,Hardware Wear,1,1,1,1,0,0,1,2,0,0,Invalid Claim
CLM-00801,PRD-00801,Industrial & Automotive Tools,TitanPower,TorqueGrinder 1500W,SN-TIT-1357181,2024-03-27,722.74,TechMegaStore Downtown,INV-2025-46433,2024-03-27,2027-03-12,36,907,173,0,2026-09-16,Armature burning,Unit previously opened and tampered with at non-authorized workshop (Joe's Unofficial Fix Shop).,Tampering,1,1,1,1,1,0,1,3,1,0,Invalid Claim
CLM-00485,PRD-00485,Home Appliances,FrostGuard,KitchenPro Grill 25L,SN-FRO-8880256,2025-01-12,1239.78,National Appliance Depot,INV-2025-84757,2025-01-12,2027-12-28,36,616,464,0,2026-09-15,Drum spin malfunction,Reported genuine hardware failure: Drum spin malfunction under regular domestic usage.,Hardware Defect,1,1,1,1,1,0,1,1,0,0,Valid Claim
CLM-00687,PRD-00687,Home Appliances,AeroBreeze,CleanCycle QuickWash 7kg,SN-AER-3954644,2023-06-29,601.18,Industrial Supply Direct,INV-2026-33646,2023-06-29,2026-06-13,36,1179,0,0,2026-09-10,Motor burnout,Failure: Motor burnout. Note: product warranty expired 99 days ago.,Hardware Wear,1,1,1,1,0,0,1,1,0,0,Invalid Claim
CLM-00066,PRD-00066,Consumer Electronics,VividDisplay,ApexFit Chrono 3,SN-VIV-7668663,2025-04-09,1693.62,National Appliance Depot,INV-2026-79942,2025-04-09,2027-03-30,24,529,191,0,2026-09-01,Screen flickering,Reported genuine hardware failure: Screen flickering under regular domestic usage.,Hardware Defect,1,1,1,1,0,0,1,0,0,0,Valid Claim
CLM-01249,PRD-01249,Home Appliances,KitchenPro,KitchenPro Grill 25L,SN-KIT-9446669,2026-02-03,1108.46,Prime Retail Express,INV-2025-55785,2026-02-03,2028-01-24,24,229,491,0,2026-01-22,Water pump leakage,Discrepancy detected: Claimed fault occurrence date predates registered purchase date.,Date Inconsistency,1,1,1,1,0,0,1,0,0,1,Manual Review
CLM-00311,PRD-00311,Home Appliances,KitchenPro,ThermaAir Silent,SN-KIT-2639417,2024-12-17,979.78,National Appliance Depot,INV-2025-40475,2024-12-17,2026-12-07,24,642,78,0,2026-09-01,Drum spin malfunction,Reported genuine hardware failure: Drum spin malfunction under regular domestic usage.,Hardware Defect,1,1,1,1,1,0,1,0,0,0,Valid Claim
CLM-00115,PRD-00115,Home Appliances,CleanCycle,ThermaCold 320L,SN-CLE-2324175,2026-03-11,987.97,Electronics Hub Metro,INV-2026-48504,2026-03-11,2030-02-18,48,193,1247,1,2026-09-08,Water pump leakage,Reported genuine hardware failure: Water pump leakage under regular domestic usage.,Hardware Defect,1,1,1,1,1,0,1,0,0,0,Valid Claim
CLM-00348,PRD-00348,Home Appliances,KitchenPro,KitchenPro Grill 25L,SN-KIT-9222379,2025-11-13,602.64,Electronics Hub Metro,INV-2026-55569,2025-11-13,2028-10-28,36,311,769,0,2026-08-30,Electronic PCB failure,Reported genuine hardware failure: Electronic PCB failure under regular domestic usage.,Hardware Defect,1,1,1,1,1,0,1,1,0,0,Valid Claim
CLM-00919,PRD-00919,Home Appliances,CleanCycle,CleanCycle QuickWash 7kg,SN-CLE-6093866,2025-10-10,892.27,National Appliance Depot,INV-2025-56390,2025-10-10,2028-09-24,36,345,735,0,2026-09-12,Electronic PCB failure,Device submitted does not match registered unit. Serial on invoice differs from backplate.,Serial Mismatch,1,0,1,1,0,1,0,0,0,0,Invalid Claim
CLM-00818,PRD-00818,Industrial & Automotive Tools,TorqueMaster,IronGrind 9-inch Industrial,SN-TOR-1571694,2025-03-02,1107.94,TechMegaStore Downtown,INV-2026-31880,2025-03-02,2027-02-20,24,567,153,0,2026-09-02,Use of non-spec hydraulic oil,Physical inspection reveals clear Use of non-spec hydraulic oil violating warranty coverage terms.,Customer Induced Damage,1,1,1,1,0,0,1,0,0,0,Invalid Claim
CLM-01119,PRD-01119,Consumer Electronics,NovaSound,ApexFit Chrono 3,SN-NOV-1705070,2026-02-18,2232.7,Electronics Hub Metro,INV-2026-89157,2026-02-18,2028-02-08,24,214,506,0,2026-09-12,Screen flickering,Claim submitted without primary proof of purchase receipt. Customer submitted affidavit instead.,Incomplete Documentation,0,1,1,0,0,2,1,0,0,0,Manual Review
CLM-00306,PRD-00306,Home Appliances,AeroBreeze,ThermaWash Eco,SN-AER-7893744,2024-11-15,334.91,TechMegaStore Downtown,INV-2024-85168,2024-11-15,2027-10-31,36,674,406,1,2026-09-02,Compressor failure,Reported genuine hardware failure: Compressor failure under regular domestic usage.,Hardware Defect,1,1,1,1,0,0,1,0,0,0,Valid Claim
CLM-00025,PRD-00025,Home Appliances,ThermaPure,AeroBreeze Inverter 1.5T,SN-THE-4524499,2025-04-24,1390.31,Official Brand Store,INV-2024-56357,2025-04-24,2029-04-03,48,514,926,1,2026-09-13,Motor burnout,Reported genuine hardware failure: Motor burnout under regular domestic usage.,Hardware Defect,1,1,1,1,0,0,1,0,0,0,Valid Claim
CLM-01214,PRD-01214,Consumer Electronics,NovaSound,ApexFit Chrono 3,SN-NOV-7796193,2026-07-09,1391.04,Electronics Hub Metro,INV-2024-57852,2026-07-09,2027-07-04,12,73,287,0,2026-09-16,Motherboard failure,Claim submitted without primary proof of purchase receipt. Customer submitted affidavit instead.,Incomplete Documentation,0,1,1,0,0,2,1,0,0,0,Manual Review
CLM-00103,PRD-00103,Consumer Electronics,PixelCraft,VividTab 11 Max,SN-PIX-9833734,2026-03-08,285.82,National Appliance Depot,INV-2026-27176,2026-03-08,2029-02-20,36,196,884,1,2026-09-13,Bluetooth/Wi-Fi failure,Reported genuine hardware failure: Bluetooth/Wi-Fi failure under regular domestic usage.,Hardware Defect,1,1,1,1,0,0,1,0,0,0,Valid Claim
CLM-01233,PRD-01233,Home Appliances,CleanCycle,CleanCycle FrontLoad 8kg,SN-CLE-6668862,2024-05-18,1115.33,Official Brand Store,INV-2026-46649,2024-05-18,2027-05-03,36,855,225,0,2024-05-03,Water pump leakage,Discrepancy detected: Claimed fault occurrence date predates registered purchase date.,Date Inconsistency,1,1,1,1,0,0,1,0,0,1,Manual Review
CLM-00782,PRD-00782,Industrial & Automotive Tools,TorqueMaster,TitanPressure 3000PSI Commercial,SN-TOR-5669772,2025-08-01,1051.71,Official Brand Store,INV-2025-61633,2025-08-01,2027-07-22,24,415,305,0,2026-09-11,Trigger switch failure,Device submitted does not match registered unit. Serial on invoice differs from backplate.,Serial Mismatch,1,0,1,1,0,1,0,0,0,0,Invalid Claim
CLM-00204,PRD-00204,Industrial & Automotive Tools,IronForge,IronForge Impact 24V,SN-IRO-4446807,2025-04-18,744.41,Prime Retail Express,INV-2024-61347,2025-04-18,2029-03-28,48,520,920,1,2026-09-03,Chuck bearing breakdown,Reported genuine hardware failure: Chuck bearing breakdown under regular domestic usage.,Hardware Defect,1,1,1,1,1,0,1,0,0,0,Valid Claim
CLM-00884,PRD-00884,Home Appliances,FrostGuard,ThermaCold 320L,SN-FRO-6993567,2026-05-17,1470.05,Prime Retail Express,INV-2026-61932,2026-05-17,2028-05-06,24,126,594,0,2026-09-01,Commercial heavy utilization,Physical inspection reveals clear Commercial heavy utilization violating warranty coverage terms.,Customer Induced Damage,1,1,1,1,0,0,1,0,0,0,Invalid Claim
CLM-01077,PRD-01077,Industrial & Automotive Tools,ApexIndustrial,MegaWash Pro 2500PSI,SN-APE-9726042,2026-02-05,348.43,Official Brand Store,INV-2026-48202,2026-02-05,2029-01-20,36,227,853,1,2026-01-16,Gearbox seizure,Discrepancy detected: Claimed fault occurrence date predates registered purchase date.,Date Inconsistency,1,1,1,1,0,0,1,0,0,1,Manual Review
CLM-00784,PRD-00784,Consumer Electronics,QuantumCompute,ApexBook Air 14,SN-QUA-6430103,2026-01-18,1946.79,Official Brand Store,INV-2024-23819,2026-01-18,2027-01-13,12,245,115,0,2026-09-17,Screen flickering,Device submitted does not match registered unit. Serial on invoice differs from backplate.,Serial Mismatch,1,0,1,1,0,1,0,0,0,0,Invalid Claim
CLM-00626,PRD-00626,Consumer Electronics,VividDisplay,ApexFit Chrono 3,SN-VIV-8230134,2026-05-20,591.46,National Appliance Depot,INV-2024-27607,2026-05-20,2027-05-15,12,123,237,0,2026-09-10,Screen flickering,Device submitted does not match registered unit. Serial on invoice differs from backplate.,Serial Mismatch,1,0,1,1,0,1,0,0,0,0,Invalid Claim
CLM-00395,PRD-00395,Industrial & Automotive Tools,TitanPower,TitanAir 50L Heavy Duty,SN-TIT-8706923,2023-04-22,594.73,Prime Retail Express,INV-2024-10538,2023-04-22,2027-04-01,48,1247,193,1,2026-09-16,Gearbox seizure,Reported genuine hardware failure: Gearbox seizure under regular domestic usage.,Hardware Defect,1,1,1,1,0,0,1,0,0,0,Valid Claim
CLM-00073,PRD-00073,Home Appliances,AeroBreeze,KitchenPro Convection 30L,SN-AER-3217273,2025-03-13,1557.42,National Appliance Depot,INV-2026-75771,2025-03-13,2029-02-20,48,556,884,1,2026-09-03,Thermostat failure,Reported genuine hardware failure: Thermostat failure under regular domestic usage.,Hardware Defect,1,1,1,1,0,0,1,0,0,0,Valid Claim
CLM-00106,PRD-00106,Consumer Electronics,PixelCraft,ApexFit Chrono 3,SN-PIX-2721170,2025-11-15,1835.22,Prime Retail Express,INV-2024-47363,2025-11-15,2027-11-05,24,309,411,1,2026-09-04,Unresponsive touch panel,Reported genuine hardware failure: Unresponsive touch panel under regular domestic usage.,Hardware Defect,1,1,1,1,1,0,1,0,0,0,Valid Claim
CLM-01093,PRD-01093,Consumer Electronics,NovaSound,ApexBook Air 14,SN-NOV-5569064,2026-05-28,1379.47,TechMegaStore Downtown,INV-2026-76127,2026-05-28,2027-05-23,12,115,245,0,2026-09-18,Speaker malfunction,Claim submitted without primary proof of purchase receipt. Customer submitted affidavit instead.,Incomplete Documentation,0,1,1,0,0,2,1,0,0,0,Manual Review
CLM-00221,PRD-00221,Industrial & Automotive Tools,MegaWrench,IronForge Impact 24V,SN-MEG-5342289,2026-04-12,1204.04,TechMegaStore Downtown,INV-2024-18450,2026-04-12,2028-04-01,24,161,559,0,2026-09-16,Gearbox seizure,Reported genuine hardware failure: Gearbox seizure under regular domestic usage.,Hardware Defect,1,1,1,1,1,0,1,0,0,0,Valid Claim
CLM-01235,PRD-01235,Consumer Electronics,VividDisplay,NovaPhone 12 Lite,SN-VIV-4851602,2025-09-21,1547.56,Electronics Hub Metro,INV-2024-40988,2025-09-21,2027-09-11,24,364,356,1,2025-09-14,Motherboard failure,Discrepancy detected: Claimed fault occurrence date predates registered purchase date.,Date Inconsistency,1,1,1,1,0,0,1,0,0,1,Manual Review
CLM-01265,PRD-01265,Home Appliances,FrostGuard,FrostGuard 450L Smart,SN-FRO-1996541,2025-01-21,1529.65,Prime Retail Express,INV-2024-15076,2025-01-21,2028-01-06,36,607,473,1,2026-09-15,Compressor failure,Diagnostic report inconclusive regarding whether component failure was thermal surge or defect.,Ambiguous Diagnostic,1,1,1,1,1,0,1,2,0,0,Manual Review
CLM-00354,PRD-00354,Consumer Electronics,NovaSound,QuantumPixel 8,SN-NOV-7965641,2026-05-07,1915.05,Official Brand Store,INV-2026-56918,2026-05-07,2028-04-26,24,136,584,0,2026-09-13,Motherboard failure,Reported genuine hardware failure: Motherboard failure under regular domestic usage.,Hardware Defect,1,1,1,1,0,0,1,1,0,0,Valid Claim
CLM-01365,PRD-01365,Industrial & Automotive Tools,TitanPower,IronGrind 9-inch Industrial,SN-TIT-1905539,2024-10-12,353.28,Electronics Hub Metro,INV-2026-48606,2024-10-12,2027-09-27,36,708,372,1,2026-09-16,Armature burning,Claim submitted without primary proof of purchase receipt. Customer submitted affidavit instead.,Incomplete Documentation,0,1,1,0,0,2,1,0,0,0,Manual Review
CLM-00543,PRD-00543,Home Appliances,CleanCycle,CleanCycle QuickWash 7kg,SN-CLE-2643963,2024-05-25,533.49,Industrial Supply Direct,INV-2025-20740,2024-05-25,2026-05-15,24,848,0,0,2026-09-11,Drum spin malfunction,Failure: Drum spin malfunction. Note: product warranty expired 128 days ago.,Hardware Wear,1,1,1,1,0,0,1,0,0,0,Invalid Claim
CLM-01276,PRD-01276,Industrial & Automotive Tools,MegaWrench,MegaWash Pro 2500PSI,SN-MEG-8483778,2026-07-26,1077.07,TechMegaStore Downtown,INV-2026-44617,2026-07-26,2028-07-15,24,56,664,0,2026-09-15,Chuck bearing breakdown,Claim submitted without primary proof of purchase receipt. Customer submitted affidavit instead.,Incomplete Documentation,0,1,1,0,0,2,1,0,0,0,Manual Review
CLM-00594,PRD-00594,Industrial & Automotive Tools,TorqueMaster,TorqueGrinder 1500W,SN-TOR-7553787,2024-12-16,222.27,Industrial Supply Direct,INV-2024-72230,2024-12-16,2026-12-06,24,643,77,0,2026-09-10,Gearbox seizure,Unit previously opened and tampered with at non-authorized workshop (Local QuickFix Electronics).,Tampering,1,1,1,1,1,0,1,1,1,0,Invalid Claim
CLM-00380,PRD-00380,Industrial & Automotive Tools,TitanPower,IronForge TwinPiston 100L,SN-TIT-5195684,2026-04-27,521.69,Official Brand Store,INV-2026-31495,2026-04-27,2029-04-11,36,146,934,1,2026-08-27,Chuck bearing breakdown,Reported genuine hardware failure: Chuck bearing breakdown under regular domestic usage.,Hardware Defect,1,1,1,1,0,0,1,0,0,0,Valid Claim
CLM-01221,PRD-01221,Industrial & Automotive Tools,TorqueMaster,IronGrind 9-inch Industrial,SN-TOR-6370659,2023-01-02,742.53,Electronics Hub Metro,INV-2025-15004,2023-01-02,2026-12-12,48,1357,83,1,2026-09-16,Hydraulic pressure seal failure,Diagnostic report inconclusive regarding whether component failure was thermal surge or defect.,Ambiguous Diagnostic,1,1,1,1,1,0,1,2,0,0,Manual Review
CLM-00612,PRD-00612,Home Appliances,KitchenPro,KitchenPro Convection 30L,SN-KIT-1222997,2025-12-15,671.17,Prime Retail Express,INV-2024-50481,2025-12-15,2027-12-05,24,279,441,0,2026-09-17,Compressor failure,Device submitted does not match registered unit. Serial on invoice differs from backplate.,Serial Mismatch,1,0,1,1,0,1,0,0,0,0,Invalid Claim
CLM-01016,PRD-01016,Industrial & Automotive Tools,TitanPower,TorqueGrinder 1500W,SN-TIT-3046457,2023-10-05,213.59,Electronics Hub Metro,INV-2024-20637,2023-10-05,2026-09-19,36,1081,0,1,2026-09-16,Hydraulic pressure seal failure,Fault occurred near warranty expiration boundary. Customer requests grace period evaluation.,Borderline Lifecycle,1,1,1,1,0,0,1,1,0,0,Manual Review
CLM-00161,PRD-00161,Industrial & Automotive Tools,IronForge,TitanPressure 3000PSI Commercial,SN-IRO-7033835,2024-01-28,738.74,Industrial Supply Direct,INV-2025-22924,2024-01-28,2027-01-12,36,966,114,0,2026-09-12,Gearbox seizure,Reported genuine hardware failure: Gearbox seizure under regular domestic usage.,Hardware Defect,1,1,1,1,0,0,1,0,0,0,Valid Claim
CLM-01375,PRD-01375,Consumer Electronics,QuantumCompute,NovaWatch Ultra,SN-QUA-2970838,2023-12-22,402.46,Electronics Hub Metro,INV-2025-38369,2023-12-22,2026-12-06,36,1003,77,1,2023-12-07,Battery failure to charge,Discrepancy detected: Claimed fault occurrence date predates registered purchase date.,Date Inconsistency,1,1,1,1,0,0,1,0,0,1,Manual Review
CLM-00364,PRD-00364,Home Appliances,FrostGuard,ThermaAir Silent,SN-FRO-6114011,2026-07-07,569.81,National Appliance Depot,INV-2026-67961,2026-07-07,2028-06-26,24,75,645,0,2026-09-11,Motor burnout,Reported genuine hardware failure: Motor burnout under regular domestic usage.,Hardware Defect,1,1,1,1,0,0,1,0,0,0,Valid Claim
CLM-00376,PRD-00376,Consumer Electronics,QuantumCompute,ApexBook Pro 16,SN-QUA-9219877,2024-12-07,1781.08,Industrial Supply Direct,INV-2024-66040,2024-12-07,2027-11-22,36,652,428,1,2026-08-26,Speaker malfunction,Reported genuine hardware failure: Speaker malfunction under regular domestic usage.,Hardware Defect,1,1,1,1,0,0,1,0,0,0,Valid Claim
CLM-01383,PRD-01383,Home Appliances,AeroBreeze,AeroBreeze Inverter 1.5T,SN-AER-7173054,2024-09-27,1542.07,Prime Retail Express,INV-2024-44825,2024-09-27,2026-09-17,24,723,0,0,2026-09-19,Water pump leakage,Fault occurred near warranty expiration boundary. Customer requests grace period evaluation.,Borderline Lifecycle,1,1,1,1,0,0,1,1,0,0,Manual Review
CLM-00834,PRD-00834,Home Appliances,KitchenPro,KitchenPro Convection 30L,SN-KIT-3793996,2024-11-30,1156.62,Official Brand Store,INV-2024-90386,2024-11-30,2027-11-15,36,659,421,0,2026-09-01,Commercial heavy utilization,Physical inspection reveals clear Commercial heavy utilization violating warranty coverage terms.,Customer Induced Damage,1,1,1,1,0,0,1,0,0,0,Invalid Claim
CLM-01177,PRD-01177,Industrial & Automotive Tools,IronForge,IronForge TwinPiston 100L,SN-IRO-3252405,2023-01-11,684.54,Official Brand Store,INV-2024-98300,2023-01-11,2026-12-21,48,1348,92,1,2023-01-05,Gearbox seizure,Discrepancy detected: Claimed fault occurrence date predates registered purchase date.,Date Inconsistency,1,1,1,1,0,0,1,0,0,1,Manual Review
CLM-00524,PRD-00524,Consumer Electronics,ApexTech,NovaWatch Ultra,SN-APE-6048564,2025-07-25,1969.36,Electronics Hub Metro,INV-2025-65296,2025-07-25,2026-07-20,12,422,0,0,2026-09-11,Bluetooth/Wi-Fi failure,Failure: Bluetooth/Wi-Fi failure. Note: product warranty expired 62 days ago.,Hardware Wear,1,1,1,1,0,0,1,2,0,0,Invalid Claim
CLM-00799,PRD-00799,Home Appliances,KitchenPro,AeroBreeze DualCool 2.0T,SN-KIT-5910412,2023-09-03,1689.35,Electronics Hub Metro,INV-2026-45066,2023-09-03,2026-08-18,36,1113,0,0,2026-09-04,Drum spin malfunction,Failure: Drum spin malfunction. Note: product warranty expired 33 days ago.,Hardware Wear,1,1,1,1,0,0,1,2,0,0,Invalid Claim
CLM-00310,PRD-00310,Industrial & Automotive Tools,ApexIndustrial,TitanDrill 20V HD,SN-APE-3186555,2025-08-07,1186.28,Prime Retail Express,INV-2024-98940,2025-08-07,2028-07-22,36,409,671,0,2026-09-17,Trigger switch failure,Reported genuine hardware failure: Trigger switch failure under regular domestic usage.,Hardware Defect,1,1,1,1,0,0,1,0,0,0,Valid Claim
CLM-01278,PRD-01278,Home Appliances,FrostGuard,KitchenPro Convection 30L,SN-FRO-2400910,2022-10-06,1860.62,TechMegaStore Downtown,INV-2026-80451,2022-10-06,2026-09-15,48,1445,0,1,2026-09-16,Thermostat failure,Fault occurred near warranty expiration boundary. Customer requests grace period evaluation.,Borderline Lifecycle,1,1,1,1,0,0,1,1,0,0,Manual Review
CLM-01143,PRD-01143,Home Appliances,AeroBreeze,CleanCycle QuickWash 7kg,SN-AER-3466041,2025-05-14,1457.9,TechMegaStore Downtown,INV-2025-52613,2025-05-14,2028-04-28,36,494,586,0,2025-05-03,Water pump leakage,Discrepancy detected: Claimed fault occurrence date predates registered purchase date.,Date Inconsistency,1,1,1,1,0,0,1,0,0,1,Manual Review
CLM-01203,PRD-01203,Industrial & Automotive Tools,ApexIndustrial,IronForge TwinPiston 100L,SN-APE-3410015,2023-10-02,206.84,National Appliance Depot,INV-2024-93558,2023-10-02,2026-09-16,36,1084,0,0,2026-09-16,Chuck bearing breakdown,Fault occurred near warranty expiration boundary. Customer requests grace period evaluation.,Borderline Lifecycle,1,1,1,1,0,0,1,1,0,0,Manual Review
CLM-01410,PRD-01410,Consumer Electronics,PixelCraft,NovaPhone 12 Lite,SN-PIX-8789111,2025-10-11,1108.98,National Appliance Depot,INV-2026-97212,2025-10-11,2027-10-01,24,344,376,0,2026-09-09,Speaker malfunction,Diagnostic report inconclusive regarding whether component failure was thermal surge or defect.,Ambiguous Diagnostic,1,1,1,1,1,0,1,2,0,0,Manual Review
CLM-00954,PRD-00954,Home Appliances,FrostGuard,ThermaCold 320L,SN-FRO-9734558,2024-10-04,796.86,TechMegaStore Downtown,INV-2026-88439,2024-10-04,2027-09-19,36,716,364,0,2026-09-04,Rust and environmental corrosion,Physical inspection reveals clear Rust and environmental corrosion violating warranty coverage terms.,Customer Induced Damage,1,1,1,1,0,0,1,0,0,0,Invalid Claim
CLM-01115,PRD-01115,Industrial & Automotive Tools,TorqueMaster,TorqueGrinder 1500W,SN-TOR-6189630,2023-10-05,915.19,Electronics Hub Metro,INV-2024-70461,2023-10-05,2026-09-19,36,1081,0,1,2026-09-19,Trigger switch failure,Fault occurred near warranty expiration boundary. Customer requests grace period evaluation.,Borderline Lifecycle,1,1,1,1,0,0,1,1,0,0,Manual Review
CLM-00568,PRD-00568,Home Appliances,AeroBreeze,FrostGuard Side-by-Side 600L,SN-AER-6615431,2023-07-15,429.89,Prime Retail Express,INV-2024-39573,2023-07-15,2026-06-29,36,1163,0,0,2026-09-09,Motor burnout,Failure: Motor burnout. Note: product warranty expired 83 days ago.,Hardware Wear,1,1,1,1,0,0,1,1,0,0,Invalid Claim
CLM-01222,PRD-01222,Consumer Electronics,VividDisplay,VividTab 11 Max,SN-VIV-7545705,2023-10-05,1075.16,Prime Retail Express,INV-2025-99864,2023-10-05,2026-09-19,36,1081,0,1,2026-09-18,Battery failure to charge,Fault occurred near warranty expiration boundary. Customer requests grace period evaluation.,Borderline Lifecycle,1,1,1,1,0,0,1,1,0,0,Manual Review
CLM-00296,PRD-00296,Home Appliances,FrostGuard,FrostGuard Side-by-Side 600L,SN-FRO-4312117,2026-05-11,1459.94,Industrial Supply Direct,INV-2025-56810,2026-05-11,2029-04-25,36,132,948,1,2026-09-09,Electronic PCB failure,Reported genuine hardware failure: Electronic PCB failure under regular domestic usage.,Hardware Defect,1,1,1,1,1,0,1,0,0,0,Valid Claim
CLM-00203,PRD-00203,Industrial & Automotive Tools,ApexIndustrial,TorqueGrinder 1500W,SN-APE-6276495,2025-02-01,1058.74,Electronics Hub Metro,INV-2025-94491,2025-02-01,2028-01-17,36,596,484,1,2026-08-30,Trigger switch failure,Reported genuine hardware failure: Trigger switch failure under regular domestic usage.,Hardware Defect,1,1,1,1,0,0,1,0,0,0,Valid Claim
CLM-00634,PRD-00634,Consumer Electronics,VividDisplay,NovaWatch Ultra,SN-VIV-8831655,2026-04-25,585.52,Industrial Supply Direct,INV-2024-73198,2026-04-25,2027-04-20,12,148,212,0,2026-09-13,Rooted firmware malfunction,Physical inspection reveals clear Rooted firmware malfunction violating warranty coverage terms.,Customer Induced Damage,1,1,1,1,0,0,1,0,0,0,Invalid Claim
CLM-00989,PRD-00989,Industrial & Automotive Tools,MegaWrench,TitanPressure 3000PSI Commercial,SN-MEG-6196562,2023-06-02,384.61,Official Brand Store,INV-2026-45732,2023-06-02,2026-05-17,36,1206,0,0,2026-09-02,Chuck bearing breakdown,Failure: Chuck bearing breakdown. Note: product warranty expired 126 days ago.,Hardware Wear,1,1,1,1,0,0,1,1,0,0,Invalid Claim
CLM-00122,PRD-00122,Home Appliances,KitchenPro,KitchenPro Grill 25L,SN-KIT-2237331,2024-09-24,499.52,National Appliance Depot,INV-2026-19720,2024-09-24,2027-09-09,36,726,354,0,2026-09-02,Thermostat failure,Reported genuine hardware failure: Thermostat failure under regular domestic usage.,Hardware Defect,1,1,1,1,1,0,1,1,0,0,Valid Claim
CLM-00155,PRD-00155,Home Appliances,KitchenPro,KitchenPro Convection 30L,SN-KIT-4645172,2023-05-30,1506.02,TechMegaStore Downtown,INV-2024-76046,2023-05-30,2027-05-09,48,1209,231,1,2026-09-08,Electronic PCB failure,Reported genuine hardware failure: Electronic PCB failure under regular domestic usage.,Hardware Defect,1,1,1,1,0,0,1,1,0,0,Valid Claim
CLM-01129,PRD-01129,Consumer Electronics,NovaSound,NovaPhone 12 Lite,SN-NOV-9759161,2024-03-21,2074.0,Prime Retail Express,INV-2024-72742,2024-03-21,2027-03-06,36,913,167,1,2024-03-04,Speaker malfunction,Discrepancy detected: Claimed fault occurrence date predates registered purchase date.,Date Inconsistency,1,1,1,1,0,0,1,0,0,1,Manual Review
CLM-01415,PRD-01415,Industrial & Automotive Tools,MegaWrench,TitanPressure 3000PSI Commercial,SN-MEG-7601346,2024-10-04,549.98,National Appliance Depot,INV-2025-96174,2024-10-04,2028-09-13,48,716,724,1,2024-09-21,Gearbox seizure,Discrepancy detected: Claimed fault occurrence date predates registered purchase date.,Date Inconsistency,1,1,1,1,0,0,1,0,0,1,Manual Review
CLM-00761,PRD-00761,Consumer Electronics,ApexTech,NovaWatch Ultra,SN-APE-1291769,2026-06-24,1503.71,National Appliance Depot,INV-2024-78848,2026-06-24,2027-06-19,12,88,272,0,2026-09-15,Third-party unauthorized disassembly,Physical inspection reveals clear Third-party unauthorized disassembly violating warranty coverage terms.,Customer Induced Damage,1,1,1,1,0,0,1,0,0,0,Invalid Claim
CLM-01384,PRD-01384,Home Appliances,AeroBreeze,CleanCycle FrontLoad 8kg,SN-AER-7970196,2025-01-08,1605.52,National Appliance Depot,INV-2025-50494,2025-01-08,2027-12-24,36,620,460,1,2026-09-12,Motor burnout,Diagnostic report inconclusive regarding whether component failure was thermal surge or defect.,Ambiguous Diagnostic,1,1,1,1,1,0,1,2,0,0,Manual Review
CLM-00327,PRD-00327,Home Appliances,ThermaPure,AeroBreeze DualCool 2.0T,SN-THE-8561977,2024-08-13,586.82,Electronics Hub Metro,INV-2026-99916,2024-08-13,2027-07-29,36,768,312,1,2026-09-10,Motor burnout,Reported genuine hardware failure: Motor burnout under regular domestic usage.,Hardware Defect,1,1,1,1,0,0,1,0,0,0,Valid Claim
CLM-00441,PRD-00441,Home Appliances,CleanCycle,CleanCycle FrontLoad 8kg,SN-CLE-8693677,2025-01-07,968.16,National Appliance Depot,INV-2024-48687,2025-01-07,2027-12-23,36,621,459,1,2026-09-01,Motor burnout,Reported genuine hardware failure: Motor burnout under regular domestic usage.,Hardware Defect,1,1,1,1,1,0,1,1,0,0,Valid Claim
CLM-01158,PRD-01158,Consumer Electronics,QuantumCompute,NovaPhone 12 Lite,SN-QUA-1127889,2023-10-04,593.16,TechMegaStore Downtown,INV-2026-32950,2023-10-04,2026-09-18,36,1082,0,1,2026-09-18,Screen flickering,Fault occurred near warranty expiration boundary. Customer requests grace period evaluation.,Borderline Lifecycle,1,1,1,1,0,0,1,1,0,0,Manual Review
CLM-00205,PRD-00205,Industrial & Automotive Tools,TitanPower,IronForge Impact 24V,SN-TIT-7058222,2025-02-08,1223.01,Electronics Hub Metro,INV-2025-84498,2025-02-08,2028-01-24,36,589,491,0,2026-08-28,Hydraulic pressure seal failure,Reported genuine hardware failure: Hydraulic pressure seal failure under regular domestic usage.,Hardware Defect,1,1,1,1,0,0,1,0,0,0,Valid Claim
CLM-00558,PRD-00558,Home Appliances,CleanCycle,FrostGuard 450L Smart,SN-CLE-5852800,2024-11-17,1343.89,Electronics Hub Metro,INV-2024-17887,2024-11-17,2027-11-02,36,672,408,0,2026-09-13,Water pump leakage,Unit previously opened and tampered with at non-authorized workshop (Corner Hardware & Mobile Repairs).,Tampering,1,1,1,1,1,0,1,2,1,0,Invalid Claim
CLM-01212,PRD-01212,Consumer Electronics,QuantumCompute,PixelSlate 12,SN-QUA-8347263,2025-02-11,736.89,Industrial Supply Direct,INV-2024-80694,2025-02-11,2027-02-01,24,586,134,1,2026-09-13,Speaker malfunction,Claim submitted without primary proof of purchase receipt. Customer submitted affidavit instead.,Incomplete Documentation,0,1,1,0,0,2,1,0,0,0,Manual Review
CLM-01014,PRD-01014,Consumer Electronics,VividDisplay,ApexFit Chrono 3,SN-VIV-2397644,2023-10-04,2299.72,Official Brand Store,INV-2024-97323,2023-10-04,2026-09-18,36,1082,0,1,2026-09-19,Motherboard failure,Fault occurred near warranty expiration boundary. Customer requests grace period evaluation.,Borderline Lifecycle,1,1,1,1,0,0,1,1,0,0,Manual Review
CLM-00116,PRD-00116,Industrial & Automotive Tools,ApexIndustrial,IronGrind 9-inch Industrial,SN-APE-6897979,2024-11-05,663.2,Official Brand Store,INV-2025-90589,2024-11-05,2027-10-21,36,684,396,0,2026-09-17,Armature burning,Reported genuine hardware failure: Armature burning under regular domestic usage.,Hardware Defect,1,1,1,1,0,0,1,0,0,0,Valid Claim
CLM-00041,PRD-00041,Industrial & Automotive Tools,TorqueMaster,TitanAir 50L Heavy Duty,SN-TOR-8945036,2026-03-03,918.88,Prime Retail Express,INV-2024-70952,2026-03-03,2029-02-15,36,201,879,0,2026-08-30,Trigger switch failure,Reported genuine hardware failure: Trigger switch failure under regular domestic usage.,Hardware Defect,1,1,1,1,0,0,1,1,0,0,Valid Claim
CLM-00136,PRD-00136,Industrial & Automotive Tools,MegaWrench,IronForge TwinPiston 100L,SN-MEG-8912226,2025-01-24,1152.74,Official Brand Store,INV-2026-18163,2025-01-24,2028-01-09,36,604,476,1,2026-09-08,Chuck bearing breakdown,Reported genuine hardware failure: Chuck bearing breakdown under regular domestic usage.,Hardware Defect,1,1,1,1,0,0,1,0,0,0,Valid Claim
CLM-00573,PRD-00573,Industrial & Automotive Tools,TitanPower,TorqueMaster Brushless 18V,SN-TIT-8618143,2024-04-11,743.79,Prime Retail Express,INV-2024-24156,2024-04-11,2026-04-01,24,892,0,0,2026-09-13,Trigger switch failure,Failure: Trigger switch failure. Note: product warranty expired 172 days ago.,Hardware Wear,1,1,1,1,0,0,1,0,0,0,Invalid Claim
CLM-00550,PRD-00550,Industrial & Automotive Tools,ApexIndustrial,IronForge Impact 24V,SN-APE-5653581,2023-04-26,891.8,Electronics Hub Metro,INV-2026-13251,2023-04-26,2026-04-10,36,1243,0,0,2026-09-13,Hydraulic pressure seal failure,Failure: Hydraulic pressure seal failure. Note: product warranty expired 163 days ago.,Hardware Wear,1,1,1,1,0,0,1,2,0,0,Invalid Claim
CLM-01452,PRD-01452,Industrial & Automotive Tools,MegaWrench,MegaWash Pro 2500PSI,SN-MEG-8303867,2024-08-19,981.85,Electronics Hub Metro,INV-2025-96311,2024-08-19,2027-08-04,36,762,318,1,2026-09-12,Hydraulic pressure seal failure,Claim submitted without primary proof of purchase receipt. Customer submitted affidavit instead.,Incomplete Documentation,0,1,1,0,0,2,1,0,0,0,Manual Review
CLM-01417,PRD-01417,Home Appliances,KitchenPro,AeroBreeze Inverter 1.5T,SN-KIT-5523795,2026-07-04,1702.32,National Appliance Depot,INV-2024-78920,2026-07-04,2029-06-18,36,78,1002,1,2026-09-13,Electronic PCB failure,Claim submitted without primary proof of purchase receipt. Customer submitted affidavit instead.,Incomplete Documentation,0,1,1,0,0,2,1,0,0,0,Manual Review
CLM-01386,PRD-01386,Home Appliances,KitchenPro,KitchenPro Convection 30L,SN-KIT-5711903,2023-10-11,808.34,Electronics Hub Metro,INV-2025-96237,2023-10-11,2027-09-20,48,1075,365,1,2026-09-06,Drum spin malfunction,Diagnostic report inconclusive regarding whether component failure was thermal surge or defect.,Ambiguous Diagnostic,1,1,1,1,1,0,1,2,0,0,Manual Review
CLM-01442,PRD-01442,Industrial & Automotive Tools,IronForge,MegaWash Pro 2500PSI,SN-IRO-8795112,2023-10-01,172.93,Electronics Hub Metro,INV-2024-59045,2023-10-01,2026-09-15,36,1085,0,0,2026-09-17,Hydraulic pressure seal failure,Fault occurred near warranty expiration boundary. Customer requests grace period evaluation.,Borderline Lifecycle,1,1,1,1,0,0,1,1,0,0,Manual Review
CLM-00730,PRD-00730,Home Appliances,ThermaPure,CleanCycle QuickWash 7kg,SN-THE-9678469,2024-11-17,552.51,Electronics Hub Metro,INV-2024-26558,2024-11-17,2026-11-07,24,672,48,0,2026-09-14,Electronic PCB failure,Device submitted does not match registered unit. Serial on invoice differs from backplate.,Serial Mismatch,1,0,1,1,0,1,0,0,0,0,Invalid Claim
CLM-01299,PRD-01299,Consumer Electronics,NovaSound,ApexBook Air 14,SN-NOV-5068753,2024-06-24,2170.19,National Appliance Depot,INV-2025-63010,2024-06-24,2027-06-09,36,818,262,1,2026-09-12,Battery failure to charge,Claim submitted without primary proof of purchase receipt. Customer submitted affidavit instead.,Incomplete Documentation,0,1,1,0,0,2,1,0,0,0,Manual Review
CLM-00175,PRD-00175,Home Appliances,FrostGuard,KitchenPro Convection 30L,SN-FRO-3805274,2025-12-07,994.48,Industrial Supply Direct,INV-2025-73469,2025-12-07,2027-11-27,24,287,433,0,2026-09-11,Water pump leakage,Reported genuine hardware failure: Water pump leakage under regular domestic usage.,Hardware Defect,1,1,1,1,0,0,1,1,0,0,Valid Claim
CLM-01273,PRD-01273,Consumer Electronics,ApexTech,VividTab 11 Max,SN-APE-6312772,2026-01-21,2003.25,TechMegaStore Downtown,INV-2025-90027,2026-01-21,2027-01-16,12,242,118,0,2026-09-06,Unresponsive touch panel,Diagnostic report inconclusive regarding whether component failure was thermal surge or defect.,Ambiguous Diagnostic,1,1,1,1,1,0,1,2,0,0,Manual Review
CLM-00349,PRD-00349,Consumer Electronics,VividDisplay,ApexFit Chrono 3,SN-VIV-7159129,2025-08-14,1243.38,Official Brand Store,INV-2026-59681,2025-08-14,2027-08-04,24,402,318,1,2026-08-30,Motherboard failure,Reported genuine hardware failure: Motherboard failure under regular domestic usage.,Hardware Defect,1,1,1,1,0,0,1,0,0,0,Valid Claim
CLM-00139,PRD-00139,Home Appliances,FrostGuard,CleanCycle QuickWash 7kg,SN-FRO-5825636,2026-01-14,1827.5,TechMegaStore Downtown,INV-2025-67983,2026-01-14,2028-12-29,36,249,831,0,2026-09-12,Electronic PCB failure,Reported genuine hardware failure: Electronic PCB failure under regular domestic usage.,Hardware Defect,1,1,1,1,1,0,1,1,0,0,Valid Claim
CLM-00537,PRD-00537,Home Appliances,AeroBreeze,ThermaCold 320L,SN-AER-1969887,2025-07-06,1863.37,Official Brand Store,INV-2026-78128,2025-07-06,2028-06-20,36,441,639,0,2026-09-10,Thermostat failure,Device submitted does not match registered unit. Serial on invoice differs from backplate.,Serial Mismatch,1,0,1,1,0,1,0,0,0,0,Invalid Claim
CLM-00081,PRD-00081,Consumer Electronics,NovaSound,VividTab 11 Max,SN-NOV-5452128,2025-04-21,319.52,Official Brand Store,INV-2025-78955,2025-04-21,2027-04-11,24,517,203,1,2026-09-04,Battery failure to charge,Reported genuine hardware failure: Battery failure to charge under regular domestic usage.,Hardware Defect,1,1,1,1,0,0,1,0,0,0,Valid Claim
CLM-00342,PRD-00342,Home Appliances,CleanCycle,KitchenPro Grill 25L,SN-CLE-1532460,2023-08-05,827.4,Electronics Hub Metro,INV-2024-44931,2023-08-05,2027-07-15,48,1142,298,1,2026-09-03,Motor burnout,Reported genuine hardware failure: Motor burnout under regular domestic usage.,Hardware Defect,1,1,1,1,1,0,1,0,0,0,Valid Claim
CLM-00542,PRD-00542,Industrial & Automotive Tools,IronForge,IronForge TwinPiston 100L,SN-IRO-5773713,2025-03-07,915.96,Official Brand Store,INV-2026-98137,2025-03-07,2027-02-25,24,562,158,0,2026-09-15,Armature burning,Device submitted does not match registered unit. Serial on invoice differs from backplate.,Serial Mismatch,1,0,1,1,0,1,0,0,0,0,Invalid Claim
CLM-01455,PRD-01455,Industrial & Automotive Tools,TorqueMaster,TitanDrill 20V HD,SN-TOR-8247606,2023-10-03,634.59,TechMegaStore Downtown,INV-2026-32032,2023-10-03,2026-09-17,36,1083,0,1,2026-09-18,Hydraulic pressure seal failure,Fault occurred near warranty expiration boundary. Customer requests grace period evaluation.,Borderline Lifecycle,1,1,1,1,0,0,1,1,0,0,Manual Review
CLM-00273,PRD-00273,Industrial & Automotive Tools,ApexIndustrial,TitanDrill 20V HD,SN-APE-7917892,2022-12-20,190.21,Prime Retail Express,INV-2024-21913,2022-12-20,2026-11-29,48,1370,70,1,2026-08-28,Chuck bearing breakdown,Reported genuine hardware failure: Chuck bearing breakdown under regular domestic usage.,Hardware Defect,1,1,1,1,0,0,1,0,0,0,Valid Claim
CLM-00811,PRD-00811,Home Appliances,CleanCycle,ThermaAir Silent,SN-CLE-2197778,2025-08-13,1326.02,National Appliance Depot,INV-2024-13236,2025-08-13,2028-07-28,36,403,677,0,2026-09-11,Water pump leakage,Unit previously opened and tampered with at non-authorized workshop (Joe's Unofficial Fix Shop).,Tampering,1,1,1,1,1,0,1,2,1,0,Invalid Claim
CLM-00262,PRD-00262,Industrial & Automotive Tools,TitanPower,IronForge Impact 24V,SN-TIT-1809249,2025-04-23,942.21,Industrial Supply Direct,INV-2025-59840,2025-04-23,2027-04-13,24,515,205,0,2026-08-27,Hydraulic pressure seal failure,Reported genuine hardware failure: Hydraulic pressure seal failure under regular domestic usage.,Hardware Defect,1,1,1,1,1,0,1,1,0,0,Valid Claim
CLM-01117,PRD-01117,Industrial & Automotive Tools,TitanPower,IronForge TwinPiston 100L,SN-TIT-7110418,2025-07-09,329.01,Electronics Hub Metro,INV-2025-18658,2025-07-09,2028-06-23,36,438,642,1,2025-06-29,Chuck bearing breakdown,Discrepancy detected: Claimed fault occurrence date predates registered purchase date.,Date Inconsistency,1,1,1,1,0,0,1,0,0,1,Manual Review
CLM-00382,PRD-00382,Home Appliances,CleanCycle,AeroBreeze DualCool 2.0T,SN-CLE-5844933,2026-08-09,1301.32,TechMegaStore Downtown,INV-2024-36588,2026-08-09,2028-07-29,24,42,678,0,2026-09-04,Drum spin malfunction,Reported genuine hardware failure: Drum spin malfunction under regular domestic usage.,Hardware Defect,1,1,1,1,0,0,1,1,0,0,Valid Claim
CLM-00048,PRD-00048,Industrial & Automotive Tools,ApexIndustrial,TitanPressure 3000PSI Commercial,SN-APE-5545223,2023-08-20,501.62,Electronics Hub Metro,INV-2024-35242,2023-08-20,2027-07-30,48,1127,313,1,2026-08-27,Hydraulic pressure seal failure,Reported genuine hardware failure: Hydraulic pressure seal failure under regular domestic usage.,Hardware Defect,1,1,1,1,1,0,1,1,0,0,Valid Claim
CLM-00859,PRD-00859,Consumer Electronics,ApexTech,ApexBook Air 14,SN-APE-3570131,2024-08-27,1821.97,Electronics Hub Metro,INV-2024-20855,2024-08-27,2026-08-17,24,754,0,0,2026-09-01,Bluetooth/Wi-Fi failure,Failure: Bluetooth/Wi-Fi failure. Note: product warranty expired 34 days ago.,Hardware Wear,1,1,1,1,0,0,1,2,0,0,Invalid Claim
CLM-01050,PRD-01050,Industrial & Automotive Tools,IronForge,TorqueMaster Brushless 18V,SN-IRO-9039158,2024-02-16,382.1,National Appliance Depot,INV-2024-97981,2024-02-16,2028-01-26,48,947,493,1,2026-09-18,Armature burning,Claim submitted without primary proof of purchase receipt. Customer submitted affidavit instead.,Incomplete Documentation,0,1,1,0,0,2,1,0,0,0,Manual Review
CLM-00396,PRD-00396,Consumer Electronics,PixelCraft,VividTab 11 Max,SN-PIX-6236888,2026-04-02,1668.36,Electronics Hub Metro,INV-2025-36287,2026-04-02,2027-03-28,12,171,189,0,2026-09-01,Battery failure to charge,Reported genuine hardware failure: Battery failure to charge under regular domestic usage.,Hardware Defect,1,1,1,1,0,0,1,1,0,0,Valid Claim
CLM-01481,PRD-01481,Consumer Electronics,NovaSound,ApexFit Chrono 3,SN-NOV-8140361,2026-02-28,1975.52,Prime Retail Express,INV-2026-81509,2026-02-28,2027-02-23,12,204,156,0,2026-02-13,Motherboard failure,Discrepancy detected: Claimed fault occurrence date predates registered purchase date.,Date Inconsistency,1,1,1,1,0,0,1,0,0,1,Manual Review
CLM-00231,PRD-00231,Industrial & Automotive Tools,MegaWrench,TitanDrill 20V HD,SN-MEG-6338793,2026-03-30,1208.19,Prime Retail Express,INV-2024-93839,2026-03-30,2028-03-19,24,174,546,0,2026-09-08,Armature burning,Reported genuine hardware failure: Armature burning under regular domestic usage.,Hardware Defect,1,1,1,1,1,0,1,0,0,0,Valid Claim
CLM-00026,PRD-00026,Consumer Electronics,NovaSound,NovaPad Pro 10,SN-NOV-5476257,2026-04-30,565.16,Official Brand Store,INV-2024-60140,2026-04-30,2027-04-25,12,143,217,0,2026-09-12,Speaker malfunction,Reported genuine hardware failure: Speaker malfunction under regular domestic usage.,Hardware Defect,1,1,1,1,0,0,1,0,0,0,Valid Claim
CLM-01240,PRD-01240,Home Appliances,KitchenPro,FrostGuard 450L Smart,SN-KIT-5106198,2023-10-01,963.59,Industrial Supply Direct,INV-2024-36733,2023-10-01,2026-09-15,36,1085,0,0,2026-09-18,Drum spin malfunction,Fault occurred near warranty expiration boundary. Customer requests grace period evaluation.,Borderline Lifecycle,1,1,1,1,0,0,1,1,0,0,Manual Review
CLM-00018,PRD-00018,Industrial & Automotive Tools,IronForge,IronForge Impact 24V,SN-IRO-1959074,2023-12-12,206.66,Industrial Supply Direct,INV-2026-79615,2023-12-12,2026-11-26,36,1013,67,1,2026-09-02,Armature burning,Reported genuine hardware failure: Armature burning under regular domestic usage.,Hardware Defect,1,1,1,1,0,0,1,0,0,0,Valid Claim
CLM-00477,PRD-00477,Consumer Electronics,QuantumCompute,NovaPhone 12 Lite,SN-QUA-5672762,2025-04-21,1958.08,Prime Retail Express,INV-2026-45779,2025-04-21,2027-04-11,24,517,203,0,2026-08-28,Unresponsive touch panel,Reported genuine hardware failure: Unresponsive touch panel under regular domestic usage.,Hardware Defect,1,1,1,1,0,0,1,0,0,0,Valid Claim
CLM-00194,PRD-00194,Home Appliances,ThermaPure,ThermaAir Silent,SN-THE-9630451,2025-01-31,1875.78,Official Brand Store,INV-2024-27771,2025-01-31,2029-01-10,48,597,843,1,2026-08-29,Motor burnout,Reported genuine hardware failure: Motor burnout under regular domestic usage.,Hardware Defect,1,1,1,1,0,0,1,0,0,0,Valid Claim
CLM-00515,PRD-00515,Home Appliances,AeroBreeze,FrostGuard 450L Smart,SN-AER-3733691,2024-06-26,920.6,Industrial Supply Direct,INV-2025-94825,2024-06-26,2026-06-16,24,816,0,0,2026-08-31,Drum spin malfunction,Failure: Drum spin malfunction. Note: product warranty expired 96 days ago.,Hardware Wear,1,1,1,1,0,0,1,2,0,0,Invalid Claim
CLM-00029,PRD-00029,Industrial & Automotive Tools,ApexIndustrial,IronForge TwinPiston 100L,SN-APE-2173965,2025-03-20,1240.21,National Appliance Depot,INV-2026-51145,2025-03-20,2027-03-10,24,549,171,0,2026-09-09,Chuck bearing breakdown,Reported genuine hardware failure: Chuck bearing breakdown under regular domestic usage.,Hardware Defect,1,1,1,1,0,0,1,1,0,0,Valid Claim
CLM-00921,PRD-00921,Industrial & Automotive Tools,IronForge,TitanPressure 3000PSI Commercial,SN-IRO-1397267,2024-11-17,519.12,Industrial Supply Direct,INV-2025-83147,2024-11-17,2026-11-07,24,672,48,0,2026-09-02,Use of non-spec hydraulic oil,Physical inspection reveals clear Use of non-spec hydraulic oil violating warranty coverage terms.,Customer Induced Damage,1,1,1,1,0,0,1,0,0,0,Invalid Claim
CLM-00973,PRD-00973,Consumer Electronics,PixelCraft,ApexFit Chrono 3,SN-PIX-6111364,2026-07-19,959.23,Prime Retail Express,INV-2026-63364,2026-07-19,2027-07-14,12,63,297,0,2026-09-08,Screen flickering,Unit previously opened and tampered with at non-authorized workshop (Joe's Unofficial Fix Shop).,Tampering,1,1,1,1,1,0,1,3,1,0,Invalid Claim
CLM-00582,PRD-00582,Consumer Electronics,NovaSound,ApexBook Pro 16,SN-NOV-4181650,2024-11-08,639.87,Industrial Supply Direct,INV-2026-59054,2024-11-08,2026-10-29,24,681,39,0,2026-09-15,Screen flickering,Device submitted does not match registered unit. Serial on invoice differs from backplate.,Serial Mismatch,1,0,1,1,0,1,0,0,0,0,Invalid Claim
CLM-00829,PRD-00829,Consumer Electronics,QuantumCompute,NovaWatch Ultra,SN-QUA-4498837,2025-08-19,1831.98,TechMegaStore Downtown,INV-2025-44481,2025-08-19,2027-08-09,24,397,323,0,2026-09-03,Power surge overvoltage,Physical inspection reveals clear Power surge overvoltage violating warranty coverage terms.,Customer Induced Damage,1,1,1,1,0,0,1,0,0,0,Invalid Claim
CLM-00440,PRD-00440,Home Appliances,ThermaPure,CleanCycle QuickWash 7kg,SN-THE-3288489,2024-10-03,1031.38,Electronics Hub Metro,INV-2026-57001,2024-10-03,2028-09-12,48,717,723,1,2026-09-14,Compressor failure,Reported genuine hardware failure: Compressor failure under regular domestic usage.,Hardware Defect,1,1,1,1,0,0,1,0,0,0,Valid Claim
CLM-00480,PRD-00480,Industrial & Automotive Tools,MegaWrench,TitanPressure 3000PSI Commercial,SN-MEG-1296459,2025-10-03,1244.47,TechMegaStore Downtown,INV-2025-25615,2025-10-03,2028-09-17,36,352,728,0,2026-09-06,Chuck bearing breakdown,Reported genuine hardware failure: Chuck bearing breakdown under regular domestic usage.,Hardware Defect,1,1,1,1,0,0,1,0,0,0,Valid Claim
CLM-00456,PRD-00456,Home Appliances,KitchenPro,KitchenPro Grill 25L,SN-KIT-3467651,2026-07-11,1578.32,Official Brand Store,INV-2025-54392,2026-07-11,2028-06-30,24,71,649,0,2026-09-14,Water pump leakage,Reported genuine hardware failure: Water pump leakage under regular domestic usage.,Hardware Defect,1,1,1,1,0,0,1,0,0,0,Valid Claim
CLM-01049,PRD-01049,Industrial & Automotive Tools,TitanPower,TitanAir 50L Heavy Duty,SN-TIT-7669596,2026-02-13,928.72,TechMegaStore Downtown,INV-2024-75198,2026-02-13,2029-01-28,36,219,861,0,2026-09-18,Trigger switch failure,Diagnostic report inconclusive regarding whether component failure was thermal surge or defect.,Ambiguous Diagnostic,1,1,1,1,1,0,1,1,0,0,Manual Review
CLM-00736,PRD-00736,Industrial & Automotive Tools,MegaWrench,TitanDrill 20V HD,SN-MEG-5269818,2026-01-02,1214.57,Electronics Hub Metro,INV-2026-13873,2026-01-02,2027-12-23,24,261,459,0,2026-09-07,Abnormal overload beyond specified torque limits,Physical inspection reveals clear Abnormal overload beyond specified torque limits violating warranty coverage terms.,Customer Induced Damage,1,1,1,1,0,0,1,0,0,0,Invalid Claim
CLM-00908,PRD-00908,Consumer Electronics,QuantumCompute,NovaWatch Ultra,SN-QUA-7373200,2025-12-25,231.73,TechMegaStore Downtown,INV-2025-39468,2025-12-25,2027-12-15,24,269,451,0,2026-09-14,Third-party unauthorized disassembly,Physical inspection reveals clear Third-party unauthorized disassembly violating warranty coverage terms.,Customer Induced Damage,1,1,1,1,0,0,1,0,0,0,Invalid Claim
CLM-00963,PRD-00963,Industrial & Automotive Tools,IronForge,IronForge TwinPiston 100L,SN-IRO-2699501,2024-11-05,1200.3,TechMegaStore Downtown,INV-2026-63223,2024-11-05,2027-10-21,36,684,396,0,2026-09-16,Chuck bearing breakdown,Device submitted does not match registered unit. Serial on invoice differs from backplate.,Serial Mismatch,1,0,1,1,0,1,0,0,0,0,Invalid Claim
CLM-01124,PRD-01124,Home Appliances,KitchenPro,KitchenPro Convection 30L,SN-KIT-6137252,2024-09-28,1529.24,Official Brand Store,INV-2024-75095,2024-09-28,2026-09-18,24,722,0,0,2026-09-16,Electronic PCB failure,Fault occurred near warranty expiration boundary. Customer requests grace period evaluation.,Borderline Lifecycle,1,1,1,1,0,0,1,1,0,0,Manual Review
CLM-00421,PRD-00421,Industrial & Automotive Tools,TitanPower,TitanAir 50L Heavy Duty,SN-TIT-2449322,2024-09-08,1133.91,Electronics Hub Metro,INV-2025-96034,2024-09-08,2027-08-24,36,742,338,1,2026-09-13,Gearbox seizure,Reported genuine hardware failure: Gearbox seizure under regular domestic usage.,Hardware Defect,1,1,1,1,1,0,1,1,0,0,Valid Claim
CLM-01011,PRD-01011,Consumer Electronics,NovaSound,ApexFit Chrono 3,SN-NOV-1872600,2026-07-01,1692.63,Official Brand Store,INV-2025-44486,2026-07-01,2028-06-20,24,81,639,0,2026-06-18,Bluetooth/Wi-Fi failure,Discrepancy detected: Claimed fault occurrence date predates registered purchase date.,Date Inconsistency,1,1,1,1,0,0,1,0,0,1,Manual Review
CLM-01039,PRD-01039,Consumer Electronics,ApexTech,NovaPhone 12 Lite,SN-APE-1707593,2024-10-31,702.7,Electronics Hub Metro,INV-2024-28045,2024-10-31,2026-10-21,24,689,31,0,2026-09-08,Speaker malfunction,Diagnostic report inconclusive regarding whether component failure was thermal surge or defect.,Ambiguous Diagnostic,1,1,1,1,1,0,1,1,0,0,Manual Review
CLM-00134,PRD-00134,Home Appliances,KitchenPro,FrostGuard Side-by-Side 600L,SN-KIT-6161977,2025-11-23,1573.81,Official Brand Store,INV-2026-92478,2025-11-23,2027-11-13,24,301,419,0,2026-08-29,Electronic PCB failure,Reported genuine hardware failure: Electronic PCB failure under regular domestic usage.,Hardware Defect,1,1,1,1,0,0,1,1,0,0,Valid Claim
CLM-01071,PRD-01071,Consumer Electronics,PixelCraft,NovaWatch Ultra,SN-PIX-3763756,2026-07-12,767.26,Industrial Supply Direct,INV-2026-57411,2026-07-12,2027-07-07,12,70,290,0,2026-09-06,Speaker malfunction,Diagnostic report inconclusive regarding whether component failure was thermal surge or defect.,Ambiguous Diagnostic,1,1,1,1,1,0,1,1,0,0,Manual Review
CLM-01032,PRD-01032,Industrial & Automotive Tools,MegaWrench,TitanAir 50L Heavy Duty,SN-MEG-3019346,2024-03-28,488.96,TechMegaStore Downtown,INV-2026-35551,2024-03-28,2028-03-07,48,906,534,1,2026-09-07,Armature burning,Diagnostic report inconclusive regarding whether component failure was thermal surge or defect.,Ambiguous Diagnostic,1,1,1,1,1,0,1,2,0,0,Manual Review
CLM-01210,PRD-01210,Home Appliances,FrostGuard,AeroBreeze DualCool 2.0T,SN-FRO-4967937,2023-10-04,1021.78,Official Brand Store,INV-2025-23318,2023-10-04,2026-09-18,36,1082,0,0,2026-09-16,Water pump leakage,Fault occurred near warranty expiration boundary. Customer requests grace period evaluation.,Borderline Lifecycle,1,1,1,1,0,0,1,1,0,0,Manual Review
CLM-00427,PRD-00427,Home Appliances,ThermaPure,FrostGuard Side-by-Side 600L,SN-THE-4407796,2025-07-18,581.59,TechMegaStore Downtown,INV-2025-96603,2025-07-18,2027-07-08,24,429,291,0,2026-09-15,Water pump leakage,Reported genuine hardware failure: Water pump leakage under regular domestic usage.,Hardware Defect,1,1,1,1,0,0,1,0,0,0,Valid Claim
CLM-00625,PRD-00625,Home Appliances,FrostGuard,KitchenPro Convection 30L,SN-FRO-6777952,2026-07-16,1601.76,National Appliance Depot,INV-2026-37462,2026-07-16,2029-06-30,36,66,1014,0,2026-09-15,Drum spin malfunction,Unit previously opened and tampered with at non-authorized workshop (Local QuickFix Electronics).,Tampering,1,1,1,1,1,0,1,1,1,0,Invalid Claim
CLM-00416,PRD-00416,Consumer Electronics,QuantumCompute,NovaPhone 12 Lite,SN-QUA-7428475,2025-01-07,746.28,Industrial Supply Direct,INV-2026-93568,2025-01-07,2026-12-28,24,621,99,1,2026-08-26,Battery failure to charge,Reported genuine hardware failure: Battery failure to charge under regular domestic usage.,Hardware Defect,1,1,1,1,1,0,1,0,0,0,Valid Claim
CLM-01389,PRD-01389,Industrial & Automotive Tools,IronForge,IronForge Impact 24V,SN-IRO-3558536,2023-10-05,1084.72,Prime Retail Express,INV-2024-13222,2023-10-05,2026-09-19,36,1081,0,0,2026-09-19,Hydraulic pressure seal failure,Fault occurred near warranty expiration boundary. Customer requests grace period evaluation.,Borderline Lifecycle,1,1,1,1,0,0,1,1,0,0,Manual Review
CLM-01351,PRD-01351,Home Appliances,ThermaPure,AeroBreeze Inverter 1.5T,SN-THE-6712098,2023-11-29,533.41,National Appliance Depot,INV-2025-19261,2023-11-29,2026-11-13,36,1026,54,1,2026-09-11,Electronic PCB failure,Diagnostic report inconclusive regarding whether component failure was thermal surge or defect.,Ambiguous Diagnostic,1,1,1,1,1,0,1,1,0,0,Manual Review
CLM-00786,PRD-00786,Home Appliances,KitchenPro,ThermaWash Eco,SN-KIT-4350987,2026-01-17,612.15,Industrial Supply Direct,INV-2025-98978,2026-01-17,2029-01-01,36,246,834,0,2026-09-13,Improper electrical supply rating,Physical inspection reveals clear Improper electrical supply rating violating warranty coverage terms.,Customer Induced Damage,1,1,1,1,0,0,1,0,0,0,Invalid Claim
CLM-00217,PRD-00217,Consumer Electronics,NovaSound,ApexBook Air 14,SN-NOV-4972370,2025-11-16,869.85,National Appliance Depot,INV-2025-52762,2025-11-16,2027-11-06,24,308,412,0,2026-09-11,Screen flickering,Reported genuine hardware failure: Screen flickering under regular domestic usage.,Hardware Defect,1,1,1,1,0,0,1,0,0,0,Valid Claim
CLM-00246,PRD-00246,Home Appliances,FrostGuard,KitchenPro Grill 25L,SN-FRO-9644791,2023-09-13,1565.38,TechMegaStore Downtown,INV-2025-76426,2023-09-13,2027-08-23,48,1103,337,1,2026-08-31,Compressor failure,Reported genuine hardware failure: Compressor failure under regular domestic usage.,Hardware Defect,1,1,1,1,1,0,1,0,0,0,Valid Claim
CLM-01147,PRD-01147,Consumer Electronics,ApexTech,NovaWatch Ultra,SN-APE-4932931,2025-07-28,1683.01,Industrial Supply Direct,INV-2024-82318,2025-07-28,2027-07-18,24,419,301,1,2025-07-15,Bluetooth/Wi-Fi failure,Discrepancy detected: Claimed fault occurrence date predates registered purchase date.,Date Inconsistency,1,1,1,1,0,0,1,0,0,1,Manual Review
CLM-01133,PRD-01133,Industrial & Automotive Tools,TitanPower,TorqueGrinder 1500W,SN-TIT-2788019,2025-11-07,212.15,National Appliance Depot,INV-2026-27946,2025-11-07,2028-10-22,36,317,763,0,2026-09-13,Chuck bearing breakdown,Claim submitted without primary proof of purchase receipt. Customer submitted affidavit instead.,Incomplete Documentation,0,1,1,0,0,2,1,0,0,0,Manual Review
CLM-00871,PRD-00871,Home Appliances,ThermaPure,KitchenPro Grill 25L,SN-THE-1673252,2024-06-20,1852.23,Electronics Hub Metro,INV-2026-24136,2024-06-20,2027-06-05,36,822,258,0,2026-09-14,Electronic PCB failure,Device submitted does not match registered unit. Serial on invoice differs from backplate.,Serial Mismatch,1,0,1,1,0,1,0,0,0,0,Invalid Claim
CLM-00044,PRD-00044,Home Appliances,ThermaPure,FrostGuard Side-by-Side 600L,SN-THE-8713146,2025-05-02,1430.69,Industrial Supply Direct,INV-2024-78386,2025-05-02,2028-04-16,36,506,574,0,2026-09-05,Water pump leakage,Reported genuine hardware failure: Water pump leakage under regular domestic usage.,Hardware Defect,1,1,1,1,0,0,1,0,0,0,Valid Claim
CLM-00403,PRD-00403,Industrial & Automotive Tools,MegaWrench,TorqueGrinder 1500W,SN-MEG-6741177,2026-04-26,775.21,Electronics Hub Metro,INV-2024-96849,2026-04-26,2028-04-15,24,147,573,0,2026-08-31,Trigger switch failure,Reported genuine hardware failure: Trigger switch failure under regular domestic usage.,Hardware Defect,1,1,1,1,0,0,1,1,0,0,Valid Claim
CLM-00545,PRD-00545,Home Appliances,AeroBreeze,KitchenPro Convection 30L,SN-AER-9485679,2025-05-02,502.4,Official Brand Store,INV-2025-26958,2025-05-02,2027-04-22,24,506,214,0,2026-09-03,Commercial heavy utilization,Physical inspection reveals clear Commercial heavy utilization violating warranty coverage terms.,Customer Induced Damage,1,1,1,1,0,0,1,0,0,0,Invalid Claim
CLM-01350,PRD-01350,Consumer Electronics,PixelCraft,NovaWatch Ultra,SN-PIX-5768275,2024-11-19,347.14,Prime Retail Express,INV-2025-92163,2024-11-19,2026-11-09,24,670,50,1,2024-11-09,Unresponsive touch panel,Discrepancy detected: Claimed fault occurrence date predates registered purchase date.,Date Inconsistency,1,1,1,1,0,0,1,0,0,1,Manual Review
CLM-00253,PRD-00253,Home Appliances,CleanCycle,KitchenPro Grill 25L,SN-CLE-1592554,2025-08-19,1231.84,Prime Retail Express,INV-2024-54979,2025-08-19,2027-08-09,24,397,323,0,2026-09-02,Thermostat failure,Reported genuine hardware failure: Thermostat failure under regular domestic usage.,Hardware Defect,1,1,1,1,0,0,1,1,0,0,Valid Claim
CLM-01006,PRD-01006,Home Appliances,KitchenPro,FrostGuard Side-by-Side 600L,SN-KIT-6293212,2026-04-30,1232.52,Industrial Supply Direct,INV-2025-54383,2026-04-30,2028-04-19,24,143,577,0,2026-04-20,Motor burnout,Discrepancy detected: Claimed fault occurrence date predates registered purchase date.,Date Inconsistency,1,1,1,1,0,0,1,0,0,1,Manual Review
CLM-00279,PRD-00279,Industrial & Automotive Tools,TorqueMaster,MegaWash Pro 2500PSI,SN-TOR-4518395,2025-03-24,866.79,National Appliance Depot,INV-2026-55258,2025-03-24,2028-03-08,36,545,535,1,2026-09-01,Gearbox seizure,Reported genuine hardware failure: Gearbox seizure under regular domestic usage.,Hardware Defect,1,1,1,1,0,0,1,0,0,0,Valid Claim
CLM-00930,PRD-00930,Home Appliances,AeroBreeze,FrostGuard 450L Smart,SN-AER-6408711,2024-10-21,982.44,National Appliance Depot,INV-2024-86595,2024-10-21,2027-10-06,36,699,381,0,2026-09-15,Electronic PCB failure,Device submitted does not match registered unit. Serial on invoice differs from backplate.,Serial Mismatch,1,0,1,1,0,1,0,0,0,0,Invalid Claim
CLM-01102,PRD-01102,Home Appliances,KitchenPro,KitchenPro Grill 25L,SN-KIT-6478510,2025-05-25,754.88,TechMegaStore Downtown,INV-2026-86758,2025-05-25,2027-05-15,24,483,237,0,2026-09-06,Electronic PCB failure,Diagnostic report inconclusive regarding whether component failure was thermal surge or defect.,Ambiguous Diagnostic,1,1,1,1,1,0,1,1,0,0,Manual Review
CLM-00674,PRD-00674,Home Appliances,ThermaPure,CleanCycle FrontLoad 8kg,SN-THE-8148366,2026-04-01,1065.71,Prime Retail Express,INV-2025-94393,2026-04-01,2028-03-21,24,172,548,0,2026-09-13,Thermostat failure,Unit previously opened and tampered with at non-authorized workshop (Joe's Unofficial Fix Shop).,Tampering,1,1,1,1,1,0,1,2,1,0,Invalid Claim
CLM-00486,PRD-00486,Consumer Electronics,PixelCraft,NovaPad Pro 10,SN-PIX-6696526,2026-07-14,582.24,National Appliance Depot,INV-2025-67146,2026-07-14,2027-07-09,12,68,292,0,2026-09-01,Motherboard failure,Reported genuine hardware failure: Motherboard failure under regular domestic usage.,Hardware Defect,1,1,1,1,1,0,1,0,0,0,Valid Claim
CLM-00230,PRD-00230,Home Appliances,KitchenPro,ThermaWash Eco,SN-KIT-3941912,2024-08-05,904.41,Official Brand Store,INV-2026-48602,2024-08-05,2027-07-21,36,776,304,1,2026-09-18,Water pump leakage,Reported genuine hardware failure: Water pump leakage under regular domestic usage.,Hardware Defect,1,1,1,1,0,0,1,0,0,0,Valid Claim
CLM-00719,PRD-00719,Industrial & Automotive Tools,TorqueMaster,IronForge TwinPiston 100L,SN-TOR-1901645,2025-08-19,255.31,Industrial Supply Direct,INV-2025-48915,2025-08-19,2027-08-09,24,397,323,0,2026-09-05,Use of non-spec hydraulic oil,Physical inspection reveals clear Use of non-spec hydraulic oil violating warranty coverage terms.,Customer Induced Damage,1,1,1,1,0,0,1,0,0,0,Invalid Claim
CLM-00656,PRD-00656,Home Appliances,ThermaPure,CleanCycle FrontLoad 8kg,SN-THE-1165479,2025-02-18,455.71,Electronics Hub Metro,INV-2025-23762,2025-02-18,2027-02-08,24,579,141,0,2026-09-09,Third-party modifications,Physical inspection reveals clear Third-party modifications violating warranty coverage terms.,Customer Induced Damage,1,1,1,1,0,0,1,0,0,0,Invalid Claim
CLM-00553,PRD-00553,Industrial & Automotive Tools,IronForge,TitanPressure 3000PSI Commercial,SN-IRO-2527147,2026-02-05,280.84,TechMegaStore Downtown,INV-2026-32040,2026-02-05,2029-01-20,36,227,853,0,2026-09-10,Abnormal overload beyond specified torque limits,Physical inspection reveals clear Abnormal overload beyond specified torque limits violating warranty coverage terms.,Customer Induced Damage,1,1,1,1,0,0,1,0,0,0,Invalid Claim
CLM-00931,PRD-00931,Home Appliances,AeroBreeze,CleanCycle FrontLoad 8kg,SN-AER-4458525,2025-02-04,792.57,TechMegaStore Downtown,INV-2024-79916,2025-02-04,2027-01-25,24,593,127,0,2026-09-07,Commercial heavy utilization,Physical inspection reveals clear Commercial heavy utilization violating warranty coverage terms.,Customer Induced Damage,1,1,1,1,0,0,1,0,0,0,Invalid Claim
CLM-01356,PRD-01356,Home Appliances,FrostGuard,FrostGuard 450L Smart,SN-FRO-1536003,2026-08-16,1213.11,Official Brand Store,INV-2025-98705,2026-08-16,2028-08-05,24,35,685,0,2026-09-10,Electronic PCB failure,Claim submitted without primary proof of purchase receipt. Customer submitted affidavit instead.,Incomplete Documentation,0,1,1,0,0,2,1,0,0,0,Manual Review
CLM-01420,PRD-01420,Home Appliances,KitchenPro,AeroBreeze DualCool 2.0T,SN-KIT-3213110,2025-10-31,1673.63,Electronics Hub Metro,INV-2024-42038,2025-10-31,2028-10-15,36,324,756,1,2025-10-13,Thermostat failure,Discrepancy detected: Claimed fault occurrence date predates registered purchase date.,Date Inconsistency,1,1,1,1,0,0,1,0,0,1,Manual Review
CLM-00570,PRD-00570,Consumer Electronics,NovaSound,PixelSlate 12,SN-NOV-2223240,2024-08-20,1983.22,Prime Retail Express,INV-2025-22539,2024-08-20,2026-08-10,24,761,0,0,2026-09-14,Screen flickering,Failure: Screen flickering. Note: product warranty expired 41 days ago.,Hardware Wear,1,1,1,1,0,0,1,1,0,0,Invalid Claim
CLM-01099,PRD-01099,Home Appliances,FrostGuard,CleanCycle QuickWash 7kg,SN-FRO-5116558,2024-01-02,1815.36,Official Brand Store,INV-2024-48721,2024-01-02,2027-12-12,48,992,448,1,2023-12-16,Water pump leakage,Discrepancy detected: Claimed fault occurrence date predates registered purchase date.,Date Inconsistency,1,1,1,1,0,0,1,0,0,1,Manual Review
CLM-01036,PRD-01036,Industrial & Automotive Tools,IronForge,IronForge Impact 24V,SN-IRO-6436055,2026-06-07,799.46,Prime Retail Express,INV-2024-77070,2026-06-07,2029-05-22,36,105,975,1,2026-09-17,Hydraulic pressure seal failure,Diagnostic report inconclusive regarding whether component failure was thermal surge or defect.,Ambiguous Diagnostic,1,1,1,1,1,0,1,1,0,0,Manual Review
CLM-00355,PRD-00355,Home Appliances,KitchenPro,ThermaWash Eco,SN-KIT-8432510,2024-06-30,1792.63,National Appliance Depot,INV-2026-52553,2024-06-30,2027-06-15,36,812,268,0,2026-08-29,Drum spin malfunction,Reported genuine hardware failure: Drum spin malfunction under regular domestic usage.,Hardware Defect,1,1,1,1,0,0,1,0,0,0,Valid Claim
CLM-00356,PRD-00356,Industrial & Automotive Tools,ApexIndustrial,TitanAir 50L Heavy Duty,SN-APE-5262908,2025-11-03,563.01,Industrial Supply Direct,INV-2025-62047,2025-11-03,2028-10-18,36,321,759,1,2026-08-30,Armature burning,Reported genuine hardware failure: Armature burning under regular domestic usage.,Hardware Defect,1,1,1,1,0,0,1,0,0,0,Valid Claim
CLM-01167,PRD-01167,Industrial & Automotive Tools,ApexIndustrial,TorqueGrinder 1500W,SN-APE-9761433,2024-06-25,1195.79,TechMegaStore Downtown,INV-2024-33032,2024-06-25,2028-06-04,48,817,623,1,2024-06-05,Armature burning,Discrepancy detected: Claimed fault occurrence date predates registered purchase date.,Date Inconsistency,1,1,1,1,0,0,1,0,0,1,Manual Review
CLM-00008,PRD-00008,Industrial & Automotive Tools,ApexIndustrial,IronGrind 9-inch Industrial,SN-APE-7402509,2024-09-22,834.27,Industrial Supply Direct,INV-2026-42953,2024-09-22,2027-09-07,36,728,352,1,2026-09-01,Gearbox seizure,Reported genuine hardware failure: Gearbox seizure under regular domestic usage.,Hardware Defect,1,1,1,1,0,0,1,0,0,0,Valid Claim
CLM-01451,PRD-01451,Home Appliances,KitchenPro,ThermaWash Eco,SN-KIT-9352168,2024-10-27,1006.59,Prime Retail Express,INV-2025-42053,2024-10-27,2027-10-12,36,693,387,0,2026-09-12,Thermostat failure,Diagnostic report inconclusive regarding whether component failure was thermal surge or defect.,Ambiguous Diagnostic,1,1,1,1,1,0,1,2,0,0,Manual Review
CLM-01243,PRD-01243,Industrial & Automotive Tools,TitanPower,IronForge TwinPiston 100L,SN-TIT-8864697,2025-01-20,350.88,Industrial Supply Direct,INV-2026-38189,2025-01-20,2027-01-10,24,608,112,0,2026-09-16,Armature burning,Claim submitted without primary proof of purchase receipt. Customer submitted affidavit instead.,Incomplete Documentation,0,1,1,0,0,2,1,0,0,0,Manual Review
CLM-00533,PRD-00533,Consumer Electronics,VividDisplay,ApexBook Pro 16,SN-VIV-3634568,2024-08-02,1874.2,Official Brand Store,INV-2025-76308,2024-08-02,2026-07-23,24,779,0,0,2026-09-04,Battery failure to charge,Failure: Battery failure to charge. Note: product warranty expired 59 days ago.,Hardware Wear,1,1,1,1,0,0,1,0,0,0,Invalid Claim
CLM-01470,PRD-01470,Consumer Electronics,NovaSound,NovaPhone 12 Lite,SN-NOV-8695389,2025-11-17,288.89,Industrial Supply Direct,INV-2025-82466,2025-11-17,2027-11-07,24,307,413,1,2026-09-10,Battery failure to charge,Claim submitted without primary proof of purchase receipt. Customer submitted affidavit instead.,Incomplete Documentation,0,1,1,0,0,2,1,0,0,0,Manual Review
CLM-01015,PRD-01015,Consumer Electronics,ApexTech,NovaPhone 12 Lite,SN-APE-3583794,2024-11-17,1514.39,Electronics Hub Metro,INV-2024-19884,2024-11-17,2026-11-07,24,672,48,1,2024-11-10,Motherboard failure,Discrepancy detected: Claimed fault occurrence date predates registered purchase date.,Date Inconsistency,1,1,1,1,0,0,1,0,0,1,Manual Review
CLM-00857,PRD-00857,Consumer Electronics,ApexTech,NovaPad Pro 10,SN-APE-7188568,2024-07-02,2305.36,Prime Retail Express,INV-2024-89531,2024-07-02,2026-06-22,24,810,0,0,2026-08-31,Speaker malfunction,Failure: Speaker malfunction. Note: product warranty expired 90 days ago.,Hardware Wear,1,1,1,1,0,0,1,0,0,0,Invalid Claim
CLM-00092,PRD-00092,Home Appliances,FrostGuard,AeroBreeze DualCool 2.0T,SN-FRO-1129686,2023-11-01,1094.82,Industrial Supply Direct,INV-2024-26932,2023-11-01,2027-10-11,48,1054,386,1,2026-09-01,Water pump leakage,Reported genuine hardware failure: Water pump leakage under regular domestic usage.,Hardware Defect,1,1,1,1,0,0,1,0,0,0,Valid Claim
CLM-01178,PRD-01178,Consumer Electronics,NovaSound,NovaPhone 12 Pro,SN-NOV-6956976,2024-07-27,645.96,Prime Retail Express,INV-2025-86955,2024-07-27,2027-07-12,36,785,295,1,2026-09-15,Motherboard failure,Diagnostic report inconclusive regarding whether component failure was thermal surge or defect.,Ambiguous Diagnostic,1,1,1,1,1,0,1,1,0,0,Manual Review
CLM-00844,PRD-00844,Industrial & Automotive Tools,MegaWrench,IronForge TwinPiston 100L,SN-MEG-9385512,2025-03-13,508.97,Official Brand Store,INV-2024-52183,2025-03-13,2028-02-26,36,556,524,0,2026-09-10,Armature burning,Device submitted does not match registered unit. Serial on invoice differs from backplate.,Serial Mismatch,1,0,1,1,0,1,0,0,0,0,Invalid Claim
CLM-01179,PRD-01179,Consumer Electronics,PixelCraft,QuantumBook Ultra 15,SN-PIX-8629336,2024-12-22,1409.29,Official Brand Store,INV-2024-81352,2024-12-22,2026-12-12,24,637,83,1,2026-09-17,Bluetooth/Wi-Fi failure,Claim submitted without primary proof of purchase receipt. Customer submitted affidavit instead.,Incomplete Documentation,0,1,1,0,0,2,1,0,0,0,Manual Review
CLM-00045,PRD-00045,Consumer Electronics,QuantumCompute,ApexBook Air 14,SN-QUA-5091349,2026-07-23,1925.1,Prime Retail Express,INV-2026-97580,2026-07-23,2028-07-12,24,59,661,0,2026-09-03,Battery failure to charge,Reported genuine hardware failure: Battery failure to charge under regular domestic usage.,Hardware Defect,1,1,1,1,1,0,1,0,0,0,Valid Claim
CLM-00433,PRD-00433,Consumer Electronics,NovaSound,PixelSlate 12,SN-NOV-8359513,2026-06-02,759.38,Prime Retail Express,INV-2024-27481,2026-06-02,2027-05-28,12,110,250,0,2026-09-18,Speaker malfunction,Reported genuine hardware failure: Speaker malfunction under regular domestic usage.,Hardware Defect,1,1,1,1,1,0,1,0,0,0,Valid Claim
CLM-00650,PRD-00650,Home Appliances,AeroBreeze,FrostGuard 450L Smart,SN-AER-4459963,2024-08-10,1343.22,TechMegaStore Downtown,INV-2026-43654,2024-08-10,2026-07-31,24,771,0,0,2026-09-06,Thermostat failure,Failure: Thermostat failure. Note: product warranty expired 51 days ago.,Hardware Wear,1,1,1,1,0,0,1,2,0,0,Invalid Claim
CLM-01213,PRD-01213,Consumer Electronics,PixelCraft,VividTab 11 Max,SN-PIX-8543762,2024-09-26,2406.46,TechMegaStore Downtown,INV-2025-87150,2024-09-26,2026-09-16,24,724,0,0,2026-09-16,Bluetooth/Wi-Fi failure,Fault occurred near warranty expiration boundary. Customer requests grace period evaluation.,Borderline Lifecycle,1,1,1,1,0,0,1,1,0,0,Manual Review
CLM-00471,PRD-00471,Consumer Electronics,ApexTech,VividTab 11 Max,SN-APE-3442040,2024-03-29,2144.48,National Appliance Depot,INV-2026-55591,2024-03-29,2027-03-14,36,905,175,1,2026-09-02,Bluetooth/Wi-Fi failure,Reported genuine hardware failure: Bluetooth/Wi-Fi failure under regular domestic usage.,Hardware Defect,1,1,1,1,0,0,1,1,0,0,Valid Claim
CLM-01186,PRD-01186,Home Appliances,FrostGuard,KitchenPro Convection 30L,SN-FRO-5280661,2024-09-27,1793.04,Official Brand Store,INV-2026-48528,2024-09-27,2026-09-17,24,723,0,0,2026-09-19,Thermostat failure,Fault occurred near warranty expiration boundary. Customer requests grace period evaluation.,Borderline Lifecycle,1,1,1,1,0,0,1,1,0,0,Manual Review
CLM-01084,PRD-01084,Consumer Electronics,ApexTech,VividTab 11 Max,SN-APE-5005908,2025-12-27,1742.67,Industrial Supply Direct,INV-2026-88606,2025-12-27,2027-12-17,24,267,453,0,2026-09-17,Screen flickering,Claim submitted without primary proof of purchase receipt. Customer submitted affidavit instead.,Incomplete Documentation,0,1,1,0,0,2,1,0,0,0,Manual Review
CLM-00238,PRD-00238,Home Appliances,KitchenPro,ThermaCold 320L,SN-KIT-7501626,2025-02-28,594.81,Industrial Supply Direct,INV-2025-34455,2025-02-28,2029-02-07,48,569,871,1,2026-09-04,Drum spin malfunction,Reported genuine hardware failure: Drum spin malfunction under regular domestic usage.,Hardware Defect,1,1,1,1,1,0,1,0,0,0,Valid Claim
CLM-00929,PRD-00929,Industrial & Automotive Tools,TitanPower,IronForge TwinPiston 100L,SN-TIT-4047980,2023-06-06,894.02,National Appliance Depot,INV-2025-79168,2023-06-06,2026-05-21,36,1202,0,0,2026-09-06,Armature burning,Failure: Armature burning. Note: product warranty expired 122 days ago.,Hardware Wear,1,1,1,1,0,0,1,2,0,0,Invalid Claim
CLM-00555,PRD-00555,Home Appliances,FrostGuard,AeroBreeze DualCool 2.0T,SN-FRO-1870370,2023-12-23,623.1,Prime Retail Express,INV-2026-40997,2023-12-23,2026-12-07,36,1002,78,0,2026-09-17,Thermostat failure,Device submitted does not match registered unit. Serial on invoice differs from backplate.,Serial Mismatch,1,0,1,1,0,1,0,0,0,0,Invalid Claim
CLM-00531,PRD-00531,Industrial & Automotive Tools,IronForge,TitanDrill 20V HD,SN-IRO-8224612,2025-11-30,280.06,Electronics Hub Metro,INV-2024-83660,2025-11-30,2027-11-20,24,294,426,0,2026-09-13,Gearbox seizure,Device submitted does not match registered unit. Serial on invoice differs from backplate.,Serial Mismatch,1,0,1,1,0,1,0,0,0,0,Invalid Claim
CLM-01298,PRD-01298,Home Appliances,ThermaPure,CleanCycle FrontLoad 8kg,SN-THE-6280588,2024-11-18,976.75,National Appliance Depot,INV-2025-68077,2024-11-18,2028-10-28,48,671,769,1,2026-09-06,Thermostat failure,Diagnostic report inconclusive regarding whether component failure was thermal surge or defect.,Ambiguous Diagnostic,1,1,1,1,1,0,1,1,0,0,Manual Review
CLM-00540,PRD-00540,Home Appliances,FrostGuard,CleanCycle FrontLoad 8kg,SN-FRO-5340101,2024-06-07,685.14,National Appliance Depot,INV-2026-65410,2024-06-07,2026-05-28,24,835,0,0,2026-09-07,Water pump leakage,Failure: Water pump leakage. Note: product warranty expired 115 days ago.,Hardware Wear,1,1,1,1,0,0,1,2,0,0,Invalid Claim
CLM-00210,PRD-00210,Home Appliances,KitchenPro,KitchenPro Grill 25L,SN-KIT-2071594,2025-03-16,719.72,Prime Retail Express,INV-2026-20101,2025-03-16,2028-02-29,36,553,527,0,2026-09-07,Compressor failure,Reported genuine hardware failure: Compressor failure under regular domestic usage.,Hardware Defect,1,1,1,1,0,0,1,1,0,0,Valid Claim
CLM-01043,PRD-01043,Consumer Electronics,ApexTech,NovaPhone 12 Pro,SN-APE-7500366,2025-08-07,2049.66,Official Brand Store,INV-2024-36233,2025-08-07,2028-07-22,36,409,671,1,2025-07-19,Screen flickering,Discrepancy detected: Claimed fault occurrence date predates registered purchase date.,Date Inconsistency,1,1,1,1,0,0,1,0,0,1,Manual Review
CLM-00276,PRD-00276,Consumer Electronics,VividDisplay,NovaWatch Ultra,SN-VIV-2808009,2025-12-30,1940.44,TechMegaStore Downtown,INV-2026-98098,2025-12-30,2026-12-25,12,264,96,0,2026-08-28,Unresponsive touch panel,Reported genuine hardware failure: Unresponsive touch panel under regular domestic usage.,Hardware Defect,1,1,1,1,0,0,1,0,0,0,Valid Claim
CLM-00865,PRD-00865,Consumer Electronics,NovaSound,NovaPad Pro 10,SN-NOV-4158231,2025-11-24,826.44,Electronics Hub Metro,INV-2024-48657,2025-11-24,2027-11-14,24,300,420,0,2026-09-17,Speaker malfunction,Device submitted does not match registered unit. Serial on invoice differs from backplate.,Serial Mismatch,1,0,1,1,0,1,0,0,0,0,Invalid Claim
CLM-00428,PRD-00428,Consumer Electronics,NovaSound,NovaWatch Ultra,SN-NOV-1598917,2026-06-18,643.11,Official Brand Store,INV-2026-41258,2026-06-18,2028-06-07,24,94,626,0,2026-09-01,Bluetooth/Wi-Fi failure,Reported genuine hardware failure: Bluetooth/Wi-Fi failure under regular domestic usage.,Hardware Defect,1,1,1,1,0,0,1,1,0,0,Valid Claim
CLM-00860,PRD-00860,Consumer Electronics,PixelCraft,VividTab 11 Max,SN-PIX-5655311,2026-02-10,2460.83,Electronics Hub Metro,INV-2026-90478,2026-02-10,2027-02-05,12,222,138,0,2026-09-06,Motherboard failure,Unit previously opened and tampered with at non-authorized workshop (Joe's Unofficial Fix Shop).,Tampering,1,1,1,1,1,0,1,3,1,0,Invalid Claim
CLM-00997,PRD-00997,Consumer Electronics,NovaSound,QuantumBook Ultra 15,SN-NOV-1099012,2026-07-24,1075.79,Prime Retail Express,INV-2024-60793,2026-07-24,2027-07-19,12,58,302,0,2026-08-31,Power surge overvoltage,Physical inspection reveals clear Power surge overvoltage violating warranty coverage terms.,Customer Induced Damage,1,1,1,1,0,0,1,0,0,0,Invalid Claim
CLM-00293,PRD-00293,Home Appliances,FrostGuard,KitchenPro Grill 25L,SN-FRO-8952193,2024-12-19,549.12,Electronics Hub Metro,INV-2024-61248,2024-12-19,2028-11-28,48,640,800,1,2026-08-28,Water pump leakage,Reported genuine hardware failure: Water pump leakage under regular domestic usage.,Hardware Defect,1,1,1,1,0,0,1,0,0,0,Valid Claim
CLM-00541,PRD-00541,Home Appliances,FrostGuard,FrostGuard 450L Smart,SN-FRO-8528555,2024-05-09,775.74,Official Brand Store,INV-2024-69394,2024-05-09,2027-04-24,36,864,216,0,2026-08-31,Third-party modifications,Physical inspection reveals clear Third-party modifications violating warranty coverage terms.,Customer Induced Damage,1,1,1,1,0,0,1,0,0,0,Invalid Claim
CLM-00017,PRD-00017,Home Appliances,ThermaPure,AeroBreeze DualCool 2.0T,SN-THE-8096887,2025-07-29,1413.55,Official Brand Store,INV-2026-96752,2025-07-29,2029-07-08,48,418,1022,1,2026-09-09,Motor burnout,Reported genuine hardware failure: Motor burnout under regular domestic usage.,Hardware Defect,1,1,1,1,0,0,1,1,0,0,Valid Claim
CLM-00439,PRD-00439,Home Appliances,AeroBreeze,CleanCycle FrontLoad 8kg,SN-AER-7922203,2026-06-27,1690.82,Industrial Supply Direct,INV-2024-19637,2026-06-27,2029-06-11,36,85,995,0,2026-09-05,Motor burnout,Reported genuine hardware failure: Motor burnout under regular domestic usage.,Hardware Defect,1,1,1,1,1,0,1,1,0,0,Valid Claim
CLM-01005,PRD-01005,Home Appliances,FrostGuard,ThermaCold 320L,SN-FRO-2096542,2026-01-16,436.2,TechMegaStore Downtown,INV-2024-53451,2026-01-16,2028-01-06,24,247,473,0,2026-01-07,Motor burnout,Discrepancy detected: Claimed fault occurrence date predates registered purchase date.,Date Inconsistency,1,1,1,1,0,0,1,0,0,1,Manual Review
CLM-01484,PRD-01484,Consumer Electronics,NovaSound,PixelSlate 12,SN-NOV-6983124,2026-04-12,1975.47,National Appliance Depot,INV-2025-79327,2026-04-12,2029-03-27,36,161,919,1,2026-09-13,Unresponsive touch panel,Diagnostic report inconclusive regarding whether component failure was thermal surge or defect.,Ambiguous Diagnostic,1,1,1,1,1,0,1,2,0,0,Manual Review
CLM-00003,PRD-00003,Consumer Electronics,ApexTech,ApexBook Air 14,SN-APE-7022674,2024-01-20,2148.24,Prime Retail Express,INV-2025-15695,2024-01-20,2027-01-04,36,974,106,1,2026-09-06,Screen flickering,Reported genuine hardware failure: Screen flickering under regular domestic usage.,Hardware Defect,1,1,1,1,0,0,1,1,0,0,Valid Claim
CLM-01120,PRD-01120,Consumer Electronics,VividDisplay,PixelSlate 12,SN-VIV-7258302,2025-09-15,974.51,TechMegaStore Downtown,INV-2025-75677,2025-09-15,2027-09-05,24,370,350,1,2026-09-10,Battery failure to charge,Claim submitted without primary proof of purchase receipt. Customer submitted affidavit instead.,Incomplete Documentation,0,1,1,0,0,2,1,0,0,0,Manual Review
CLM-01148,PRD-01148,Consumer Electronics,PixelCraft,PixelSlate 12,SN-PIX-6204580,2025-11-26,1915.73,TechMegaStore Downtown,INV-2024-84338,2025-11-26,2027-11-16,24,298,422,1,2025-11-14,Bluetooth/Wi-Fi failure,Discrepancy detected: Claimed fault occurrence date predates registered purchase date.,Date Inconsistency,1,1,1,1,0,0,1,0,0,1,Manual Review
CLM-01371,PRD-01371,Industrial & Automotive Tools,TitanPower,TitanAir 50L Heavy Duty,SN-TIT-5423659,2026-02-26,434.13,Official Brand Store,INV-2026-46163,2026-02-26,2028-02-16,24,206,514,0,2026-09-16,Trigger switch failure,Diagnostic report inconclusive regarding whether component failure was thermal surge or defect.,Ambiguous Diagnostic,1,1,1,1,1,0,1,1,0,0,Manual Review
CLM-00387,PRD-00387,Industrial & Automotive Tools,MegaWrench,TorqueMaster Brushless 18V,SN-MEG-5818203,2023-03-12,640.11,National Appliance Depot,INV-2025-78864,2023-03-12,2027-02-19,48,1288,152,1,2026-08-31,Chuck bearing breakdown,Reported genuine hardware failure: Chuck bearing breakdown under regular domestic usage.,Hardware Defect,1,1,1,1,0,0,1,1,0,0,Valid Claim
CLM-00077,PRD-00077,Consumer Electronics,VividDisplay,ApexFit Chrono 3,SN-VIV-8031780,2026-01-25,1549.88,Official Brand Store,INV-2024-64379,2026-01-25,2027-01-20,12,238,122,0,2026-09-10,Screen flickering,Reported genuine hardware failure: Screen flickering under regular domestic usage.,Hardware Defect,1,1,1,1,0,0,1,0,0,0,Valid Claim
CLM-00255,PRD-00255,Home Appliances,ThermaPure,AeroBreeze DualCool 2.0T,SN-THE-5933359,2026-02-03,1041.02,TechMegaStore Downtown,INV-2025-17035,2026-02-03,2028-01-24,24,229,491,0,2026-09-02,Compressor failure,Reported genuine hardware failure: Compressor failure under regular domestic usage.,Hardware Defect,1,1,1,1,0,0,1,0,0,0,Valid Claim
CLM-00765,PRD-00765,Industrial & Automotive Tools,ApexIndustrial,TitanPressure 3000PSI Commercial,SN-APE-8001036,2024-11-02,1236.06,National Appliance Depot,INV-2025-34978,2024-11-02,2026-10-23,24,687,33,0,2026-09-16,Chuck bearing breakdown,Unit previously opened and tampered with at non-authorized workshop (Corner Hardware & Mobile Repairs).,Tampering,1,1,1,1,1,0,1,3,1,0,Invalid Claim
CLM-01419,PRD-01419,Industrial & Automotive Tools,TitanPower,IronGrind 9-inch Industrial,SN-TIT-3908113,2026-01-26,281.42,Industrial Supply Direct,INV-2024-72774,2026-01-26,2029-01-10,36,237,843,0,2026-01-12,Chuck bearing breakdown,Discrepancy detected: Claimed fault occurrence date predates registered purchase date.,Date Inconsistency,1,1,1,1,0,0,1,0,0,1,Manual Review
CLM-00544,PRD-00544,Home Appliances,KitchenPro,FrostGuard Side-by-Side 600L,SN-KIT-7757085,2023-11-05,1240.18,Prime Retail Express,INV-2025-44562,2023-11-05,2026-10-20,36,1050,30,0,2026-09-11,Water pump leakage,Device submitted does not match registered unit. Serial on invoice differs from backplate.,Serial Mismatch,1,0,1,1,0,1,0,0,0,0,Invalid Claim
CLM-00839,PRD-00839,Industrial & Automotive Tools,MegaWrench,IronGrind 9-inch Industrial,SN-MEG-6237674,2025-04-09,1051.49,Industrial Supply Direct,INV-2026-13071,2025-04-09,2028-03-24,36,529,551,0,2026-09-14,Armature burning,Unit previously opened and tampered with at non-authorized workshop (Joe's Unofficial Fix Shop).,Tampering,1,1,1,1,1,0,1,3,1,0,Invalid Claim
CLM-01483,PRD-01483,Consumer Electronics,ApexTech,ApexBook Air 14,SN-APE-9876707,2025-12-22,2157.86,TechMegaStore Downtown,INV-2025-50437,2025-12-22,2026-12-17,12,272,88,0,2026-09-14,Battery failure to charge,Diagnostic report inconclusive regarding whether component failure was thermal surge or defect.,Ambiguous Diagnostic,1,1,1,1,1,0,1,2,0,0,Manual Review
CLM-01301,PRD-01301,Consumer Electronics,VividDisplay,NovaPhone 12 Pro,SN-VIV-4037413,2026-03-27,2414.54,Industrial Supply Direct,INV-2025-72700,2026-03-27,2028-03-16,24,177,543,0,2026-09-06,Battery failure to charge,Diagnostic report inconclusive regarding whether component failure was thermal surge or defect.,Ambiguous Diagnostic,1,1,1,1,1,0,1,1,0,0,Manual Review
CLM-01097,PRD-01097,Industrial & Automotive Tools,ApexIndustrial,TorqueGrinder 1500W,SN-APE-6025077,2024-06-09,578.67,National Appliance Depot,INV-2025-36044,2024-06-09,2027-05-25,36,833,247,1,2026-09-08,Hydraulic pressure seal failure,Diagnostic report inconclusive regarding whether component failure was thermal surge or defect.,Ambiguous Diagnostic,1,1,1,1,1,0,1,2,0,0,Manual Review
CLM-00686,PRD-00686,Home Appliances,KitchenPro,AeroBreeze Inverter 1.5T,SN-KIT-7634775,2024-01-31,548.03,Electronics Hub Metro,INV-2026-66872,2024-01-31,2027-01-15,36,963,117,0,2026-09-03,Commercial heavy utilization,Physical inspection reveals clear Commercial heavy utilization violating warranty coverage terms.,Customer Induced Damage,1,1,1,1,0,0,1,0,0,0,Invalid Claim
CLM-00420,PRD-00420,Consumer Electronics,ApexTech,ApexBook Air 14,SN-APE-9812472,2026-02-05,437.99,Industrial Supply Direct,INV-2025-38759,2026-02-05,2028-01-26,24,227,493,0,2026-09-17,Screen flickering,Reported genuine hardware failure: Screen flickering under regular domestic usage.,Hardware Defect,1,1,1,1,0,0,1,0,0,0,Valid Claim
CLM-01300,PRD-01300,Industrial & Automotive Tools,TitanPower,MegaWash Pro 2500PSI,SN-TIT-7652004,2023-10-02,876.52,Prime Retail Express,INV-2026-55485,2023-10-02,2026-09-16,36,1084,0,1,2026-09-18,Hydraulic pressure seal failure,Fault occurred near warranty expiration boundary. Customer requests grace period evaluation.,Borderline Lifecycle,1,1,1,1,0,0,1,1,0,0,Manual Review
CLM-00663,PRD-00663,Consumer Electronics,QuantumCompute,VividTab 11 Max,SN-QUA-9313242,2025-06-23,1070.92,National Appliance Depot,INV-2024-54296,2025-06-23,2026-06-18,12,454,0,0,2026-09-06,Speaker malfunction,Failure: Speaker malfunction. Note: product warranty expired 94 days ago.,Hardware Wear,1,1,1,1,0,0,1,1,0,0,Invalid Claim
CLM-00946,PRD-00946,Industrial & Automotive Tools,TorqueMaster,TorqueGrinder 1500W,SN-TOR-8603326,2025-08-11,863.51,Prime Retail Express,INV-2025-25442,2025-08-11,2028-07-26,36,405,675,0,2026-09-15,Gearbox seizure,Unit previously opened and tampered with at non-authorized workshop (Joe's Unofficial Fix Shop).,Tampering,1,1,1,1,1,0,1,2,1,0,Invalid Claim
CLM-01277,PRD-01277,Consumer Electronics,ApexTech,NovaWatch Ultra,SN-APE-2493555,2025-09-20,1143.71,Electronics Hub Metro,INV-2026-97209,2025-09-20,2026-09-15,12,365,0,0,2026-09-19,Motherboard failure,Fault occurred near warranty expiration boundary. Customer requests grace period evaluation.,Borderline Lifecycle,1,1,1,1,0,0,1,1,0,0,Manual Review
CLM-00215,PRD-00215,Industrial & Automotive Tools,TitanPower,TorqueMaster Brushless 18V,SN-TIT-7312844,2025-06-18,1125.36,Official Brand Store,INV-2025-23624,2025-06-18,2028-06-02,36,459,621,1,2026-09-03,Armature burning,Reported genuine hardware failure: Armature burning under regular domestic usage.,Hardware Defect,1,1,1,1,0,0,1,0,0,0,Valid Claim
CLM-00072,PRD-00072,Industrial & Automotive Tools,TorqueMaster,IronForge TwinPiston 100L,SN-TOR-2630140,2023-05-23,1187.91,Official Brand Store,INV-2024-50492,2023-05-23,2027-05-02,48,1216,224,1,2026-09-07,Hydraulic pressure seal failure,Reported genuine hardware failure: Hydraulic pressure seal failure under regular domestic usage.,Hardware Defect,1,1,1,1,1,0,1,0,0,0,Valid Claim
CLM-00157,PRD-00157,Industrial & Automotive Tools,ApexIndustrial,TorqueGrinder 1500W,SN-APE-7849452,2025-05-17,320.6,Industrial Supply Direct,INV-2024-80507,2025-05-17,2029-04-26,48,491,949,1,2026-09-09,Hydraulic pressure seal failure,Reported genuine hardware failure: Hydraulic pressure seal failure under regular domestic usage.,Hardware Defect,1,1,1,1,0,0,1,0,0,0,Valid Claim
CLM-00845,PRD-00845,Consumer Electronics,QuantumCompute,NovaWatch Ultra,SN-QUA-3135445,2025-12-30,1939.84,Electronics Hub Metro,INV-2026-25922,2025-12-30,2026-12-25,12,264,96,0,2026-09-15,Liquid ingress damage,Physical inspection reveals clear Liquid ingress damage violating warranty coverage terms.,Customer Induced Damage,1,1,1,1,0,0,1,0,0,0,Invalid Claim
CLM-00141,PRD-00141,Industrial & Automotive Tools,MegaWrench,TitanAir 50L Heavy Duty,SN-MEG-3649811,2025-09-27,616.94,Industrial Supply Direct,INV-2025-95267,2025-09-27,2027-09-17,24,358,362,0,2026-09-09,Armature burning,Reported genuine hardware failure: Armature burning under regular domestic usage.,Hardware Defect,1,1,1,1,0,0,1,0,0,0,Valid Claim
CLM-00526,PRD-00526,Industrial & Automotive Tools,ApexIndustrial,TorqueGrinder 1500W,SN-APE-5878387,2024-08-10,191.57,Industrial Supply Direct,INV-2025-77286,2024-08-10,2027-07-26,36,771,309,0,2026-09-17,Abnormal overload beyond specified torque limits,Physical inspection reveals clear Abnormal overload beyond specified torque limits violating warranty coverage terms.,Customer Induced Damage,1,1,1,1,0,0,1,0,0,0,Invalid Claim
CLM-00523,PRD-00523,Consumer Electronics,ApexTech,NovaPhone 12 Pro,SN-APE-4201127,2025-12-08,456.4,TechMegaStore Downtown,INV-2026-34670,2025-12-08,2026-12-03,12,286,74,0,2026-09-14,Rooted firmware malfunction,Physical inspection reveals clear Rooted firmware malfunction violating warranty coverage terms.,Customer Induced Damage,1,1,1,1,0,0,1,0,0,0,Invalid Claim
CLM-00774,PRD-00774,Consumer Electronics,ApexTech,ApexFit Chrono 3,SN-APE-2420343,2025-11-18,324.79,Official Brand Store,INV-2024-53710,2025-11-18,2026-11-13,12,306,54,0,2026-09-06,Battery failure to charge,Unit previously opened and tampered with at non-authorized workshop (Local QuickFix Electronics).,Tampering,1,1,1,1,1,0,1,1,1,0,Invalid Claim
CLM-00169,PRD-00169,Industrial & Automotive Tools,IronForge,TitanDrill 20V HD,SN-IRO-1262699,2026-03-08,1254.69,Prime Retail Express,INV-2024-62205,2026-03-08,2028-02-26,24,196,524,0,2026-08-31,Hydraulic pressure seal failure,Reported genuine hardware failure: Hydraulic pressure seal failure under regular domestic usage.,Hardware Defect,1,1,1,1,0,0,1,0,0,0,Valid Claim
CLM-01068,PRD-01068,Industrial & Automotive Tools,ApexIndustrial,TitanPressure 3000PSI Commercial,SN-APE-2121034,2022-10-09,1265.5,Official Brand Store,INV-2024-86299,2022-10-09,2026-09-18,48,1442,0,1,2026-09-18,Hydraulic pressure seal failure,Fault occurred near warranty expiration boundary. Customer requests grace period evaluation.,Borderline Lifecycle,1,1,1,1,0,0,1,1,0,0,Manual Review
CLM-00363,PRD-00363,Industrial & Automotive Tools,TitanPower,TitanAir 50L Heavy Duty,SN-TIT-5467052,2024-10-03,1042.29,National Appliance Depot,INV-2026-85499,2024-10-03,2027-09-18,36,717,363,1,2026-09-05,Chuck bearing breakdown,Reported genuine hardware failure: Chuck bearing breakdown under regular domestic usage.,Hardware Defect,1,1,1,1,0,0,1,0,0,0,Valid Claim
CLM-00605,PRD-00605,Consumer Electronics,ApexTech,QuantumBook Ultra 15,SN-APE-5584412,2025-12-28,552.04,National Appliance Depot,INV-2024-38399,2025-12-28,2026-12-23,12,266,94,0,2026-09-17,Rooted firmware malfunction,Physical inspection reveals clear Rooted firmware malfunction violating warranty coverage terms.,Customer Induced Damage,1,1,1,1,0,0,1,0,0,0,Invalid Claim
CLM-00511,PRD-00511,Home Appliances,AeroBreeze,KitchenPro Convection 30L,SN-AER-3074573,2024-12-23,858.37,Electronics Hub Metro,INV-2025-33678,2024-12-23,2026-12-13,24,636,84,0,2026-09-07,Electronic PCB failure,Unit previously opened and tampered with at non-authorized workshop (Downtown Third-Party Repair Stall).,Tampering,1,1,1,1,1,0,1,3,1,0,Invalid Claim
CLM-01476,PRD-01476,Industrial & Automotive Tools,MegaWrench,TitanPressure 3000PSI Commercial,SN-MEG-7725470,2026-04-14,1090.28,National Appliance Depot,INV-2024-49437,2026-04-14,2028-04-03,24,159,561,0,2026-09-17,Gearbox seizure,Claim submitted without primary proof of purchase receipt. Customer submitted affidavit instead.,Incomplete Documentation,0,1,1,0,0,2,1,0,0,0,Manual Review
CLM-00010,PRD-00010,Home Appliances,KitchenPro,ThermaWash Eco,SN-KIT-1009594,2025-12-19,1257.31,Industrial Supply Direct,INV-2024-24662,2025-12-19,2028-12-03,36,275,805,0,2026-09-17,Motor burnout,Reported genuine hardware failure: Motor burnout under regular domestic usage.,Hardware Defect,1,1,1,1,0,0,1,0,0,0,Valid Claim
CLM-00840,PRD-00840,Industrial & Automotive Tools,IronForge,TorqueGrinder 1500W,SN-IRO-8206394,2024-01-05,256.02,Industrial Supply Direct,INV-2026-46511,2024-01-05,2026-12-20,36,989,91,0,2026-09-06,Trigger switch failure,Unit previously opened and tampered with at non-authorized workshop (Downtown Third-Party Repair Stall).,Tampering,1,1,1,1,1,0,1,2,1,0,Invalid Claim
CLM-00775,PRD-00775,Industrial & Automotive Tools,TorqueMaster,IronForge Impact 24V,SN-TOR-9661473,2025-10-07,314.77,Official Brand Store,INV-2025-27878,2025-10-07,2027-09-27,24,348,372,0,2026-09-09,Abnormal overload beyond specified torque limits,Physical inspection reveals clear Abnormal overload beyond specified torque limits violating warranty coverage terms.,Customer Induced Damage,1,1,1,1,0,0,1,0,0,0,Invalid Claim
CLM-01332,PRD-01332,Consumer Electronics,NovaSound,NovaPad Pro 10,SN-NOV-9440595,2023-10-05,573.8,Prime Retail Express,INV-2026-53004,2023-10-05,2026-09-19,36,1081,0,1,2026-09-16,Unresponsive touch panel,Fault occurred near warranty expiration boundary. Customer requests grace period evaluation.,Borderline Lifecycle,1,1,1,1,0,0,1,1,0,0,Manual Review
CLM-00864,PRD-00864,Home Appliances,AeroBreeze,ThermaCold 320L,SN-AER-6163730,2023-06-11,1638.69,Official Brand Store,INV-2024-27397,2023-06-11,2026-05-26,36,1197,0,0,2026-09-06,Motor burnout,Failure: Motor burnout. Note: product warranty expired 117 days ago.,Hardware Wear,1,1,1,1,0,0,1,1,0,0,Invalid Claim
CLM-01218,PRD-01218,Consumer Electronics,VividDisplay,PixelSlate 12,SN-VIV-9593384,2024-11-08,1472.14,TechMegaStore Downtown,INV-2026-21011,2024-11-08,2026-10-29,24,681,39,0,2026-09-10,Unresponsive touch panel,Diagnostic report inconclusive regarding whether component failure was thermal surge or defect.,Ambiguous Diagnostic,1,1,1,1,1,0,1,2,0,0,Manual Review
CLM-01449,PRD-01449,Consumer Electronics,VividDisplay,ApexBook Air 14,SN-VIV-9579227,2025-11-10,1723.32,TechMegaStore Downtown,INV-2026-58822,2025-11-10,2026-11-05,12,314,46,0,2026-09-11,Speaker malfunction,Diagnostic report inconclusive regarding whether component failure was thermal surge or defect.,Ambiguous Diagnostic,1,1,1,1,1,0,1,2,0,0,Manual Review
CLM-00325,PRD-00325,Consumer Electronics,NovaSound,NovaPad Pro 10,SN-NOV-8670476,2026-08-09,2444.97,Official Brand Store,INV-2026-70302,2026-08-09,2029-07-24,36,42,1038,1,2026-08-28,Motherboard failure,Reported genuine hardware failure: Motherboard failure under regular domestic usage.,Hardware Defect,1,1,1,1,0,0,1,0,0,0,Valid Claim
CLM-00058,PRD-00058,Consumer Electronics,QuantumCompute,ApexFit Chrono 3,SN-QUA-6591986,2025-10-30,937.43,TechMegaStore Downtown,INV-2024-53228,2025-10-30,2027-10-20,24,325,395,0,2026-08-28,Speaker malfunction,Reported genuine hardware failure: Speaker malfunction under regular domestic usage.,Hardware Defect,1,1,1,1,0,0,1,1,0,0,Valid Claim
CLM-00936,PRD-00936,Home Appliances,CleanCycle,AeroBreeze Inverter 1.5T,SN-CLE-6044815,2026-08-05,665.97,Official Brand Store,INV-2024-95253,2026-08-05,2029-07-20,36,46,1034,0,2026-09-14,Water pump leakage,Device submitted does not match registered unit. Serial on invoice differs from backplate.,Serial Mismatch,1,0,1,1,0,1,0,0,0,0,Invalid Claim
CLM-00373,PRD-00373,Consumer Electronics,ApexTech,VividTab 11 Max,SN-APE-6346688,2026-03-19,2223.3,Industrial Supply Direct,INV-2025-49760,2026-03-19,2028-03-08,24,185,535,0,2026-09-12,Screen flickering,Reported genuine hardware failure: Screen flickering under regular domestic usage.,Hardware Defect,1,1,1,1,1,0,1,0,0,0,Valid Claim
CLM-00996,PRD-00996,Industrial & Automotive Tools,TorqueMaster,MegaWash Pro 2500PSI,SN-TOR-6327664,2025-09-16,214.22,Official Brand Store,INV-2024-63729,2025-09-16,2027-09-06,24,369,351,0,2026-09-07,Abnormal overload beyond specified torque limits,Physical inspection reveals clear Abnormal overload beyond specified torque limits violating warranty coverage terms.,Customer Induced Damage,1,1,1,1,0,0,1,0,0,0,Invalid Claim
CLM-00966,PRD-00966,Consumer Electronics,VividDisplay,NovaWatch Ultra,SN-VIV-2379281,2026-03-24,943.82,Electronics Hub Metro,INV-2025-15344,2026-03-24,2027-03-19,12,180,180,0,2026-09-18,Cosmetic casing cracks,Physical inspection reveals clear Cosmetic casing cracks violating warranty coverage terms.,Customer Induced Damage,1,1,1,1,0,0,1,0,0,0,Invalid Claim
CLM-00492,PRD-00492,Consumer Electronics,NovaSound,NovaPhone 12 Lite,SN-NOV-1488919,2025-04-11,793.31,National Appliance Depot,INV-2026-82182,2025-04-11,2027-04-01,24,527,193,1,2026-09-18,Screen flickering,Reported genuine hardware failure: Screen flickering under regular domestic usage.,Hardware Defect,1,1,1,1,0,0,1,0,0,0,Valid Claim
CLM-01041,PRD-01041,Home Appliances,ThermaPure,ThermaCold 320L,SN-THE-9542096,2025-11-12,1736.73,Electronics Hub Metro,INV-2025-37889,2025-11-12,2028-10-27,36,312,768,1,2025-10-27,Electronic PCB failure,Discrepancy detected: Claimed fault occurrence date predates registered purchase date.,Date Inconsistency,1,1,1,1,0,0,1,0,0,1,Manual Review
CLM-00275,PRD-00275,Home Appliances,FrostGuard,ThermaAir Silent,SN-FRO-1768029,2024-12-04,1734.0,Industrial Supply Direct,INV-2024-63636,2024-12-04,2026-11-24,24,655,65,0,2026-09-12,Motor burnout,Reported genuine hardware failure: Motor burnout under regular domestic usage.,Hardware Defect,1,1,1,1,1,0,1,0,0,0,Valid Claim
CLM-01352,PRD-01352,Industrial & Automotive Tools,MegaWrench,TorqueMaster Brushless 18V,SN-MEG-8188586,2025-11-15,1233.34,Prime Retail Express,INV-2024-19658,2025-11-15,2028-10-30,36,309,771,0,2026-09-18,Hydraulic pressure seal failure,Diagnostic report inconclusive regarding whether component failure was thermal surge or defect.,Ambiguous Diagnostic,1,1,1,1,1,0,1,2,0,0,Manual Review
CLM-01488,PRD-01488,Consumer Electronics,QuantumCompute,ApexFit Chrono 3,SN-QUA-6481363,2023-10-01,2111.98,Electronics Hub Metro,INV-2025-39678,2023-10-01,2026-09-15,36,1085,0,1,2026-09-19,Battery failure to charge,Fault occurred near warranty expiration boundary. Customer requests grace period evaluation.,Borderline Lifecycle,1,1,1,1,0,0,1,1,0,0,Manual Review
CLM-01257,PRD-01257,Home Appliances,CleanCycle,ThermaCold 320L,SN-CLE-9804957,2023-04-18,523.98,National Appliance Depot,INV-2024-85553,2023-04-18,2027-03-28,48,1251,189,1,2026-09-14,Drum spin malfunction,Claim submitted without primary proof of purchase receipt. Customer submitted affidavit instead.,Incomplete Documentation,0,1,1,0,0,2,1,0,0,0,Manual Review
CLM-01391,PRD-01391,Industrial & Automotive Tools,ApexIndustrial,TitanDrill 20V HD,SN-APE-9876600,2026-04-19,1076.04,Official Brand Store,INV-2024-74798,2026-04-19,2029-04-03,36,154,926,1,2026-09-15,Chuck bearing breakdown,Claim submitted without primary proof of purchase receipt. Customer submitted affidavit instead.,Incomplete Documentation,0,1,1,0,0,2,1,0,0,0,Manual Review
CLM-00805,PRD-00805,Consumer Electronics,NovaSound,ApexFit Chrono 3,SN-NOV-3212456,2025-11-07,2286.74,National Appliance Depot,INV-2026-45965,2025-11-07,2026-11-02,12,317,43,0,2026-09-09,Third-party unauthorized disassembly,Physical inspection reveals clear Third-party unauthorized disassembly violating warranty coverage terms.,Customer Induced Damage,1,1,1,1,0,0,1,0,0,0,Invalid Claim
CLM-01440,PRD-01440,Home Appliances,FrostGuard,CleanCycle FrontLoad 8kg,SN-FRO-7302872,2024-02-03,580.84,Official Brand Store,INV-2025-99797,2024-02-03,2027-01-18,36,960,120,0,2026-09-15,Water pump leakage,Claim submitted without primary proof of purchase receipt. Customer submitted affidavit instead.,Incomplete Documentation,0,1,1,0,0,2,1,0,0,0,Manual Review
CLM-00595,PRD-00595,Consumer Electronics,PixelCraft,NovaPhone 12 Pro,SN-PIX-9197571,2025-12-16,260.73,Electronics Hub Metro,INV-2024-60579,2025-12-16,2027-12-06,24,278,442,0,2026-09-09,Rooted firmware malfunction,Physical inspection reveals clear Rooted firmware malfunction violating warranty coverage terms.,Customer Induced Damage,1,1,1,1,0,0,1,0,0,0,Invalid Claim
CLM-00778,PRD-00778,Consumer Electronics,NovaSound,ApexBook Pro 16,SN-NOV-5037972,2025-12-19,591.78,Official Brand Store,INV-2026-81654,2025-12-19,2026-12-14,12,275,85,0,2026-09-14,Battery failure to charge,Device submitted does not match registered unit. Serial on invoice differs from backplate.,Serial Mismatch,1,0,1,1,0,1,0,0,0,0,Invalid Claim
CLM-00208,PRD-00208,Industrial & Automotive Tools,TorqueMaster,TitanAir 50L Heavy Duty,SN-TOR-2446410,2026-02-23,1212.32,TechMegaStore Downtown,INV-2025-90254,2026-02-23,2028-02-13,24,209,511,0,2026-09-15,Armature burning,Reported genuine hardware failure: Armature burning under regular domestic usage.,Hardware Defect,1,1,1,1,0,0,1,1,0,0,Valid Claim
CLM-00237,PRD-00237,Industrial & Automotive Tools,TitanPower,IronGrind 9-inch Industrial,SN-TIT-1431773,2024-11-28,387.0,Official Brand Store,INV-2025-20739,2024-11-28,2028-11-07,48,661,779,1,2026-09-06,Chuck bearing breakdown,Reported genuine hardware failure: Chuck bearing breakdown under regular domestic usage.,Hardware Defect,1,1,1,1,0,0,1,1,0,0,Valid Claim
CLM-00711,PRD-00711,Home Appliances,FrostGuard,FrostGuard Side-by-Side 600L,SN-FRO-8630409,2025-07-26,800.95,National Appliance Depot,INV-2024-18934,2025-07-26,2028-07-10,36,421,659,0,2026-09-16,Compressor failure,Unit previously opened and tampered with at non-authorized workshop (Downtown Third-Party Repair Stall).,Tampering,1,1,1,1,1,0,1,3,1,0,Invalid Claim
CLM-00732,PRD-00732,Consumer Electronics,VividDisplay,NovaPhone 12 Lite,SN-VIV-4129876,2026-04-10,750.36,Electronics Hub Metro,INV-2025-35405,2026-04-10,2027-04-05,12,163,197,0,2026-09-18,Battery failure to charge,Device submitted does not match registered unit. Serial on invoice differs from backplate.,Serial Mismatch,1,0,1,1,0,1,0,0,0,0,Invalid Claim
CLM-00381,PRD-00381,Industrial & Automotive Tools,ApexIndustrial,IronGrind 9-inch Industrial,SN-APE-7385526,2024-03-15,199.49,Electronics Hub Metro,INV-2025-84120,2024-03-15,2027-02-28,36,919,161,1,2026-09-14,Hydraulic pressure seal failure,Reported genuine hardware failure: Hydraulic pressure seal failure under regular domestic usage.,Hardware Defect,1,1,1,1,0,0,1,0,0,0,Valid Claim
CLM-01460,PRD-01460,Home Appliances,FrostGuard,FrostGuard 450L Smart,SN-FRO-4185522,2023-10-01,547.08,Prime Retail Express,INV-2024-36361,2023-10-01,2026-09-15,36,1085,0,1,2026-09-18,Thermostat failure,Fault occurred near warranty expiration boundary. Customer requests grace period evaluation.,Borderline Lifecycle,1,1,1,1,0,0,1,1,0,0,Manual Review
CLM-00999,PRD-00999,Home Appliances,CleanCycle,KitchenPro Convection 30L,SN-CLE-7042065,2024-01-31,657.14,National Appliance Depot,INV-2026-32852,2024-01-31,2027-01-15,36,963,117,0,2026-09-15,Thermostat failure,Unit previously opened and tampered with at non-authorized workshop (Local QuickFix Electronics).,Tampering,1,1,1,1,1,0,1,2,1,0,Invalid Claim
CLM-01198,PRD-01198,Industrial & Automotive Tools,ApexIndustrial,MegaWash Pro 2500PSI,SN-APE-5463386,2024-11-04,256.52,Prime Retail Express,INV-2025-85092,2024-11-04,2027-10-20,36,685,395,0,2026-09-17,Hydraulic pressure seal failure,Diagnostic report inconclusive regarding whether component failure was thermal surge or defect.,Ambiguous Diagnostic,1,1,1,1,1,0,1,1,0,0,Manual Review
CLM-00491,PRD-00491,Industrial & Automotive Tools,TorqueMaster,IronForge TwinPiston 100L,SN-TOR-2905196,2025-01-25,321.46,TechMegaStore Downtown,INV-2024-50703,2025-01-25,2028-01-10,36,603,477,0,2026-09-05,Chuck bearing breakdown,Reported genuine hardware failure: Chuck bearing breakdown under regular domestic usage.,Hardware Defect,1,1,1,1,0,0,1,0,0,0,Valid Claim
CLM-00770,PRD-00770,Home Appliances,KitchenPro,AeroBreeze Inverter 1.5T,SN-KIT-8311783,2026-03-06,1385.28,National Appliance Depot,INV-2026-28242,2026-03-06,2028-02-24,24,198,522,0,2026-09-11,Electronic PCB failure,Unit previously opened and tampered with at non-authorized workshop (Downtown Third-Party Repair Stall).,Tampering,1,1,1,1,1,0,1,2,1,0,Invalid Claim
CLM-00791,PRD-00791,Industrial & Automotive Tools,MegaWrench,TitanPressure 3000PSI Commercial,SN-MEG-1950399,2023-09-08,776.83,TechMegaStore Downtown,INV-2026-71732,2023-09-08,2026-08-23,36,1108,0,0,2026-09-05,Chuck bearing breakdown,Failure: Chuck bearing breakdown. Note: product warranty expired 28 days ago.,Hardware Wear,1,1,1,1,0,0,1,1,0,0,Invalid Claim
CLM-00685,PRD-00685,Industrial & Automotive Tools,IronForge,MegaWash Pro 2500PSI,SN-IRO-1262370,2024-04-27,767.0,Prime Retail Express,INV-2024-60067,2024-04-27,2027-04-12,36,876,204,0,2026-09-04,"Normal consumable wear (brushes, chuck teeth)","Physical inspection reveals clear Normal consumable wear (brushes, chuck teeth) violating warranty coverage terms.",Customer Induced Damage,1,1,1,1,0,0,1,0,0,0,Invalid Claim
CLM-01333,PRD-01333,Industrial & Automotive Tools,IronForge,TitanAir 50L Heavy Duty,SN-IRO-8593770,2023-10-02,425.43,Electronics Hub Metro,INV-2025-19501,2023-10-02,2026-09-16,36,1084,0,0,2026-09-19,Armature burning,Fault occurred near warranty expiration boundary. Customer requests grace period evaluation.,Borderline Lifecycle,1,1,1,1,0,0,1,1,0,0,Manual Review
CLM-00177,PRD-00177,Industrial & Automotive Tools,IronForge,IronForge TwinPiston 100L,SN-IRO-4369728,2023-12-05,699.86,Electronics Hub Metro,INV-2025-51830,2023-12-05,2026-11-19,36,1020,60,0,2026-08-31,Hydraulic pressure seal failure,Reported genuine hardware failure: Hydraulic pressure seal failure under regular domestic usage.,Hardware Defect,1,1,1,1,0,0,1,0,0,0,Valid Claim
CLM-00505,PRD-00505,Home Appliances,FrostGuard,KitchenPro Convection 30L,SN-FRO-8866528,2025-06-14,512.13,National Appliance Depot,INV-2026-62108,2025-06-14,2027-06-04,24,463,257,0,2026-09-14,Compressor failure,Device submitted does not match registered unit. Serial on invoice differs from backplate.,Serial Mismatch,1,0,1,1,0,1,0,0,0,0,Invalid Claim
CLM-01364,PRD-01364,Consumer Electronics,PixelCraft,NovaWatch Ultra,SN-PIX-9046216,2023-10-01,2267.19,Prime Retail Express,INV-2025-53476,2023-10-01,2026-09-15,36,1085,0,1,2026-09-18,Motherboard failure,Fault occurred near warranty expiration boundary. Customer requests grace period evaluation.,Borderline Lifecycle,1,1,1,1,0,0,1,1,0,0,Manual Review
CLM-00923,PRD-00923,Industrial & Automotive Tools,TitanPower,IronGrind 9-inch Industrial,SN-TIT-1941446,2026-03-31,884.57,National Appliance Depot,INV-2026-58424,2026-03-31,2029-03-15,36,173,907,0,2026-09-10,Hydraulic pressure seal failure,Unit previously opened and tampered with at non-authorized workshop (Local QuickFix Electronics).,Tampering,1,1,1,1,1,0,1,2,1,0,Invalid Claim
CLM-00598,PRD-00598,Industrial & Automotive Tools,IronForge,IronForge TwinPiston 100L,SN-IRO-4384010,2025-02-19,157.56,Electronics Hub Metro,INV-2025-18384,2025-02-19,2028-02-04,36,578,502,0,2026-09-08,Use of non-spec hydraulic oil,Physical inspection reveals clear Use of non-spec hydraulic oil violating warranty coverage terms.,Customer Induced Damage,1,1,1,1,0,0,1,0,0,0,Invalid Claim
CLM-01297,PRD-01297,Home Appliances,FrostGuard,AeroBreeze Inverter 1.5T,SN-FRO-5921048,2025-06-17,1771.81,Industrial Supply Direct,INV-2026-45910,2025-06-17,2028-06-01,36,460,620,0,2026-09-18,Thermostat failure,Diagnostic report inconclusive regarding whether component failure was thermal surge or defect.,Ambiguous Diagnostic,1,1,1,1,1,0,1,2,0,0,Manual Review
CLM-00752,PRD-00752,Consumer Electronics,PixelCraft,VividTab 11 Max,SN-PIX-9852408,2025-08-03,1381.03,National Appliance Depot,INV-2025-69509,2025-08-03,2026-07-29,12,413,0,0,2026-09-08,Battery failure to charge,Failure: Battery failure to charge. Note: product warranty expired 53 days ago.,Hardware Wear,1,1,1,1,0,0,1,1,0,0,Invalid Claim
CLM-00186,PRD-00186,Consumer Electronics,VividDisplay,NovaWatch Ultra,SN-VIV-9212178,2024-12-28,1412.74,Official Brand Store,INV-2025-88246,2024-12-28,2026-12-18,24,631,89,0,2026-09-15,Battery failure to charge,Reported genuine hardware failure: Battery failure to charge under regular domestic usage.,Hardware Defect,1,1,1,1,0,0,1,0,0,0,Valid Claim
CLM-00882,PRD-00882,Industrial & Automotive Tools,MegaWrench,MegaWash Pro 2500PSI,SN-MEG-8633454,2025-05-07,649.12,Industrial Supply Direct,INV-2025-15222,2025-05-07,2027-04-27,24,501,219,0,2026-09-13,Armature burning,Device submitted does not match registered unit. Serial on invoice differs from backplate.,Serial Mismatch,1,0,1,1,0,1,0,0,0,0,Invalid Claim
CLM-00659,PRD-00659,Industrial & Automotive Tools,TorqueMaster,TorqueGrinder 1500W,SN-TOR-8364526,2025-03-06,1283.18,Industrial Supply Direct,INV-2026-47594,2025-03-06,2028-02-19,36,563,517,0,2026-09-15,Gearbox seizure,Device submitted does not match registered unit. Serial on invoice differs from backplate.,Serial Mismatch,1,0,1,1,0,1,0,0,0,0,Invalid Claim
CLM-01116,PRD-01116,Consumer Electronics,QuantumCompute,NovaPhone 12 Pro,SN-QUA-3115770,2025-05-23,542.45,TechMegaStore Downtown,INV-2025-53611,2025-05-23,2028-05-07,36,485,595,1,2026-09-12,Screen flickering,Diagnostic report inconclusive regarding whether component failure was thermal surge or defect.,Ambiguous Diagnostic,1,1,1,1,1,0,1,2,0,0,Manual Review
CLM-00684,PRD-00684,Industrial & Automotive Tools,IronForge,TitanPressure 3000PSI Commercial,SN-IRO-2396638,2025-08-24,1237.39,Prime Retail Express,INV-2025-27512,2025-08-24,2028-08-08,36,392,688,0,2026-09-17,Armature burning,Unit previously opened and tampered with at non-authorized workshop (Joe's Unofficial Fix Shop).,Tampering,1,1,1,1,1,0,1,1,1,0,Invalid Claim
CLM-01284,PRD-01284,Consumer Electronics,ApexTech,PixelSlate 12,SN-APE-8073819,2023-12-27,1813.63,National Appliance Depot,INV-2026-59324,2023-12-27,2026-12-11,36,998,82,1,2023-12-09,Screen flickering,Discrepancy detected: Claimed fault occurrence date predates registered purchase date.,Date Inconsistency,1,1,1,1,0,0,1,0,0,1,Manual Review
CLM-00015,PRD-00015,Consumer Electronics,VividDisplay,ApexBook Air 14,SN-VIV-2833230,2026-05-20,770.91,Electronics Hub Metro,INV-2026-68800,2026-05-20,2027-05-15,12,123,237,0,2026-09-10,Speaker malfunction,Reported genuine hardware failure: Speaker malfunction under regular domestic usage.,Hardware Defect,1,1,1,1,1,0,1,0,0,0,Valid Claim
CLM-01443,PRD-01443,Industrial & Automotive Tools,IronForge,TorqueGrinder 1500W,SN-IRO-4047737,2025-12-16,605.85,Official Brand Store,INV-2026-37420,2025-12-16,2027-12-06,24,278,442,0,2026-09-14,Hydraulic pressure seal failure,Diagnostic report inconclusive regarding whether component failure was thermal surge or defect.,Ambiguous Diagnostic,1,1,1,1,1,0,1,2,0,0,Manual Review
CLM-00124,PRD-00124,Home Appliances,ThermaPure,AeroBreeze Inverter 1.5T,SN-THE-4293399,2023-10-27,1315.09,Prime Retail Express,INV-2025-26406,2023-10-27,2027-10-06,48,1059,381,1,2026-08-29,Motor burnout,Reported genuine hardware failure: Motor burnout under regular domestic usage.,Hardware Defect,1,1,1,1,0,0,1,1,0,0,Valid Claim
CLM-01268,PRD-01268,Home Appliances,ThermaPure,FrostGuard 450L Smart,SN-THE-7058607,2026-04-27,1850.95,National Appliance Depot,INV-2025-49352,2026-04-27,2028-04-16,24,146,574,0,2026-09-15,Compressor failure,Claim submitted without primary proof of purchase receipt. Customer submitted affidavit instead.,Incomplete Documentation,0,1,1,0,0,2,1,0,0,0,Manual Review
CLM-00496,PRD-00496,Home Appliances,ThermaPure,KitchenPro Grill 25L,SN-THE-1353566,2025-12-05,1331.64,Prime Retail Express,INV-2024-96798,2025-12-05,2028-11-19,36,289,791,1,2026-09-01,Drum spin malfunction,Reported genuine hardware failure: Drum spin malfunction under regular domestic usage.,Hardware Defect,1,1,1,1,0,0,1,1,0,0,Valid Claim
CLM-00724,PRD-00724,Home Appliances,FrostGuard,KitchenPro Grill 25L,SN-FRO-3949666,2025-07-27,1033.12,National Appliance Depot,INV-2024-82450,2025-07-27,2027-07-17,24,420,300,0,2026-09-14,Water pump leakage,Device submitted does not match registered unit. Serial on invoice differs from backplate.,Serial Mismatch,1,0,1,1,0,1,0,0,0,0,Invalid Claim
CLM-00429,PRD-00429,Home Appliances,ThermaPure,FrostGuard 450L Smart,SN-THE-1940437,2024-05-17,839.35,Official Brand Store,INV-2024-63150,2024-05-17,2027-05-02,36,856,224,1,2026-08-29,Water pump leakage,Reported genuine hardware failure: Water pump leakage under regular domestic usage.,Hardware Defect,1,1,1,1,0,0,1,1,0,0,Valid Claim
CLM-00503,PRD-00503,Consumer Electronics,QuantumCompute,ApexFit Chrono 3,SN-QUA-2988307,2025-07-26,715.31,Electronics Hub Metro,INV-2024-44891,2025-07-26,2027-07-16,24,421,299,0,2026-09-16,Speaker malfunction,Device submitted does not match registered unit. Serial on invoice differs from backplate.,Serial Mismatch,1,0,1,1,0,1,0,0,0,0,Invalid Claim
CLM-01164,PRD-01164,Home Appliances,ThermaPure,ThermaCold 320L,SN-THE-8732605,2023-10-05,562.42,National Appliance Depot,INV-2025-13926,2023-10-05,2026-09-19,36,1081,0,1,2026-09-19,Compressor failure,Fault occurred near warranty expiration boundary. Customer requests grace period evaluation.,Borderline Lifecycle,1,1,1,1,0,0,1,1,0,0,Manual Review
CLM-00822,PRD-00822,Consumer Electronics,VividDisplay,ApexFit Chrono 3,SN-VIV-7443587,2025-11-29,931.73,Electronics Hub Metro,INV-2024-15496,2025-11-29,2026-11-24,12,295,65,0,2026-09-14,Unresponsive touch panel,Device submitted does not match registered unit. Serial on invoice differs from backplate.,Serial Mismatch,1,0,1,1,0,1,0,0,0,0,Invalid Claim
CLM-01228,PRD-01228,Consumer Electronics,VividDisplay,QuantumPixel 8,SN-VIV-4959725,2026-06-27,818.01,TechMegaStore Downtown,INV-2024-57739,2026-06-27,2027-06-22,12,85,275,0,2026-06-12,Battery failure to charge,Discrepancy detected: Claimed fault occurrence date predates registered purchase date.,Date Inconsistency,1,1,1,1,0,0,1,0,0,1,Manual Review
CLM-01044,PRD-01044,Industrial & Automotive Tools,TorqueMaster,IronForge TwinPiston 100L,SN-TOR-9574824,2024-06-07,176.38,TechMegaStore Downtown,INV-2024-33713,2024-06-07,2028-05-17,48,835,605,1,2026-09-07,Gearbox seizure,Diagnostic report inconclusive regarding whether component failure was thermal surge or defect.,Ambiguous Diagnostic,1,1,1,1,1,0,1,2,0,0,Manual Review
CLM-00715,PRD-00715,Home Appliances,CleanCycle,FrostGuard Side-by-Side 600L,SN-CLE-8859936,2024-06-01,1326.98,Industrial Supply Direct,INV-2024-21248,2024-06-01,2026-05-22,24,841,0,0,2026-09-02,Motor burnout,Failure: Motor burnout. Note: product warranty expired 121 days ago.,Hardware Wear,1,1,1,1,0,0,1,1,0,0,Invalid Claim
CLM-01496,PRD-01496,Home Appliances,CleanCycle,ThermaWash Eco,SN-CLE-9780692,2024-07-02,466.7,Electronics Hub Metro,INV-2026-38526,2024-07-02,2027-06-17,36,810,270,1,2024-06-14,Electronic PCB failure,Discrepancy detected: Claimed fault occurrence date predates registered purchase date.,Date Inconsistency,1,1,1,1,0,0,1,0,0,1,Manual Review
CLM-00445,PRD-00445,Industrial & Automotive Tools,ApexIndustrial,TorqueMaster Brushless 18V,SN-APE-3325723,2023-02-14,1154.33,Industrial Supply Direct,INV-2024-58551,2023-02-14,2027-01-24,48,1314,126,1,2026-09-16,Chuck bearing breakdown,Reported genuine hardware failure: Chuck bearing breakdown under regular domestic usage.,Hardware Defect,1,1,1,1,0,0,1,0,0,0,Valid Claim
CLM-00162,PRD-00162,Industrial & Automotive Tools,TitanPower,TitanAir 50L Heavy Duty,SN-TIT-5375063,2025-07-16,785.31,Prime Retail Express,INV-2026-64732,2025-07-16,2029-06-25,48,431,1009,1,2026-09-08,Hydraulic pressure seal failure,Reported genuine hardware failure: Hydraulic pressure seal failure under regular domestic usage.,Hardware Defect,1,1,1,1,0,0,1,0,0,0,Valid Claim
CLM-00901,PRD-00901,Consumer Electronics,QuantumCompute,ApexFit Chrono 3,SN-QUA-2180539,2025-05-16,2000.0,National Appliance Depot,INV-2026-80430,2025-05-16,2026-05-11,12,492,0,0,2026-08-31,Bluetooth/Wi-Fi failure,Failure: Bluetooth/Wi-Fi failure. Note: product warranty expired 132 days ago.,Hardware Wear,1,1,1,1,0,0,1,0,0,0,Invalid Claim
CLM-00287,PRD-00287,Home Appliances,KitchenPro,AeroBreeze Inverter 1.5T,SN-KIT-9900294,2025-05-22,1058.77,Prime Retail Express,INV-2026-11153,2025-05-22,2027-05-12,24,486,234,0,2026-09-11,Water pump leakage,Reported genuine hardware failure: Water pump leakage under regular domestic usage.,Hardware Defect,1,1,1,1,0,0,1,1,0,0,Valid Claim
CLM-00824,PRD-00824,Home Appliances,ThermaPure,FrostGuard 450L Smart,SN-THE-3365639,2024-04-25,452.56,Prime Retail Express,INV-2026-32131,2024-04-25,2026-04-15,24,878,0,0,2026-09-09,Compressor failure,Failure: Compressor failure. Note: product warranty expired 158 days ago.,Hardware Wear,1,1,1,1,0,0,1,1,0,0,Invalid Claim
CLM-00777,PRD-00777,Industrial & Automotive Tools,TitanPower,TorqueGrinder 1500W,SN-TIT-3043656,2024-03-25,493.91,Industrial Supply Direct,INV-2024-40792,2024-03-25,2027-03-10,36,909,171,0,2026-09-17,Chuck bearing breakdown,Device submitted does not match registered unit. Serial on invoice differs from backplate.,Serial Mismatch,1,0,1,1,0,1,0,0,0,0,Invalid Claim
CLM-00422,PRD-00422,Consumer Electronics,QuantumCompute,ApexFit Chrono 3,SN-QUA-6425820,2025-09-15,790.87,TechMegaStore Downtown,INV-2025-18177,2025-09-15,2027-09-05,24,370,350,0,2026-09-17,Battery failure to charge,Reported genuine hardware failure: Battery failure to charge under regular domestic usage.,Hardware Defect,1,1,1,1,0,0,1,0,0,0,Valid Claim
CLM-01017,PRD-01017,Consumer Electronics,ApexTech,QuantumBook Ultra 15,SN-APE-7491120,2025-12-24,935.93,Prime Retail Express,INV-2024-72396,2025-12-24,2026-12-19,12,270,90,0,2026-09-14,Bluetooth/Wi-Fi failure,Claim submitted without primary proof of purchase receipt. Customer submitted affidavit instead.,Incomplete Documentation,0,1,1,0,0,2,1,0,0,0,Manual Review
CLM-01495,PRD-01495,Industrial & Automotive Tools,ApexIndustrial,IronGrind 9-inch Industrial,SN-APE-1241402,2023-10-03,1214.16,Prime Retail Express,INV-2026-49223,2023-10-03,2026-09-17,36,1083,0,0,2026-09-18,Chuck bearing breakdown,Fault occurred near warranty expiration boundary. Customer requests grace period evaluation.,Borderline Lifecycle,1,1,1,1,0,0,1,1,0,0,Manual Review
CLM-01428,PRD-01428,Home Appliances,CleanCycle,AeroBreeze Inverter 1.5T,SN-CLE-6650131,2026-08-12,1466.73,Electronics Hub Metro,INV-2024-36350,2026-08-12,2029-07-27,36,39,1041,1,2026-09-16,Compressor failure,Claim submitted without primary proof of purchase receipt. Customer submitted affidavit instead.,Incomplete Documentation,0,1,1,0,0,2,1,0,0,0,Manual Review
CLM-00703,PRD-00703,Consumer Electronics,NovaSound,NovaWatch Ultra,SN-NOV-7717637,2025-12-20,1622.8,Electronics Hub Metro,INV-2025-34077,2025-12-20,2026-12-15,12,274,86,0,2026-09-13,Bluetooth/Wi-Fi failure,Device submitted does not match registered unit. Serial on invoice differs from backplate.,Serial Mismatch,1,0,1,1,0,1,0,0,0,0,Invalid Claim
CLM-00143,PRD-00143,Consumer Electronics,QuantumCompute,NovaPad Pro 10,SN-QUA-9796605,2024-05-15,1335.0,Electronics Hub Metro,INV-2026-71344,2024-05-15,2027-04-30,36,858,222,1,2026-09-15,Battery failure to charge,Reported genuine hardware failure: Battery failure to charge under regular domestic usage.,Hardware Defect,1,1,1,1,1,0,1,0,0,0,Valid Claim
CLM-00821,PRD-00821,Industrial & Automotive Tools,IronForge,TorqueGrinder 1500W,SN-IRO-8358269,2025-10-11,352.23,Official Brand Store,INV-2026-46608,2025-10-11,2027-10-01,24,344,376,0,2026-09-03,Unlubricated operation,Physical inspection reveals clear Unlubricated operation violating warranty coverage terms.,Customer Induced Damage,1,1,1,1,0,0,1,0,0,0,Invalid Claim
CLM-00424,PRD-00424,Home Appliances,FrostGuard,AeroBreeze Inverter 1.5T,SN-FRO-2223386,2026-03-22,411.66,Official Brand Store,INV-2025-68442,2026-03-22,2028-03-11,24,182,538,0,2026-08-29,Water pump leakage,Reported genuine hardware failure: Water pump leakage under regular domestic usage.,Hardware Defect,1,1,1,1,1,0,1,0,0,0,Valid Claim
CLM-00945,PRD-00945,Consumer Electronics,ApexTech,ApexBook Pro 16,SN-APE-4990114,2025-09-03,571.34,National Appliance Depot,INV-2024-84984,2025-09-03,2027-08-24,24,382,338,0,2026-09-15,Bluetooth/Wi-Fi failure,Device submitted does not match registered unit. Serial on invoice differs from backplate.,Serial Mismatch,1,0,1,1,0,1,0,0,0,0,Invalid Claim
CLM-01464,PRD-01464,Industrial & Automotive Tools,TorqueMaster,IronForge Impact 24V,SN-TOR-7556355,2023-05-22,582.4,Official Brand Store,INV-2025-79974,2023-05-22,2027-05-01,48,1217,223,1,2023-05-14,Hydraulic pressure seal failure,Discrepancy detected: Claimed fault occurrence date predates registered purchase date.,Date Inconsistency,1,1,1,1,0,0,1,0,0,1,Manual Review
CLM-00435,PRD-00435,Industrial & Automotive Tools,TorqueMaster,IronForge Impact 24V,SN-TOR-9386722,2026-08-17,852.86,TechMegaStore Downtown,INV-2026-49478,2026-08-17,2029-08-01,36,34,1046,0,2026-09-01,Hydraulic pressure seal failure,Reported genuine hardware failure: Hydraulic pressure seal failure under regular domestic usage.,Hardware Defect,1,1,1,1,1,0,1,1,0,0,Valid Claim
CLM-00614,PRD-00614,Home Appliances,CleanCycle,ThermaCold 320L,SN-CLE-5839473,2026-01-13,1499.88,Electronics Hub Metro,INV-2026-53420,2026-01-13,2028-12-28,36,250,830,0,2026-09-01,Commercial heavy utilization,Physical inspection reveals clear Commercial heavy utilization violating warranty coverage terms.,Customer Induced Damage,1,1,1,1,0,0,1,0,0,0,Invalid Claim
CLM-00278,PRD-00278,Industrial & Automotive Tools,MegaWrench,TorqueGrinder 1500W,SN-MEG-5164755,2025-06-25,463.64,National Appliance Depot,INV-2025-69355,2025-06-25,2028-06-09,36,452,628,1,2026-08-30,Trigger switch failure,Reported genuine hardware failure: Trigger switch failure under regular domestic usage.,Hardware Defect,1,1,1,1,1,0,1,1,0,0,Valid Claim
CLM-00125,PRD-00125,Consumer Electronics,PixelCraft,QuantumPixel 8,SN-PIX-6664316,2025-01-08,2136.82,Prime Retail Express,INV-2024-13718,2025-01-08,2026-12-29,24,620,100,1,2026-09-10,Bluetooth/Wi-Fi failure,Reported genuine hardware failure: Bluetooth/Wi-Fi failure under regular domestic usage.,Hardware Defect,1,1,1,1,1,0,1,1,0,0,Valid Claim
CLM-01494,PRD-01494,Consumer Electronics,PixelCraft,ApexBook Air 14,SN-PIX-8763837,2025-02-16,1880.59,Prime Retail Express,INV-2026-96844,2025-02-16,2027-02-06,24,581,139,1,2025-02-05,Bluetooth/Wi-Fi failure,Discrepancy detected: Claimed fault occurrence date predates registered purchase date.,Date Inconsistency,1,1,1,1,0,0,1,0,0,1,Manual Review
CLM-00581,PRD-00581,Industrial & Automotive Tools,TitanPower,IronForge TwinPiston 100L,SN-TIT-6677129,2024-09-14,1225.53,National Appliance Depot,INV-2025-41476,2024-09-14,2027-08-30,36,736,344,0,2026-09-15,Trigger switch failure,Unit previously opened and tampered with at non-authorized workshop (Corner Hardware & Mobile Repairs).,Tampering,1,1,1,1,1,0,1,3,1,0,Invalid Claim
CLM-00088,PRD-00088,Consumer Electronics,NovaSound,VividTab 11 Max,SN-NOV-5584716,2026-03-28,1815.21,National Appliance Depot,INV-2025-56009,2026-03-28,2028-03-17,24,176,544,1,2026-08-31,Bluetooth/Wi-Fi failure,Reported genuine hardware failure: Bluetooth/Wi-Fi failure under regular domestic usage.,Hardware Defect,1,1,1,1,0,0,1,0,0,0,Valid Claim
CLM-00252,PRD-00252,Industrial & Automotive Tools,IronForge,TitanPressure 3000PSI Commercial,SN-IRO-6012883,2024-09-23,365.61,Prime Retail Express,INV-2024-17441,2024-09-23,2027-09-08,36,727,353,0,2026-09-14,Armature burning,Reported genuine hardware failure: Armature burning under regular domestic usage.,Hardware Defect,1,1,1,1,0,0,1,0,0,0,Valid Claim
CLM-01469,PRD-01469,Home Appliances,ThermaPure,FrostGuard Side-by-Side 600L,SN-THE-9954070,2024-09-27,343.73,National Appliance Depot,INV-2025-11294,2024-09-27,2026-09-17,24,723,0,0,2026-09-18,Compressor failure,Fault occurred near warranty expiration boundary. Customer requests grace period evaluation.,Borderline Lifecycle,1,1,1,1,0,0,1,1,0,0,Manual Review
CLM-01029,PRD-01029,Home Appliances,ThermaPure,CleanCycle FrontLoad 8kg,SN-THE-4840752,2023-10-03,1431.97,Prime Retail Express,INV-2024-42649,2023-10-03,2026-09-17,36,1083,0,0,2026-09-19,Drum spin malfunction,Fault occurred near warranty expiration boundary. Customer requests grace period evaluation.,Borderline Lifecycle,1,1,1,1,0,0,1,1,0,0,Manual Review
CLM-00207,PRD-00207,Industrial & Automotive Tools,TitanPower,IronForge TwinPiston 100L,SN-TIT-6199374,2024-12-29,239.87,Electronics Hub Metro,INV-2024-80305,2024-12-29,2027-12-14,36,630,450,0,2026-08-29,Armature burning,Reported genuine hardware failure: Armature burning under regular domestic usage.,Hardware Defect,1,1,1,1,0,0,1,0,0,0,Valid Claim
CLM-01096,PRD-01096,Industrial & Automotive Tools,MegaWrench,TorqueGrinder 1500W,SN-MEG-7839706,2024-04-01,340.93,Industrial Supply Direct,INV-2024-14773,2024-04-01,2027-03-17,36,902,178,1,2024-03-18,Armature burning,Discrepancy detected: Claimed fault occurrence date predates registered purchase date.,Date Inconsistency,1,1,1,1,0,0,1,0,0,1,Manual Review
CLM-00672,PRD-00672,Industrial & Automotive Tools,TorqueMaster,IronForge TwinPiston 100L,SN-TOR-8950602,2024-12-14,961.43,TechMegaStore Downtown,INV-2026-75841,2024-12-14,2026-12-04,24,645,75,0,2026-09-14,"Normal consumable wear (brushes, chuck teeth)","Physical inspection reveals clear Normal consumable wear (brushes, chuck teeth) violating warranty coverage terms.",Customer Induced Damage,1,1,1,1,0,0,1,0,0,0,Invalid Claim
CLM-01088,PRD-01088,Industrial & Automotive Tools,MegaWrench,TorqueMaster Brushless 18V,SN-MEG-6791229,2023-10-02,562.45,TechMegaStore Downtown,INV-2025-67185,2023-10-02,2026-09-16,36,1084,0,0,2026-09-17,Gearbox seizure,Fault occurred near warranty expiration boundary. Customer requests grace period evaluation.,Borderline Lifecycle,1,1,1,1,0,0,1,1,0,0,Manual Review
CLM-01414,PRD-01414,Consumer Electronics,VividDisplay,NovaPhone 12 Lite,SN-VIV-2847539,2026-04-13,570.48,Electronics Hub Metro,INV-2025-64201,2026-04-13,2027-04-08,12,160,200,0,2026-04-06,Battery failure to charge,Discrepancy detected: Claimed fault occurrence date predates registered purchase date.,Date Inconsistency,1,1,1,1,0,0,1,0,0,1,Manual Review
CLM-00121,PRD-00121,Consumer Electronics,QuantumCompute,NovaPhone 12 Pro,SN-QUA-1440972,2026-06-15,1029.06,Prime Retail Express,INV-2025-71263,2026-06-15,2028-06-04,24,97,623,1,2026-09-09,Speaker malfunction,Reported genuine hardware failure: Speaker malfunction under regular domestic usage.,Hardware Defect,1,1,1,1,0,0,1,1,0,0,Valid Claim
CLM-01176,PRD-01176,Consumer Electronics,QuantumCompute,ApexBook Air 14,SN-QUA-6162843,2024-09-27,1144.74,National Appliance Depot,INV-2025-77237,2024-09-27,2026-09-17,24,723,0,1,2026-09-18,Unresponsive touch panel,Fault occurred near warranty expiration boundary. Customer requests grace period evaluation.,Borderline Lifecycle,1,1,1,1,0,0,1,1,0,0,Manual Review
CLM-00087,PRD-00087,Industrial & Automotive Tools,TitanPower,IronGrind 9-inch Industrial,SN-TIT-6873938,2025-01-24,1121.18,National Appliance Depot,INV-2024-46512,2025-01-24,2027-01-14,24,604,116,0,2026-08-30,Trigger switch failure,Reported genuine hardware failure: Trigger switch failure under regular domestic usage.,Hardware Defect,1,1,1,1,0,0,1,1,0,0,Valid Claim
CLM-00874,PRD-00874,Consumer Electronics,NovaSound,NovaPhone 12 Pro,SN-NOV-8324074,2024-05-11,406.38,Electronics Hub Metro,INV-2024-99746,2024-05-11,2026-05-01,24,862,0,0,2026-09-10,Battery failure to charge,Failure: Battery failure to charge. Note: product warranty expired 142 days ago.,Hardware Wear,1,1,1,1,0,0,1,0,0,0,Invalid Claim
